t,T_true,T_meas,T_out,setpoint,heater,error,T_pred,lower,upper
0.0,18.0,18.226442669706422,5.0,21.0,1,2.7735573302935776,18.226442669706422,20.5,21.5
1.0,18.0174,18.291318776766474,5.00174532903047,21.0,1,2.7086812232335262,18.940079847366988,20.5,21.5
2.0,18.034796869065804,18.3442850602834,5.003490656731796,21.0,1,2.6557149397165993,18.87394789545267,20.5,21.5
3.0,18.052190607823338,18.3733590581889,5.005235981774836,21.0,1,2.6266409418111003,18.66409903724389,20.5,21.5
4.0,18.06958121689813,18.35970792528439,5.0069813028304475,21.0,1,2.6402920747156102,18.22319659623929,20.5,21.5
5.0,18.086968696915317,18.33077591446541,5.008726618569493,21.0,1,2.669224085534591,18.041455806275604,20.5,21.5
6.0,18.104353048499647,18.31356396039307,5.010471927662839,21.0,1,2.6864360396069316,18.14144441966966,20.5,21.5
7.0,18.12173427227548,18.313320134338838,5.012217228781357,21.0,1,2.686679865661162,18.310881873796532,20.5,21.5
8.0,18.13911236886678,18.282627621179444,5.013962520595923,21.0,1,2.7173723788205564,17.9757024895855,20.5,21.5
9.0,18.156487338897126,18.326415175287956,5.015707801777423,21.0,1,2.6735848247120444,18.764290716373075,20.5,21.5
10.0,18.173859182989702,18.437947346425936,5.017453070996748,21.0,1,2.5620526535740638,19.553269057805743,20.5,21.5
11.0,18.191227901767302,18.527238175817036,5.0191983269248,21.0,1,2.472761824182964,19.420146469728035,20.5,21.5
12.0,18.208593495852334,18.533318059853674,5.020943568232491,21.0,1,2.4666819401463265,18.594116900220047,20.5,21.5
13.0,18.22595596586681,18.62004678068423,5.022688793590745,21.0,1,2.3799532193157695,19.4873339889898,20.5,21.5
14.0,18.243315312432355,18.624106182842084,5.024434001670494,21.0,1,2.375893817157916,18.66470020442062,20.5,21.5
15.0,18.260671536170204,18.55914250799622,5.026179191142689,21.0,1,2.4408574920037793,17.909505759537588,20.5,21.5
16.0,18.278024637701197,18.44454782798499,5.02792436067829,21.0,1,2.555452172015009,17.298601027872692,20.5,21.5
17.0,18.29537461764579,18.47431837085528,5.029669508948277,21.0,1,2.525681629144721,18.772023799558163,20.5,21.5
18.0,18.312721476624052,18.51917669758832,5.0314146346236415,21.0,1,2.480823302411679,18.96775996491874,20.5,21.5
19.0,18.33006521525565,18.524661248595883,5.033159736375395,21.0,1,2.4753387514041165,18.579506758671506,20.5,21.5
20.0,18.347405834159876,18.540753383336646,5.034904812874567,21.0,1,2.4592466166633535,18.701674730744276,20.5,21.5
21.0,18.36474333395562,18.638719865061763,5.036649862792205,21.0,1,2.3612801349382373,19.618384682312925,20.5,21.5
22.0,18.382077715261385,18.623922877780608,5.038394884799379,21.0,1,2.3760771222193924,18.475953004969057,20.5,21.5
23.0,18.39940897869529,18.555082531831584,5.040139877567178,21.0,1,2.4449174681684163,17.866679072341345,20.5,21.5
24.0,18.416737124875066,18.555350524884183,5.0418848397667135,21.0,1,2.444649475115817,18.558030455410176,20.5,21.5
25.0,18.434062154418044,18.62426779743603,5.043629770069122,21.0,1,2.37573220256397,19.313440522954497,20.5,21.5
26.0,18.451384067941174,18.650068791704424,5.045374667145563,21.0,1,2.349931208295576,18.908078734388365,20.5,21.5
27.0,18.468702866061015,18.669619925863074,5.047119529667221,21.0,1,2.330380074136926,18.865131267449577,20.5,21.5
28.0,18.486018549393737,18.643126252375495,5.048864356305306,21.0,1,2.3568737476245047,18.378189517499706,20.5,21.5
29.0,18.50333111855512,18.728547351054566,5.050609145731059,21.0,1,2.2714526489454343,19.58275833784527,20.5,21.5
30.0,18.520640574160556,18.74241648966581,5.052353896615746,21.0,1,2.2575835103341895,18.88110787577826,20.5,21.5
31.0,18.537946916825046,18.735170623402723,5.054098607630664,21.0,1,2.2648293765972767,18.66271196077185,20.5,21.5
32.0,18.555250147163207,18.75739078999217,5.055843277447138,21.0,1,2.2426092100078314,18.97959245588662,20.5,21.5
33.0,18.572550265789264,18.88882843908281,5.057587904736527,21.0,1,2.111171560917189,20.203204929989237,20.5,21.5
34.0,18.589847273317055,18.838288814919444,5.059332488170221,21.0,1,2.1617111850805557,18.332892573285775,20.5,21.5
35.0,18.607141170360027,18.86493188254726,5.061077026419645,21.0,1,2.1350681174527395,19.131362558825423,20.5,21.5
36.0,18.62443195753124,18.896107994915262,5.062821518156257,21.0,1,2.103892005084738,19.207869118595276,20.5,21.5
37.0,18.641719635443366,18.969946061899833,5.064565962051549,21.0,1,2.030053938100167,19.708326731745544,20.5,21.5
38.0,18.659004204708687,19.000788906360203,5.066310356777053,21.0,1,1.999211093639797,19.309217350963902,20.5,21.5
39.0,18.6762856659391,19.02655444232719,5.068054701004335,21.0,1,1.973445557672811,19.28420980199705,20.5,21.5
40.0,18.693564019746113,19.04195434182185,5.069798993405002,21.0,1,1.9580456581781505,19.195953336768454,20.5,21.5
41.0,18.710839266740845,19.042882289469368,5.071543232650699,21.0,1,1.9571177105306319,19.052161765944554,20.5,21.5
42.0,18.728111407534026,19.087714104758145,5.073287417413113,21.0,1,1.9122858952418547,19.536032257645918,20.5,21.5
43.0,18.745380442736003,19.010914365965835,5.075031546363969,21.0,1,1.989085634034165,18.242916978042732,20.5,21.5
44.0,18.76264637295673,19.0083711966159,5.07677561817504,21.0,1,1.9916288033840992,18.982939503116558,20.5,21.5
45.0,18.779909198805775,19.037404269595008,5.078519631518137,21.0,1,1.962595730404992,19.32773499938608,20.5,21.5
46.0,18.797168920892318,19.12887231583716,5.080263585065119,21.0,1,1.8711276841628397,20.043552778258682,20.5,21.5
47.0,18.81442553982515,19.099707882839123,5.08200747748789,21.0,1,1.9002921171608769,18.80806355285875,20.5,21.5
48.0,18.831679056212685,19.19551284223669,5.0837513074583995,21.0,1,1.8044871577633117,20.15356243621234,20.5,21.5
49.0,18.848929470662934,19.240431062564724,5.085495073648644,21.0,1,1.7595689374352759,19.689613265845082,20.5,21.5
50.0,18.86617678378353,19.273837754182033,5.087238774730672,21.0,1,1.7261622458179673,19.60790467035512,20.5,21.5
51.0,18.88342099618172,19.221074361636916,5.088982409376578,21.0,1,1.7789256383630843,18.693440436185746,20.5,21.5
52.0,18.90066210846436,19.20718639044582,5.090725976258508,21.0,1,1.7928136095541802,19.06830667853486,20.5,21.5
53.0,18.917900121237917,19.160555794995005,5.09246947404866,21.0,1,1.8394442050049946,18.69424984048686,20.5,21.5
54.0,18.93513503510848,19.18056488089904,5.094212901419286,21.0,1,1.8194351191009588,19.3806557399394,20.5,21.5
55.0,18.95236685068174,19.198967420029412,5.095956257042688,21.0,1,1.8010325799705882,19.382992811333118,20.5,21.5
56.0,18.969595568563015,19.29226845594984,5.097699539591226,21.0,1,1.7077315440501586,20.225278815154137,20.5,21.5
57.0,18.986821189357222,19.306280431687377,5.099442747737315,21.0,1,1.6937195683126234,19.44640018906273,20.5,21.5
58.0,19.0040437136689,19.308901460930745,5.101185880153427,21.0,1,1.6910985390692552,19.335111753364426,20.5,21.5
59.0,19.021263142102196,19.324089854408392,5.102928935512088,21.0,1,1.6759101455916081,19.475973789184863,20.5,21.5
60.0,19.03847947526088,19.281629375774372,5.1046719124858875,21.0,1,1.7183706242256278,18.857024589434175,20.5,21.5
61.0,19.055692713748325,19.27490604713541,5.106414809747473,21.0,1,1.72509395286459,19.207672760745787,20.5,21.5
62.0,19.072902858167524,19.297000238146467,5.10815762596955,21.0,1,1.7029997618535333,19.517942148257035,20.5,21.5
63.0,19.090109909121082,19.35023169406775,5.109900359824891,21.0,1,1.6497683059322483,19.8825462532806,20.5,21.5
64.0,19.10731386721122,19.39143488729793,5.111643009986327,21.0,1,1.6085651127020704,19.80346681959971,20.5,21.5
65.0,19.124514733039778,19.444294793312316,5.113385575126755,21.0,1,1.5557052066876835,19.972893853456185,20.5,21.5
66.0,19.141712507208194,19.417797775009664,5.115128053919134,21.0,1,1.5822022249903362,19.152827591983137,20.5,21.5
67.0,19.158907190317535,19.501776360221662,5.116870445036493,21.0,1,1.4982236397783382,20.341562212341643,20.5,21.5
68.0,19.176098782968477,19.577607366623663,5.118612747151923,21.0,1,1.4223926333763366,20.33591743064368,20.5,21.5
69.0,19.193287285761315,19.585175491365256,5.120354958938587,21.0,1,1.4148245086347444,19.660856738781177,20.5,21.5
70.0,19.210472699295952,19.640706155493056,5.122097079069714,21.0,1,1.3592938445069436,20.196012796771065,20.5,21.5
71.0,19.227655024171906,19.661957561622586,5.123839106218604,21.0,1,1.338042438377414,19.87447162291788,20.5,21.5
72.0,19.244834260988316,19.636496649834548,5.125581039058627,21.0,1,1.3635033501654519,19.38188753195417,20.5,21.5
73.0,19.26201041034393,19.559192471993335,5.127322876263226,21.0,1,1.4408075280066654,18.7861506935812,20.5,21.5
74.0,19.279183472837115,19.613182913493183,5.129064616505916,21.0,1,1.3868170865068166,20.153087328491672,20.5,21.5
75.0,19.296353449065847,19.644394664312678,5.130806258460286,21.0,1,1.355605335687322,19.956512172507622,20.5,21.5
76.0,19.313520339627726,19.66348062158182,5.1325478008,21.0,1,1.3365193784181812,19.854340194273227,20.5,21.5
77.0,19.33068414511996,19.644347297879218,5.134289242198798,21.0,1,1.355652702120782,19.45301406085321,20.5,21.5
78.0,19.347844866139376,19.706266253780843,5.1360305813304965,21.0,1,1.2937337462191572,20.32545581279709,20.5,21.5
79.0,19.365002503282415,19.66933359617025,5.137771816868989,21.0,1,1.330666403829749,19.30000702006433,20.5,21.5
80.0,19.382157057145132,19.639338496071368,5.13951294748825,21.0,1,1.3606615039286325,19.339387495082534,20.5,21.5
81.0,19.3993085283232,19.66489759555582,5.141253971862334,21.0,1,1.3351024044441786,19.92048859040036,20.5,21.5
82.0,19.416456917411907,19.69619283676734,5.142994888665372,21.0,1,1.3038071632326584,20.009145248882543,20.5,21.5
83.0,19.433602225006158,19.689829266004736,5.1447356965715825,21.0,1,1.310170733995264,19.62619355837868,20.5,21.5
84.0,19.450744451700473,19.753502306232534,5.146476394255263,21.0,1,1.2464976937674663,20.39023270851051,20.5,21.5
85.0,19.467883598088985,19.775473839350514,5.1482169803907984,21.0,1,1.2245261606494857,19.99518917053032,20.5,21.5
86.0,19.485019664765446,19.798241823553543,5.149957453652656,21.0,1,1.2017581764464573,20.025921665583827,20.5,21.5
87.0,19.502152652323222,19.795399587025937,5.151697812715388,21.0,1,1.204600412974063,19.76697722174988,20.5,21.5
88.0,19.5192825613553,19.801756506326047,5.153438056253638,21.0,1,1.198243493673953,19.865325699327148,20.5,21.5
89.0,19.53640939245428,19.83103327426829,5.155178182942132,21.0,1,1.1689667257317105,20.123800953690715,20.5,21.5
90.0,19.55353314621238,19.88644969556226,5.15691819145569,21.0,1,1.1135503044377408,20.440613908501955,20.5,21.5
91.0,19.57065382322143,19.978259610952453,5.158658080469219,21.0,1,1.0217403890475474,20.896358764854387,20.5,21.5
92.0,19.58777142407288,20.026178709307477,5.160397848657718,21.0,1,0.9738212906925234,20.505369692857716,20.5,21.5
93.0,19.604885949357797,20.028500595045696,5.162137494696277,21.0,1,0.9714994049543044,20.051719452427886,20.5,21.5
94.0,19.621997399666864,19.967827313069286,5.163877017260082,21.0,1,1.0321726869307142,19.36109449330519,20.5,21.5
95.0,19.639105775590384,19.969609162156658,5.165616415024409,21.0,1,1.030390837843342,19.98742765303038,20.5,21.5
96.0,19.65621107771827,19.89117456645071,5.167355686664631,21.0,1,1.1088254335492884,19.106828609391247,20.5,21.5
97.0,19.67331330664006,19.925474202090232,5.169094830856218,21.0,1,1.074525797909768,20.268470558485436,20.5,21.5
98.0,19.690412462944906,20.006589293097765,5.170833846274735,21.0,1,0.9934107069022353,20.81774020317309,20.5,21.5
99.0,19.707508547221572,20.062134702232775,5.172572731595847,21.0,1,0.9378652977672246,20.617588793582883,20.5,21.5
100.0,19.724601560058446,20.0296949678264,5.174311485495316,21.0,1,0.9703050321735986,19.70529762376266,20.5,21.5
101.0,19.741691502043533,20.078410507178326,5.176050106649007,21.0,1,0.9215894928216741,20.56556590069757,20.5,21.5
102.0,19.758778373764454,20.038279338308236,5.177788593732883,21.0,1,0.9617206616917642,19.636967649607335,20.5,21.5
103.0,19.77586217580845,20.00490606699774,5.179526945423011,21.0,1,0.9950939330022592,19.67117335389279,20.5,21.5
104.0,19.79294290876237,20.08327110892846,5.181265160395561,21.0,1,0.9167288910715392,20.86692152823566,20.5,21.5
105.0,19.810020573212697,20.13895995122039,5.183003237326805,21.0,1,0.8610400487796106,20.695848374139675,20.5,21.5
106.0,19.82709516974552,20.044027539879554,5.184741174893123,21.0,1,0.9559724601204458,19.094703426471202,20.5,21.5
107.0,19.844166698946548,20.203745738198243,5.186478971771001,21.0,0,0.7962542618017565,21.800927721385136,20.5,21.5
108.0,19.841235161401112,20.24266717541503,5.188216626637028,21.0,0,0.7573328245849709,20.631881547582886,20.5,21.5
109.0,19.83830455769416,20.214617431350113,5.189954138167908,21.0,1,0.7853825686498865,19.934119990700957,20.5,21.5
110.0,19.855374887610253,20.176485284449093,5.191691505040448,21.0,1,0.8235147155509068,19.79516381543889,20.5,21.5
111.0,19.87244215093374,20.224145066977915,5.193428725931568,21.0,1,0.7758549330220852,20.70074289226613,20.5,21.5
112.0,19.88950634824874,20.069770726318534,5.195165799518299,21.0,1,0.9302292736814657,18.52602731972473,20.5,21.5
113.0,19.906567480138996,20.05515316426216,5.196902724477783,21.0,1,0.9448468357378417,19.9089775436984,20.5,21.5
114.0,19.923625547187864,20.105255978319978,5.198639499487278,21.0,1,0.8947440216800224,20.60628411889817,20.5,21.5
115.0,19.940680549978325,20.115134037089156,5.200376123224153,21.0,1,0.884865962910844,20.21391462478094,20.5,21.5
116.0,19.957732489092972,20.140420193983104,5.202112594365893,21.0,1,0.859579806016896,20.393281762922584,20.5,21.5
117.0,19.974781365114026,20.257600283241306,5.2038489115901,21.0,1,0.742399716758694,21.429401175823326,20.5,21.5
118.0,19.99182717862332,20.17891990424253,5.205585073574493,21.0,1,0.8210800957574698,19.392116114254772,20.5,21.5
119.0,20.008869930202312,20.10172159844465,5.207321078996911,21.0,1,0.8982784015553484,19.329738540465865,20.5,21.5
120.0,20.02590962043207,20.14886653132825,5.209056926535307,21.0,1,0.8511334686717511,20.620315860164222,20.5,21.5
121.0,20.04294624989329,20.159914075265213,5.21079261486776,21.0,1,0.8400859247347867,20.270389514634857,20.5,21.5
122.0,20.059979819166287,20.044106195564016,5.212528142672467,21.0,1,0.9558938044359842,18.88602739855204,20.5,21.5
123.0,20.077010328830987,20.22236721237936,5.214263508627747,21.0,0,0.7776327876206395,22.004977380532807,20.5,21.5
124.0,20.074037779466945,20.31084004816289,5.215998711412046,21.0,0,0.6891599518371088,21.1955684059982,20.5,21.5
125.0,20.071066171653335,20.317802938090715,5.217733749703929,21.0,1,0.6821970619092852,20.38743183736895,20.5,21.5
126.0,20.088095505168944,20.383226177348213,5.219468622182091,21.0,1,0.6167738226517869,21.037458569923196,20.5,21.5
127.0,20.105121779792345,20.518510100667093,5.221203327525349,21.0,0,0.48148989933290665,21.871349333855896,20.5,21.5
128.0,20.10214499610189,20.365768930202297,5.222937864412651,21.0,1,0.6342310697977034,18.83835722555433,20.5,21.5
129.0,20.119169154675554,20.361975743233717,5.224672231523071,21.0,1,0.6380242567662826,20.324043873547925,20.5,21.5
130.0,20.136190255290924,20.34677793907209,5.226406427535814,21.0,1,0.6532220609279094,20.194799897455823,20.5,21.5
131.0,20.15320829852537,20.284557322279237,5.228140451130212,21.0,1,0.7154426777207625,19.662351154350706,20.5,21.5
132.0,20.170223284955892,20.203675173130176,5.229874300985733,21.0,1,0.7963248268698244,19.394853681639557,20.5,21.5
133.0,20.1872352151591,20.31263000525979,5.231607975781974,21.0,1,0.6873699947402088,21.402178326555948,20.5,21.5
134.0,20.204244089711224,20.299800868462683,5.233341474198666,21.0,1,0.7001991315373175,20.171509500491595,20.5,21.5
135.0,20.22124990918812,20.36204844602691,5.2350747949156755,21.0,1,0.6379515539730889,20.984524221669197,20.5,21.5
136.0,20.238252674165267,20.40718942584784,5.236807936613002,21.0,1,0.5928105741521605,20.858599224057123,20.5,21.5
137.0,20.255252385217755,20.463288321575256,5.2385408979707835,21.0,1,0.5367116784247443,21.024277278849418,20.5,21.5
138.0,20.272249042920304,20.51234398625586,5.240273677669294,21.0,1,0.48765601374413947,21.00290063306191,20.5,21.5
139.0,20.289242647847253,20.531369455262176,5.242006274388947,21.0,1,0.46863054473782384,20.721624145325332,20.5,21.5
140.0,20.30623320057256,20.541759238414993,5.243738686810295,21.0,1,0.4582407615850066,20.645657069943166,20.5,21.5
141.0,20.323220701669808,20.52380102581194,5.24547091361403,21.0,1,0.47619897418805834,20.344218899781424,20.5,21.5
142.0,20.340205151712198,20.54192842965734,5.247202953480985,21.0,1,0.45807157034266055,20.723202468111317,20.5,21.5
143.0,20.35718655127255,20.576752131276017,5.248934805092138,21.0,1,0.42324786872398334,20.92498914746279,20.5,21.5
144.0,20.374164900923315,20.521189187279155,5.2506664671286085,21.0,1,0.4788108127208446,19.965559747310543,20.5,21.5
145.0,20.391140201236556,20.49487881710281,5.25239793827166,21.0,1,0.5051211828971915,20.23177511533934,20.5,21.5
146.0,20.408112452783964,20.602652821461565,5.254129217202701,21.0,0,0.3973471785384355,21.680392865049125,20.5,21.5
147.0,20.405081656136847,20.66278683956117,5.255860302603288,21.0,0,0.33721316043882865,21.26412702055724,20.5,21.5
148.0,20.40205181186614,20.679614348968997,5.257591193155125,21.0,0,0.32038565103100325,20.84788944304725,20.5,21.5
149.0,20.3990229197424,20.758739728532262,5.259321887540064,21.0,0,0.24126027146773765,21.54999352416492,20.5,21.5
150.0,20.39599497953596,20.822893738935374,5.261052384440103,21.0,0,0.17710626106462612,21.46443384296649,20.5,21.5
151.0,20.392967991016942,20.792881410067892,5.262782682537396,21.0,1,0.20711858993210797,20.492758121393074,20.5,21.5
152.0,20.409941953955247,20.724095352493183,5.264512780514245,21.0,1,0.27590464750681676,20.036234776746095,20.5,21.5
153.0,20.42691286812056,20.68616304946824,5.266242677053104,21.0,1,0.3138369505317584,20.306840019218825,20.5,21.5
154.0,20.443880734082345,20.707906480181354,5.267972370836584,21.0,1,0.2920935198186463,20.925340787312475,20.5,21.5
155.0,20.460845552409697,20.734312708201692,5.269701860547446,21.0,1,0.26568729179830797,20.998374988405075,20.5,21.5
156.0,20.477807323671325,20.788509595701413,5.271431144868608,21.0,1,0.211490404298587,21.330478470698623,20.5,21.5
157.0,20.494766048435565,20.900746138251996,5.273160222483147,21.0,0,0.09925386174800366,22.02311156375783,20.5,21.5
158.0,20.491721727270374,20.93018271978661,5.274889092074293,21.0,0,0.06981728021338895,21.224548535132758,20.5,21.5
159.0,20.488678360743336,20.953877619689813,5.276617752325438,21.0,0,0.04612238031018734,21.19082661872183,20.5,21.5
160.0,20.485635948621653,20.893601835937254,5.278346201920131,21.0,1,0.10639816406274605,20.290843998411667,20.5,21.5
161.0,20.502594490672312,20.809729707018256,5.280074439542083,21.0,1,0.1902702929817437,19.97100841782828,20.5,21.5
162.0,20.519549986662085,20.786317789923494,5.281802463875166,21.0,1,0.2136822100765059,20.552198618975872,20.5,21.5
163.0,20.536502437157527,20.78633745987721,5.283530273603413,21.0,1,0.2136625401227903,20.786534159414366,20.5,21.5
164.0,20.553451842724815,20.7830044693712,5.2852578674110235,21.0,1,0.21699553062880028,20.7496745643111,20.5,21.5
165.0,20.570398203929752,20.7343278049379,5.286985243982358,21.0,1,0.2656721950620984,20.24756116060492,20.5,21.5
166.0,20.587341521337763,20.821802514238392,5.288712402001947,21.0,0,0.17819748576160777,21.6965496072433,20.5,21.5
167.0,20.584281795513895,20.873534402946454,5.290439340154481,21.0,0,0.12646559705354576,21.390853290027074,20.5,21.5
168.0,20.581223027022823,20.800196886504974,5.292166057124823,21.0,1,0.199803113495026,20.06682172209017,20.5,21.5
169.0,20.598165215628843,20.826310583260145,5.293892551598003,21.0,1,0.1736894167398546,21.08744755081186,20.5,21.5
170.0,20.615104361096037,20.90437137878236,5.295618822259221,21.0,0,0.09562862121763871,21.68497933400452,20.5,21.5
171.0,20.61204046398827,20.9635973979578,5.297344867793846,21.0,0,0.03640260204220169,21.55585758971217,20.5,21.5
172.0,20.60897752486903,20.831479186267956,5.299070686887419,21.0,1,0.16852081373204442,19.51029706936953,20.5,21.5
173.0,20.62591554350143,20.888020345841362,5.300796278225654,21.0,1,0.1119796541586382,21.453431941575424,20.5,21.5
174.0,20.642850519648377,20.811665060416658,5.302521640494438,21.0,1,0.18833493958334202,20.04811220616962,20.5,21.5
175.0,20.659782453872545,20.810058355549092,5.304246772379833,21.0,1,0.1899416444509079,20.793991306873433,20.5,21.5
176.0,20.676711346736248,20.799612474491326,5.305971672568076,21.0,1,0.200387525508674,20.695153663913665,20.5,21.5
177.0,20.693637198801415,20.90154901336542,5.30769633974558,21.0,0,0.09845098663458174,21.92091440210634,20.5,21.5
178.0,20.690560010629603,20.993091849215535,5.309420772598936,21.0,0,0.00690815078446505,21.908520207716702,20.5,21.5
179.0,20.687483782781996,21.129736449907863,5.311144969814913,21.0,0,-0.12973644990786326,22.496182456831146,20.5,21.5
180.0,20.684408515019403,21.173667728410344,5.3128689300804615,21.0,0,-0.1736677284103436,21.612980513435147,20.5,21.5
181.0,20.681334207102413,21.108582063245855,5.314592652082709,21.0,1,-0.10858206324585495,20.45772541160097,20.5,21.5
182.0,20.69826085879141,21.087842948823365,5.316316134508967,21.0,1,-0.08784294882336496,20.880451804598465,20.5,21.5
183.0,20.715184469846555,21.00266545218843,5.318039376046729,21.0,1,-0.002665452188431061,20.150890485839092,20.5,21.5
184.0,20.732105040827797,20.95936201329262,5.31976237538367,21.0,1,0.040637986707380946,20.5263276243345,20.5,21.5
185.0,20.74902257229471,21.0252401229642,5.321485131207652,21.0,0,-0.025240122964198974,21.684021219679998,20.5,21.5
186.0,20.74593706480649,21.1125641143883,5.3232076422067225,21.0,0,-0.11256411438829872,21.985804028629296,20.5,21.5
187.0,20.74285251892197,21.09547319240117,5.324929907069113,21.0,0,-0.09547319240116892,20.92456397252987,20.5,21.5
188.0,20.7397689343996,21.010910575847728,5.326651924483245,21.0,1,-0.0109105758477277,20.165284410313316,20.5,21.5
189.0,20.756686310997615,20.99012170260615,5.328373693137726,21.0,1,0.009878297393850488,20.782232970190368,20.5,21.5
190.0,20.773600648474044,20.855494742503478,5.330095211721355,21.0,1,0.14450525749652243,19.509225141476758,20.5,21.5
191.0,20.790511947386694,20.80846526969244,5.3318164789231215,21.0,1,0.1915347303075592,20.338170541582073,20.5,21.5
192.0,20.807420208293003,20.79771301721619,5.333537493432204,21.0,1,0.20228698278381074,20.690190492453674,20.5,21.5
193.0,20.82432543175003,20.98591107972,5.335258253937977,21.0,0,0.014088920279998973,22.86789170475812,20.5,21.5
194.0,20.821227618314467,20.943993743138634,5.336978759130005,21.0,0,0.056006256861365955,20.524820377324964,20.5,21.5
195.0,20.81813076854263,21.042073701914347,5.338699007698049,21.0,0,-0.04207370191434734,22.02287328967148,20.5,21.5
196.0,20.81503488219046,20.9984554981394,5.340418998332065,21.0,0,0.0015445018606001781,20.562273460389925,20.5,21.5
197.0,20.81193995901369,21.000656407965323,5.342138729722205,21.0,0,-0.0006564079653230692,21.022665506224556,20.5,21.5
198.0,20.80884599876783,21.062017244525986,5.343858200558819,21.0,0,-0.062017244525986115,21.675625610132617,20.5,21.5
199.0,20.80575300120819,21.12775095769763,5.3455774095324555,21.0,0,-0.12775095769762856,21.785088089414053,20.5,21.5
200.0,20.802660966089853,21.138463989183553,5.347296355333861,21.0,0,-0.13846398918355263,21.245594304042793,20.5,21.5
201.0,20.799569893167703,21.2552569740375,5.349015036653984,21.0,0,-0.2552569740375006,22.42318682257698,20.5,21.5
202.0,20.7964797821964,21.330786969425176,5.350733452183974,21.0,0,-0.3307869694251764,22.086086923301934,20.5,21.5
203.0,20.793390632930397,21.25270589821527,5.352451600615184,21.0,1,-0.2527058982152717,20.471895186116225,20.5,21.5
204.0,20.810302445123934,21.2122418882867,5.354169480639166,21.0,1,-0.21224188828670165,20.807601789001,20.5,21.5
205.0,20.827211218531037,21.17074264299161,5.355887090947683,21.0,1,-0.17074264299160902,20.755750190040683,20.5,21.5
206.0,20.84411695370552,21.128174390699545,5.3576044302326995,21.0,1,-0.12817439069954517,20.702491867778907,20.5,21.5
207.0,20.861019651200824,21.06762695565513,5.359321497186385,21.0,1,-0.067626955655129,20.462152605210967,20.5,21.5
208.0,20.87791931157002,21.047830012815584,5.36103829050112,21.0,1,-0.04783001281558441,20.84986058442014,20.5,21.5
209.0,20.89481593536581,21.07892743528503,5.362754808869491,21.0,1,-0.07892743528503132,21.3899016599795,20.5,21.5
210.0,20.91170952314051,21.131422280078006,5.364471050984295,21.0,0,-0.13142228007800583,21.65637072800775,20.5,21.5
211.0,20.908600075446078,21.13639505649878,5.3661870155385385,21.0,0,-0.13639505649878103,21.186122820706533,20.5,21.5
212.0,20.905491592834096,21.235662932871115,5.36790270122544,21.0,0,-0.23566293287111506,22.228341696594455,20.5,21.5
213.0,20.902384075055775,21.20089843627907,5.3696181067384305,21.0,0,-0.20089843627906845,20.853253470358602,20.5,21.5
214.0,20.89927752186211,21.19619495788759,5.371333230771154,21.0,0,-0.19619495788759167,21.149160173972824,20.5,21.5
215.0,20.89617193300389,21.153240897796632,5.373048072017469,21.0,0,-0.15324089779663197,20.723700296887035,20.5,21.5
216.0,20.893067308231693,21.180053921669632,5.37476262917145,21.0,0,-0.1800539216696322,21.448184160399634,20.5,21.5
217.0,20.889963647295883,21.160151747029357,5.3764769009273845,21.0,0,-0.16015174702935653,20.9611300006266,20.5,21.5
218.0,20.88686094994661,21.17789471990538,5.378190885979783,21.0,0,-0.17789471990538175,21.355324448665634,20.5,21.5
219.0,20.883759215933814,21.19046743808313,5.379904583023369,21.0,0,-0.19046743808312883,21.3161946198606,20.5,21.5
220.0,20.88065844500723,21.194074165183387,5.38161799075309,21.0,0,-0.1940741651833875,21.230141436185974,20.5,21.5
221.0,20.87755863691638,21.127816492283227,5.383331107864109,21.0,1,-0.12781649228322678,20.46523976328162,20.5,21.5
222.0,20.89445979141057,21.070530405727908,5.385043933051815,21.0,1,-0.07053040572790792,20.49766954017472,20.5,21.5
223.0,20.911357908238898,21.051568221433943,5.386756465011816,21.0,1,-0.051568221433942796,20.86194637849429,20.5,21.5
224.0,20.928252987950252,21.1367773734409,5.388468702439944,21.0,0,-0.1367773734408999,21.98886889351047,20.5,21.5
225.0,20.925145031093148,21.16858934686229,5.390180644032257,21.0,0,-0.16858934686229077,21.4867090810762,20.5,21.5
226.0,20.922038038215735,21.151023153321553,5.391892288485035,21.0,0,-0.15102315332155314,20.975361217914177,20.5,21.5
227.0,20.918932009065788,21.17448434865106,5.393603634494789,21.0,0,-0.17448434865105966,21.409096301946125,20.5,21.5
228.0,20.915826943390872,21.181831005678188,5.395314680758252,21.0,0,-0.18183100567818755,21.255297575949466,20.5,21.5
229.0,20.912722840938347,21.162581324884,5.39702542597239,21.0,0,-0.16258132488399824,20.970084516942105,20.5,21.5
230.0,20.909619701455355,21.20268989482445,5.398735868834394,21.0,0,-0.20268989482444866,21.603775594228953,20.5,21.5
231.0,20.90651752468883,21.248369905943644,5.40044600804169,21.0,0,-0.24836990594364394,21.705170017135597,20.5,21.5
232.0,20.903416310385502,21.27260440471541,5.402155842291929,21.0,0,-0.27260440471540903,21.51494939243306,20.5,21.5
233.0,20.900316058291885,21.310550438468756,5.403865370283001,21.0,0,-0.31055043846875563,21.69001077600222,20.5,21.5
234.0,20.897216768154284,21.33846334128321,5.405574590713025,21.0,0,-0.33846334128320876,21.61759236942774,20.5,21.5
235.0,20.894118439718795,21.212586142676457,5.407283502280355,21.0,1,-0.21258614267645726,19.953814156608942,20.5,21.5
236.0,20.91102107273131,21.234307363381113,5.40899210368358,21.0,1,-0.23430736338111302,21.45151957042767,20.5,21.5
237.0,20.9279206669375,21.199454801322563,5.410700393621528,21.0,1,-0.1994548013225632,20.850929180737065,20.5,21.5
238.0,20.944817222882836,21.249645957912275,5.412408370793259,21.0,0,-0.24964595791227495,21.751557523809392,20.5,21.5
239.0,20.94171074111242,21.156482303861008,5.414116033898076,21.0,1,-0.15648230386100792,20.224845763348338,20.5,21.5
240.0,20.958605222170977,21.15350538220985,5.415823381635518,21.0,1,-0.15350538220985044,21.123736165698276,20.5,21.5
241.0,20.97549666580287,21.134479098742528,5.417530412705367,21.0,1,-0.13447909874252773,20.9442162640693,20.5,21.5
242.0,20.99238507255225,21.191597325252744,5.419237125807643,21.0,0,-0.19159732525274364,21.762779590354903,20.5,21.5
243.0,20.9892704429629,21.16158152939765,5.420943519642611,21.0,0,-0.16158152939765102,20.861423570846725,20.5,21.5
244.0,20.986156777578238,21.167771410762974,5.422649592910777,21.0,0,-0.16777141076297397,21.229670224416203,20.5,21.5
245.0,20.983044076141304,21.237564661149396,5.424355344312892,21.0,0,-0.23756466114939556,21.93549716501361,20.5,21.5
246.0,20.97993233839494,21.263345070274863,5.4260607725499534,21.0,0,-0.26334507027486254,21.521149161529532,20.5,21.5
247.0,20.97682156408177,21.202522016577877,5.4277658763232015,21.0,0,-0.20252201657787694,20.59429147960802,20.5,21.5
248.0,20.97371175294422,21.156493304091413,5.429470654334127,21.0,0,-0.1564933040914127,20.69620617922677,20.5,21.5
249.0,20.970602904724498,21.228207710948304,5.431175105284466,21.0,0,-0.22820771094830405,21.945351779517217,20.5,21.5
250.0,20.96749501916461,21.20739913155533,5.432879227876206,21.0,0,-0.20739913155533074,20.999313337625598,20.5,21.5
251.0,20.964388096006353,21.150578210221077,5.434583020811583,21.0,0,-0.1505782102210773,20.582368996878543,20.5,21.5
252.0,20.961282134991315,21.14120814797214,5.4362864827930855,21.0,0,-0.1412081479721401,21.047507525482768,20.5,21.5
253.0,20.958177135860875,21.180182625570737,5.4379896125234515,21.0,0,-0.18018262557073683,21.569927401556704,20.5,21.5
254.0,20.95507309835621,21.128399640779666,5.439692408705675,21.0,0,-0.1283996407796657,20.610569792868954,20.5,21.5
255.0,20.95197002221828,21.137004581793196,5.441394870043002,21.0,0,-0.13700458179319597,21.2230539919285,20.5,21.5
256.0,20.948867907187847,21.090383103072202,5.4430969952389345,21.0,0,-0.09038310307220243,20.624168315862267,20.5,21.5
257.0,20.945766753005458,21.167268007201248,5.44479878299723,21.0,0,-0.16726800720124757,21.9361170484917,20.5,21.5
258.0,20.942666559411457,21.228030257969845,5.4465002320219025,21.0,0,-0.228030257969845,21.83565276565582,20.5,21.5
259.0,20.93956732614598,21.21533931015119,5.448201341017225,21.0,0,-0.21533931015119023,21.088429831964643,20.5,21.5
260.0,20.936469052948954,21.215809028907664,5.44990210868773,21.0,0,-0.21580902890766396,21.2205062164724,20.5,21.5
261.0,20.9333717395601,21.29582379196672,5.451602533738208,21.0,0,-0.2958237919667184,22.095971422557263,20.5,21.5
262.0,20.930275385718936,21.25233217217573,5.45330261487371,21.0,0,-0.25233217217573056,20.817415974265852,20.5,21.5
263.0,20.927179991164767,21.189320761803117,5.455002350799552,21.0,0,-0.18932076180311697,20.55920665807698,20.5,21.5
264.0,20.924085555636694,21.208081626296405,5.456701740221312,21.0,0,-0.20808162629640492,21.395690271229284,20.5,21.5
265.0,20.92099207887361,21.179987304648215,5.458400781844828,21.0,0,-0.17998730464821477,20.899044088166313,20.5,21.5
266.0,20.917899560614202,21.223080338386715,5.460099474376209,21.0,0,-0.22308033838671548,21.654010675771723,20.5,21.5
267.0,20.914808000596956,21.213135921067938,5.461797816521825,21.0,0,-0.21313592106793777,21.11369174788016,20.5,21.5
268.0,20.911717398560143,21.18444643102121,5.463495806988314,21.0,0,-0.18444643102121105,20.897551530553944,20.5,21.5
269.0,20.908627754241827,21.20903673345193,5.465193444482585,21.0,0,-0.2090367334519314,21.454939757759135,20.5,21.5
270.0,20.905539067379877,21.190003219833777,5.466890727711811,21.0,0,-0.19000321983377688,20.99966808365223,20.5,21.5
271.0,20.902451337711945,21.125439946978172,5.468587655383438,21.0,1,-0.1254399469781724,20.479807218422128,20.5,21.5
272.0,20.919364564975478,21.151498082146695,5.47028422620518,21.0,1,-0.1514980821466949,21.41207943383192,20.5,21.5
273.0,20.936274748907724,21.11608040384567,5.471980438885026,21.0,1,-0.11608040384567175,20.76190362083544,20.5,21.5
274.0,20.95318189004572,21.06987888511074,5.473676292131238,21.0,1,-0.06987888511073947,20.607863697761417,20.5,21.5
275.0,20.970085988926137,21.124151853618773,5.475371784652346,21.0,0,-0.12415185361877334,21.666881538699112,20.5,21.5
276.0,20.966987046085283,21.187620223155,5.477066915157161,21.0,0,-0.18762022315500104,21.822303918517278,20.5,21.5
277.0,20.963889062059096,21.235139076756223,5.478761682354769,21.0,0,-0.23513907675622292,21.71032761276844,20.5,21.5
278.0,20.960792036583154,21.30906765531245,5.480456084954527,21.0,0,-0.3090676553124503,22.048353440874724,20.5,21.5
279.0,20.957695969392827,21.30761773085582,5.482150121666077,21.0,0,-0.3076177308558208,21.293118486289526,20.5,21.5
280.0,20.95460086022328,21.395841722515307,5.483843791199336,21.0,0,-0.395841722515307,22.27808163911017,20.5,21.5
281.0,20.951506708809475,21.31698485822985,5.485537092264499,21.0,0,-0.31698485822985134,20.528416215375294,20.5,21.5
282.0,20.948413514886166,21.22522680488523,5.487230023572045,21.0,1,-0.2252268048852315,20.307646271439033,20.5,21.5
283.0,20.965321278187904,21.235068375046914,5.488922583832733,21.0,1,-0.23506837504691447,21.333484076663744,20.5,21.5
284.0,20.98222599844903,21.26627622010542,5.490614771757605,21.0,0,-0.2662762201054214,21.57835467069049,20.5,21.5
285.0,20.979127676203692,21.183952677270383,5.492306586057986,21.0,1,-0.18395267727038345,20.360717248920004,20.5,21.5
286.0,20.996030311985663,21.207770851284558,5.493998025445486,21.0,1,-0.20777085128455752,21.4459525914263,20.5,21.5
287.0,21.012929905528356,21.306263266635234,5.495689088632,21.0,0,-0.3062632666352343,22.291187420142002,20.5,21.5
288.0,21.009826457364976,21.341494537949593,5.497379774329709,21.0,0,-0.3414945379495933,21.693807251093183,20.5,21.5
289.0,21.006723968028368,21.36741450729226,5.499070081251085,21.0,0,-0.3674145072922599,21.626614200718926,20.5,21.5
290.0,21.00362243725101,21.411587106771997,5.500760008108883,21.0,0,-0.4115871067719965,21.853313101569363,20.5,21.5
291.0,21.000521864765183,21.46084300359317,5.502449553616151,21.0,0,-0.460843003593169,21.953401971804894,20.5,21.5
292.0,20.997422250302954,21.387895286565644,5.504138716486227,21.0,0,-0.3878952865656444,20.6584181162904,20.5,21.5
293.0,20.99432359359619,21.311487402604946,5.50582749543274,21.0,0,-0.31148740260494634,20.547408562997965,20.5,21.5
294.0,20.991225894376555,21.277201937037663,5.507515889169611,21.0,0,-0.27720193703766327,20.934347281364833,20.5,21.5
295.0,20.988129152375514,21.179681605762205,5.509203896411055,21.0,1,-0.17968160576220527,20.204478293007625,20.5,21.5
296.0,21.00503336732432,21.23329724752598,5.510891515871581,21.0,0,-0.2332972475259787,21.769453665163713,20.5,21.5
297.0,21.00193453895403,21.239517660841383,5.512578746265993,21.0,0,-0.2395176608413827,21.301721793995423,20.5,21.5
298.0,20.99883666779549,21.316672165489994,5.514265586309392,21.0,0,-0.3166721654899938,22.088217211976104,20.5,21.5
299.0,20.995739753579194,21.32081868681714,5.515952034717176,21.0,0,-0.320818686817141,21.362283900088613,20.5,21.5
300.0,20.99264379603542,21.43020646996959,5.5176380902050415,21.0,0,-0.43020646996959044,22.524084301494085,20.5,21.5
301.0,20.989548794894255,21.255024192837162,5.519323751488983,21.0,1,-0.25502419283716193,19.503201421512877,20.5,21.5
302.0,21.006454749885574,21.320157265388527,5.521009017285297,21.0,0,-0.3201572653885272,21.97148799090218,20.5,21.5
303.0,21.003357660739052,21.26153322421951,5.522693886310579,21.0,0,-0.26153322421950875,20.675292812529324,20.5,21.5
304.0,21.000261527984165,21.19133592223949,5.524378357281729,21.0,1,-0.1913359222394888,20.48936290243929,20.5,21.5
305.0,21.017166351350024,21.15671559766988,5.5260624289159495,21.0,1,-0.15671559766987997,20.81051235197379,20.5,21.5
306.0,21.034068130565537,21.260311530378097,5.527746099930746,21.0,0,-0.26031153037809673,22.296270857460264,20.5,21.5
307.0,21.03096686615941,21.254889295334742,5.529429369043929,21.0,0,-0.2548892953347419,21.200666944901194,20.5,21.5
308.0,21.027866558659987,21.350678038948654,5.531112234973618,21.0,0,-0.35067803894865435,22.30856547508778,20.5,21.5
309.0,21.02476720779525,21.399777762907625,5.532794696438235,21.0,0,-0.39977776290762534,21.890775002497335,20.5,21.5
310.0,21.02166881329298,21.362722327049703,5.534476752156514,21.0,0,-0.36272232704970264,20.992167968470476,20.5,21.5
311.0,21.018571374880754,21.398183098028184,5.536158400847495,21.0,0,-0.3981830980281842,21.752790807813,20.5,21.5
312.0,21.015474892285948,21.342176023342187,5.537839641230532,21.0,0,-0.3421760233421871,20.782105276482216,20.5,21.5
313.0,21.012379365235738,21.250559572081507,5.539520472025284,21.0,1,-0.2505595720815066,20.3343950594747,20.5,21.5
314.0,21.029284793457094,21.25857071285933,5.5412008919517275,21.0,1,-0.2585707128593313,21.33868212063758,20.5,21.5
315.0,21.046187176676792,21.28973739038438,5.542880899730148,21.0,0,-0.2897373903843814,21.601404165634882,20.5,21.5
316.0,21.043086515421404,21.308816776596757,5.544560494081149,21.0,0,-0.3088167765967569,21.49961063872051,20.5,21.5
317.0,21.039986810217137,21.328788541750775,5.546239673725643,21.0,0,-0.3287885417507752,21.52850619329096,20.5,21.5
318.0,21.03688806078984,21.323295265916368,5.547918437384865,21.0,0,-0.3232952659163679,21.268362507572295,20.5,21.5
319.0,21.033790266865157,21.374592802656924,5.549596783780361,21.0,0,-0.37459280265692385,21.887568170062483,20.5,21.5
320.0,21.03069342816854,21.33567149185871,5.551274711633998,21.0,0,-0.3356714918587116,20.94645838387659,20.5,21.5
321.0,21.027597544425234,21.319363293690635,5.5529522196679615,21.0,0,-0.31936329369063543,21.156281312009874,20.5,21.5
322.0,21.024502615360284,21.305256679943803,5.554629306604756,21.0,0,-0.30525667994380257,21.164190542475474,20.5,21.5
323.0,21.02140864069853,21.31073766308597,5.556305971167205,21.0,0,-0.31073766308596973,21.36554749450764,20.5,21.5
324.0,21.018315620164625,21.300327055801667,5.557982212078459,21.0,0,-0.30032705580166663,21.196220982958636,20.5,21.5
325.0,21.015223553483008,21.389194760938114,5.5596580280619845,21.0,0,-0.3891947609381141,22.27787181230259,20.5,21.5
326.0,21.012132440377922,21.35905108311145,5.561333417841576,21.0,0,-0.3590510831114493,21.0576143048448,20.5,21.5
327.0,21.009042280573414,21.402540770130386,5.563008380141351,21.0,0,-0.40254077013038625,21.837437640319756,20.5,21.5
328.0,21.00595307379333,21.384119540627413,5.564682913685753,21.0,0,-0.38411954062741316,21.199907245597682,20.5,21.5
329.0,21.002864819761307,21.37553597251384,5.566357017199552,21.0,0,-0.3755359725138412,21.28970029137812,20.5,21.5
330.0,20.999777518200794,21.33273849257509,5.568030689407845,21.0,0,-0.33273849257508914,20.90476369318757,20.5,21.5
331.0,20.996691168835035,21.260198422144374,5.569703929036058,21.0,0,-0.2601984221443736,20.53479771783722,20.5,21.5
332.0,20.993605771387074,21.214517631985867,5.571376734809947,21.0,0,-0.21451763198586704,20.7577097304008,20.5,21.5
333.0,20.99052132557976,21.241674062571313,5.573049105455596,21.0,0,-0.2416740625713132,21.513238368425775,20.5,21.5
334.0,20.987437831135736,21.239778057244717,5.5747210396994245,21.0,0,-0.2397780572447168,21.220818003978753,20.5,21.5
335.0,20.98435528777745,21.28464773209263,5.5763925362681785,21.0,0,-0.2846477320926297,21.73334448057176,20.5,21.5
336.0,20.98127369522715,21.335095971948803,5.578063593888944,21.0,0,-0.33509597194880314,21.839578370510537,20.5,21.5
337.0,20.97819305320688,21.322885201698348,5.579734211289135,21.0,0,-0.3228852016983481,21.200777499193798,20.5,21.5
338.0,20.975113361438495,21.244495801430222,5.581404387196505,21.0,1,-0.24449580143022231,20.460601798748964,20.5,21.5
339.0,20.992034619643647,21.146418753618995,5.583074120339143,21.0,1,-0.14641875361899537,20.165648275506726,20.5,21.5
340.0,21.008952827543787,21.016384028667638,5.5847434094454735,21.0,1,-0.01638402866763755,19.71603677915406,20.5,21.5
341.0,21.025867985660167,20.967360945330007,5.58641225324426,21.0,1,0.03263905466999262,20.477130111953706,20.5,21.5
342.0,21.042780094513684,20.97438244957176,5.588080650464608,21.0,1,0.02561755042824032,21.044597491989283,20.5,21.5
343.0,21.059689154624873,21.081976854609156,5.589748599835957,21.0,0,-0.08197685460915594,22.15792090498312,20.5,21.5
344.0,21.056595166513915,21.161285031073266,5.591416100088093,21.0,0,-0.16128503107326608,21.954366795714368,20.5,21.5
345.0,21.05350213070063,21.223203408152354,5.593083149951142,21.0,0,-0.2232034081523544,21.842387178943238,20.5,21.5
346.0,21.050410046904478,21.27325589300283,5.5947497481555715,21.0,0,-0.2732558930028297,21.773780741507583,20.5,21.5
347.0,21.047318914844727,21.42403899517255,5.596415893432196,21.0,0,-0.4240389951725483,22.931870016869734,20.5,21.5
348.0,21.044228734240445,21.442412757236365,5.598081584512173,21.0,0,-0.4424127572363652,21.626150377874534,20.5,21.5
349.0,21.0411395048105,21.416520465245473,5.599746820127006,21.0,0,-0.4165204652454726,21.157597545336547,20.5,21.5
350.0,21.038051226273563,21.495638450032725,5.6014115990085465,21.0,0,-0.49563845003272533,22.286818297905253,20.5,21.5
351.0,21.03496389834811,21.51868049822799,5.603075919888991,21.0,0,-0.5186804982279902,21.74910098018064,20.5,21.5
352.0,21.031877520752417,21.41134024104925,5.604739781500889,21.0,1,-0.41134024104924904,20.337937669261837,20.5,21.5
353.0,21.04879209320457,21.375057026231417,5.606403182577136,21.0,1,-0.375057026231417,21.012224878053097,20.5,21.5
354.0,21.065703615422443,21.428314072552475,5.608066121850981,21.0,0,-0.42831407255247456,21.96088453576305,20.5,21.5
355.0,21.06261208792373,21.348760274083954,5.609728598056021,21.0,0,-0.34876027408395416,20.55322228939875,20.5,21.5
356.0,21.059521511225753,21.455168507764082,5.611390609926211,21.0,0,-0.4551685077640819,22.51925084456536,20.5,21.5
357.0,21.056431885045495,21.491340047168944,5.613052156195855,21.0,0,-0.49134004716894353,21.85305544121756,20.5,21.5
358.0,21.053343209099726,21.522068812309932,5.6147132355996145,21.0,0,-0.5220688123099322,21.82935646371982,20.5,21.5
359.0,21.050255483105026,21.514983362466694,5.616373846872503,21.0,0,-0.514983362466694,21.44412886403431,20.5,21.5
360.0,21.04716870677778,21.59830076000207,5.618033988749895,21.0,0,-0.5983007600020684,22.431474735355813,20.5,21.5
361.0,21.044082879834175,21.490619768999295,5.619693659967519,21.0,1,-0.49061976899929505,20.41380985897156,20.5,21.5
362.0,21.060998001990203,21.413943204275004,5.621352859261464,21.0,1,-0.41394320427500375,20.64717755703209,20.5,21.5
363.0,21.077910072961657,21.329708440217804,5.623011585368176,21.0,1,-0.32970844021780366,20.487360799645803,20.5,21.5
364.0,21.09481909326414,21.39098656214035,5.624669837024465,21.0,0,-0.3909865621403483,22.003767781365795,20.5,21.5
365.0,21.09172506341289,21.294212064993488,5.626327612967499,21.0,1,-0.29421206499348784,20.326467093524883,20.5,21.5
366.0,21.108631983922802,21.28660969545418,5.62798491193481,21.0,1,-0.2866096954541817,21.21058600006112,20.5,21.5
367.0,21.125535854508403,21.276514133518724,5.629641732664292,21.0,1,-0.2765141335187238,21.175558514164145,20.5,21.5
368.0,21.142436675684035,21.317567960556918,5.631298073894205,21.0,0,-0.31756796055691794,21.72810623093886,20.5,21.5
369.0,21.139334447963677,21.231439682217985,5.632953934363172,21.0,1,-0.23143968221798517,20.370156898828657,20.5,21.5
370.0,21.156233171860958,21.325151519284958,5.634609312810184,21.0,0,-0.3251515192849581,22.262269889954688,20.5,21.5
371.0,21.153128847089146,21.42111260558902,5.636264207974598,21.0,0,-0.42111260558901975,22.380723468629636,20.5,21.5
372.0,21.150025474161325,21.52685930709307,5.63791861859614,21.0,0,-0.5268593070930692,22.584326322133563,20.5,21.5
373.0,21.14692305279021,21.613032440047476,5.6395725434149035,21.0,0,-0.6130324400474763,22.474763769591547,20.5,21.5
374.0,21.143821582688336,21.624677586702752,5.6412259811713525,21.0,0,-0.6246775867027523,21.741129053255513,20.5,21.5
375.0,21.140721063568034,21.653276202097672,5.642878930606323,21.0,0,-0.6532762020976719,21.939262356046868,20.5,21.5
376.0,21.137621495141442,21.562217204617674,5.644531390461022,21.0,0,-0.5622172046176743,20.6516272298177,20.5,21.5
377.0,21.134522877120506,21.558827076620013,5.646183359477029,21.0,0,-0.5588270766200125,21.524925796643394,20.5,21.5
378.0,21.131425209216978,21.520713220401994,5.6478348363962985,21.0,0,-0.5207132204019942,21.13957465822181,20.5,21.5
379.0,21.128328491142415,21.57919003371972,5.649485819961159,21.0,0,-0.5791900337197191,22.16395816689697,20.5,21.5
380.0,21.125232722608178,21.57117594303019,5.651136308914314,21.0,0,-0.571175943030191,21.49103503613491,20.5,21.5
381.0,21.122137903325438,21.58166900105808,5.652786301998844,21.0,0,-0.5816690010580814,21.686599581336985,20.5,21.5
382.0,21.119044033005174,21.48259281288839,5.654435797958207,21.0,1,-0.4825928128883916,20.491830931191494,20.5,21.5
383.0,21.135951111358164,21.426763059963932,5.656084795536243,21.0,1,-0.4267630599639318,20.868465530719334,20.5,21.5
384.0,21.152855138095,21.463006560966573,5.6577332934771665,21.0,0,-0.4630065609665728,21.825441570992982,20.5,21.5
385.0,21.149756113726074,21.42739955172878,5.659381290525575,21.0,0,-0.4273995517287794,21.071329459350846,20.5,21.5
386.0,21.146658038761434,21.439480383321506,5.661028785426446,21.0,0,-0.43948038332150574,21.56028869924877,20.5,21.5
387.0,21.143560912910768,21.5152123575209,5.662675776925142,21.0,0,-0.5152123575209018,22.272532099514862,20.5,21.5
388.0,21.140464735883572,21.64183295248167,5.664322263767406,21.0,0,-0.6418329524816713,22.908038902089366,20.5,21.5
389.0,21.13736950738915,21.550508323746847,5.665968244699369,21.0,0,-0.5505083237468469,20.637262036398603,20.5,21.5
390.0,21.134275227136612,21.510532024492647,5.667613718467542,21.0,0,-0.5105320244926475,21.110769031950653,20.5,21.5
391.0,21.131181894834878,21.543563200075766,5.669258683818827,21.0,0,-0.5435632000757664,21.873874955906956,20.5,21.5
392.0,21.128089510192673,21.52354817686426,5.67090313950051,21.0,0,-0.52354817686426,21.323397944749196,20.5,21.5
393.0,21.124998072918533,21.44090831898851,5.672547084260268,21.0,0,-0.4409083189885088,20.614509740230996,20.5,21.5
394.0,21.1219075827208,21.449557617167894,5.674190516846164,21.0,0,-0.4495576171678941,21.536050598961747,20.5,21.5
395.0,21.118818039307627,21.473342405085493,5.675833436006654,21.0,0,-0.47334240508549286,21.71119028426148,20.5,21.5
396.0,21.115729442386968,21.442991595652284,5.677475840490583,21.0,0,-0.4429915956522841,21.139483501320196,20.5,21.5
397.0,21.11264179166659,21.438394325057306,5.679117729047188,21.0,0,-0.43839432505730613,21.392421619107527,20.5,21.5
398.0,21.109555086854066,21.42353562133036,5.6807591004261,21.0,0,-0.42353562133035894,21.274948584060887,20.5,21.5
399.0,21.10646932765678,21.43769831463112,5.6823999533773435,21.0,0,-0.4376983146311204,21.579325247638735,20.5,21.5
400.0,21.103384513781922,21.419511290009588,5.684040286651338,21.0,0,-0.41951129000958787,21.237641043794262,20.5,21.5
401.0,21.100300644936496,21.39089274518981,5.685680098998897,21.0,0,-0.39089274518980943,21.104707296992025,20.5,21.5
402.0,21.09721772082731,21.346335425697635,5.687319389171233,21.0,0,-0.3463354256976352,20.900762230775893,20.5,21.5
403.0,21.09413574116098,21.311994429802915,5.688958155919954,21.0,0,-0.31199442980291536,20.968584470855717,20.5,21.5
404.0,21.09105470564393,21.32136254867854,5.690596397997069,21.0,0,-0.32136254867853964,21.415043737434782,20.5,21.5
405.0,21.0879746139824,21.321440990907764,5.692234114154986,21.0,0,-0.3214409909077638,21.322225413200005,20.5,21.5
406.0,21.084895465882436,21.271413428130053,5.693871303146512,21.0,0,-0.2714134281300531,20.771137800352946,20.5,21.5
407.0,21.08181726104989,21.2988674826943,5.695507963724856,21.0,0,-0.2988674826942983,21.57340802833675,20.5,21.5
408.0,21.07873999919042,21.367983043793082,5.6971440946436305,21.0,0,-0.3679830437930818,22.059138654780917,20.5,21.5
409.0,21.075663680009512,21.325583860738913,5.69877969465685,21.0,0,-0.325583860738913,20.901592030197225,20.5,21.5
410.0,21.07258830321244,21.325722246156342,5.7004147625189345,21.0,0,-0.32572224615634227,21.327106100330635,20.5,21.5
411.0,21.069513868504302,21.323700950344495,5.702049296984709,21.0,0,-0.3237009503444952,21.303487992226025,20.5,21.5
412.0,21.06644037559,21.376215407867214,5.703683296809404,21.0,0,-0.37621540786721397,21.9013599830944,20.5,21.5
413.0,21.063367824174243,21.39803226411151,5.705316760748657,21.0,0,-0.39803226411151016,21.616200826554472,20.5,21.5
414.0,21.060296213961557,21.40969878735094,5.706949687558514,21.0,0,-0.40969878735094056,21.526364019745245,20.5,21.5
415.0,21.057225544656276,21.356071033874873,5.708582075995432,21.0,0,-0.3560710338748727,20.819793499114194,20.5,21.5
416.0,21.054155815962545,21.398155195789773,5.710213924816274,21.0,0,-0.3981551957897729,21.818996814938775,20.5,21.5
417.0,21.051087027584316,21.33302792200892,5.711845232778318,21.0,0,-0.3330279220089203,20.681755184200394,20.5,21.5
418.0,21.048019179225356,21.234591806413505,5.71347599863925,21.0,1,-0.23459180641350486,20.25023065045935,20.5,21.5
419.0,21.064952270589238,21.27355535851897,5.715106221157173,21.0,0,-0.27355535851896917,21.663190879573612,20.5,21.5
420.0,21.061882301379352,21.33123657086697,5.716735899090601,21.0,0,-0.3312365708669702,21.90804869434698,20.5,21.5
421.0,21.058813272098895,21.39327214763508,5.718365031198462,21.0,0,-0.39327214763508067,22.013627915316185,20.5,21.5
422.0,21.055745182450714,21.393184261536963,5.719993616240102,21.0,0,-0.3931842615369625,21.39230540055578,20.5,21.5
423.0,21.05267803213747,21.429913561008167,5.7216216529752835,21.0,0,-0.429913561008167,21.797206555720212,20.5,21.5
424.0,21.04961182086164,21.329921673276644,5.723249140164184,21.0,1,-0.3299216732766439,20.330002795961413,20.5,21.5
425.0,21.066546548325498,21.346751656933968,5.724876076567403,21.0,0,-0.3467516569339679,21.515051493507208,20.5,21.5
426.0,21.063478214231147,21.316714472824543,5.726502460945957,21.0,0,-0.31671447282454324,21.016342631730296,20.5,21.5
427.0,21.060410819080488,21.338167413964122,5.728128292061283,21.0,0,-0.338167413964122,21.55269682535991,20.5,21.5
428.0,21.057344362575083,21.296557024352545,5.729753568675239,21.0,0,-0.29655702435254483,20.880453128236773,20.5,21.5
429.0,21.054278844416302,21.39823552328802,5.731378289550109,21.0,0,-0.3982355232880188,22.41502051264276,20.5,21.5
430.0,21.05121426430533,21.373204277662772,5.733002453448594,21.0,0,-0.3732042776627722,21.122891821410306,20.5,21.5
431.0,21.048150621943158,21.38957028720383,5.734626059133825,21.0,0,-0.38957028720383136,21.553230382614423,20.5,21.5
432.0,21.045087917030596,21.431399283713397,5.736249105369356,21.0,0,-0.43139928371339664,21.84968924880905,20.5,21.5
433.0,21.042026149268263,21.482865846882625,5.737871590919164,21.0,0,-0.4828658468826248,21.997531478574906,20.5,21.5
434.0,21.038965318356592,21.44152615621468,5.739493514547658,21.0,0,-0.4415261562146817,21.02812924953525,20.5,21.5
435.0,21.035905423995832,21.470127736344473,5.741114875019672,21.0,0,-0.47012773634447313,21.756143537642387,20.5,21.5
436.0,21.03284646588604,21.487932326145582,5.742735671100469,21.0,0,-0.48793232614558235,21.665978224156675,20.5,21.5
437.0,21.02978844372708,21.40216719078405,5.7443559015557435,21.0,0,-0.4021671907840485,20.54451583716871,20.5,21.5
438.0,21.026731357218647,21.427189807804474,5.745975565151618,21.0,0,-0.42718980780447424,21.67741597800873,20.5,21.5
439.0,21.023675206060233,21.393150847519593,5.747594660654649,21.0,0,-0.3931508475195926,21.052761244670776,20.5,21.5
440.0,21.02061998995115,21.466203127119456,5.749213186831824,21.0,0,-0.46620312711945644,22.196725923118095,20.5,21.5
441.0,21.017565708590528,21.392738060075583,5.750831142450566,21.0,0,-0.3927380600755832,20.65808738963685,20.5,21.5
442.0,21.0145123616773,21.466977824829783,5.752448526278731,21.0,0,-0.4669778248297831,22.209375472371782,20.5,21.5
443.0,21.011459948910222,21.378925618918032,5.7540653370846115,21.0,1,-0.3789256189180321,20.498403559800522,20.5,21.5
444.0,21.028408469987856,21.466902409357466,5.7556815736369344,21.0,0,-0.4669024093574663,22.346670313751808,20.5,21.5
445.0,21.025353924608584,21.418644460926295,5.757297234704866,21.0,0,-0.4186444609262949,20.93606497661458,20.5,21.5
446.0,21.022300313270602,21.38688179287208,5.75891231905801,21.0,0,-0.3868817928720816,21.069255112329948,20.5,21.5
447.0,21.01924763567176,21.324173145743124,5.7605268254664095,21.0,0,-0.3241731457431243,20.69708667445355,20.5,21.5
448.0,21.01619589150972,21.404703032278412,5.762140752700548,21.0,0,-0.4047030322784124,22.210001897631294,20.5,21.5
449.0,21.01314508048196,21.305224634321533,5.763754099531349,21.0,1,-0.305224634321533,20.31044065475274,20.5,21.5
450.0,21.030095202285768,21.282186541331576,5.765366864730179,21.0,1,-0.2821865413315763,21.05180561143201,20.5,21.5
451.0,21.04704225661826,21.38045309476791,5.766979047068848,21.0,0,-0.38045309476790834,22.36311862913123,20.5,21.5
452.0,21.04398624397635,21.382687907405174,5.768590645319607,21.0,0,-0.3826879074051739,21.40503603377783,20.5,21.5
453.0,21.040931164856616,21.366875926772266,5.770201658255156,21.0,0,-0.3668759267722663,21.20875612044319,20.5,21.5
454.0,21.037877018955296,21.441127606388005,5.771812084648637,21.0,0,-0.4411276063880045,22.183644402545386,20.5,21.5
455.0,21.034823805968436,21.3882825062715,5.7734219232736415,21.0,0,-0.3882825062715014,20.85983150510647,20.5,21.5
456.0,21.031771525591896,21.3619562507412,5.775031172904206,21.0,0,-0.3619562507412013,21.0986936954382,20.5,21.5
457.0,21.028720177521357,21.407650518702617,5.776639832314817,21.0,0,-0.40765051870261715,21.864593198316776,20.5,21.5
458.0,21.025669761452317,21.395816519748525,5.778247900280412,21.0,0,-0.39581651974852505,21.277476530207604,20.5,21.5
459.0,21.022620277080083,21.346456331109003,5.779855375576377,21.0,0,-0.3464563311090032,20.852854444713785,20.5,21.5
460.0,21.019571724099784,21.411931723561338,5.781462256978547,21.0,0,-0.411931723561338,22.066685648084686,20.5,21.5
461.0,21.01652410220636,21.457297582642624,5.783068543263215,21.0,0,-0.45729758264262443,21.91095617345549,20.5,21.5
462.0,21.013477411094573,21.400011257298644,5.784674233207123,21.0,0,-0.40001125729864384,20.827148003858838,20.5,21.5
463.0,21.010431650458997,21.42952844624184,5.786279325587468,21.0,0,-0.4295284462418394,21.724700335673795,20.5,21.5
464.0,21.00738681999402,21.494217734908894,5.787883819181902,21.0,0,-0.49421773490889365,22.141110621579436,20.5,21.5
465.0,21.00434291939386,21.448484191699336,5.789487712768534,21.0,0,-0.44848419169933607,20.99114875960376,20.5,21.5
466.0,21.001299948352536,21.418005009353415,5.79109100512593,21.0,0,-0.4180050093534149,21.113213185894203,20.5,21.5
467.0,20.99825790656389,21.370336226171027,5.792693695033112,21.0,0,-0.3703362261710268,20.893648394347146,20.5,21.5
468.0,20.995216793721582,21.25870329812202,5.794295781269561,21.0,1,-0.2587032981220183,20.142374017631933,20.5,21.5
469.0,21.01217660951909,21.194941882232165,5.79589726261522,21.0,1,-0.1949418822321647,20.55732772333363,20.5,21.5
470.0,21.029133353649712,21.19044332970184,5.797498137850493,21.0,1,-0.1904433297018393,21.145457804398585,20.5,21.5
471.0,21.046087026606553,21.187140604092086,5.79909840575624,21.0,1,-0.187140604092086,21.154113347994553,20.5,21.5
472.0,21.063037628882384,21.24982146081631,5.80069806511379,21.0,0,-0.2498214608163103,21.876630028058553,20.5,21.5
473.0,21.05998516096963,21.341608003394605,5.802297114704932,21.0,0,-0.3416080033946045,22.259473429177547,20.5,21.5
474.0,21.05693362336038,21.31301842051407,5.8038955533119205,21.0,0,-0.31301842051406936,21.027122591708718,20.5,21.5
475.0,21.05388301574637,21.283321992658763,5.805493379717475,21.0,0,-0.2833219926587631,20.9863577141057,20.5,21.5
476.0,21.050833337819164,21.312636096666488,5.80709059270478,21.0,0,-0.3126360966664876,21.605777136743733,20.5,21.5
477.0,21.04778458927014,21.35015217046017,5.80868719105749,21.0,0,-0.35015217046017,21.725312908396994,20.5,21.5
478.0,21.044736769790497,21.313933459388462,5.810283173559725,21.0,0,-0.31393345938846196,20.95174634867138,20.5,21.5
479.0,21.04168987907125,21.32583349289133,5.811878538996075,21.0,0,-0.3258334928913307,21.444833827920018,20.5,21.5
480.0,21.038643916803235,21.392218074672655,5.8134732861516,21.0,0,-0.39221807467265535,22.056063892485902,20.5,21.5
481.0,21.035598882677103,21.3887934687675,5.815067413811831,21.0,0,-0.3887934687674992,21.354547409715938,20.5,21.5
482.0,21.03255477638333,21.339954767304313,5.81666092076277,21.0,0,-0.33995476730431307,20.85156775267245,20.5,21.5
483.0,21.029511597612203,21.380372125938653,5.818253805790892,21.0,0,-0.38037212593865277,21.78454571228205,20.5,21.5
484.0,21.026469346053837,21.395365220824978,5.819846067683145,21.0,0,-0.3953652208249778,21.54529616968823,20.5,21.5
485.0,21.023428021398164,21.444304564551338,5.821437705226955,21.0,0,-0.44430456455133793,21.93369800181494,20.5,21.5
486.0,21.02038762333493,21.393557682164975,5.823028717210217,21.0,0,-0.39355768216497466,20.886088858301342,20.5,21.5
487.0,21.017348151553705,21.41818019718867,5.82461910242131,21.0,0,-0.4181801971886685,21.664405347425607,20.5,21.5
488.0,21.01430960574388,21.476213480238105,5.826208859649084,21.0,0,-0.47621348023810484,22.056546310732468,20.5,21.5
489.0,21.01127198559466,21.439957947129237,5.827797987682869,21.0,0,-0.43995794712923697,21.07740261604056,20.5,21.5
490.0,21.008235290795078,21.29657262100224,5.829386485312478,21.0,1,-0.296572621002241,19.86271935973228,20.5,21.5
491.0,21.025199521033983,21.36856752186022,5.830974351328199,21.0,0,-0.36856752186022135,22.088516530440025,20.5,21.5
492.0,21.02216067600004,21.395801417431407,5.8325615845208025,21.0,0,-0.3958014174314073,21.668140373143267,20.5,21.5
493.0,21.019122756181744,21.310657376814795,5.834148183681542,21.0,1,-0.3106573768147953,20.459216970648676,20.5,21.5
494.0,21.036085761267245,21.299115085633513,5.835734147602153,21.0,1,-0.2991150856335132,21.183692173820692,20.5,21.5
495.0,21.05304569094451,21.343348831146937,5.837319475074856,21.0,0,-0.3433488311469368,21.785686286281173,20.5,21.5
496.0,21.050002545701336,21.264018430244626,5.838904164892354,21.0,1,-0.2640184302446258,20.470714421221516,20.5,21.5
497.0,21.066960326025175,21.236503276748774,5.840488215847837,21.0,1,-0.23650327674877403,20.961351741790256,20.5,21.5
498.0,21.08391503160314,21.276516729636846,5.842071626734982,21.0,0,-0.27651672963684604,21.676651258517566,20.5,21.5
499.0,21.080866662922165,21.30395749350793,5.843654396347952,21.0,0,-0.3039574935079301,21.57836513221877,20.5,21.5
500.0,21.07781922046885,21.329235858317173,5.8452365234813985,21.0,0,-0.3292358583171726,21.582019506409598,20.5,21.5
501.0,21.07477270392945,21.354882089444743,5.846818006930464,21.0,0,-0.3548820894447431,21.611344400720448,20.5,21.5
502.0,21.07172711299005,21.375118955070498,5.84839884549078,21.0,0,-0.37511895507049786,21.577487611328046,20.5,21.5
503.0,21.06868244733655,21.339396004721742,5.8499790379584695,21.0,0,-0.3393960047217419,20.982166501234182,20.5,21.5
504.0,21.065638706654674,21.33163448827108,5.851558583130146,21.0,0,-0.33163448827108155,21.254019323764478,20.5,21.5
505.0,21.062595890629968,21.382416898877352,5.853137479802917,21.0,0,-0.3824168988773522,21.89024100494006,20.5,21.5
506.0,21.059553998947802,21.350978687783673,5.854715726774385,21.0,0,-0.35097868778367314,21.036596576846883,20.5,21.5
507.0,21.056513031293367,21.331909313560775,5.856293322842646,21.0,0,-0.33190931356077513,21.141215571331795,20.5,21.5
508.0,21.053472987351675,21.342585393524153,5.857870266806292,21.0,0,-0.3425853935241534,21.449346193157936,20.5,21.5
509.0,21.050433866807566,21.34218603041084,5.859446557464411,21.0,0,-0.34218603041083995,21.338192399277705,20.5,21.5
510.0,21.047395669345697,21.336680007246564,5.8610221936165905,21.0,0,-0.33668000724656366,21.2816197756038,20.5,21.5
511.0,21.04435839465055,21.360609772994103,5.8625971740629135,21.0,0,-0.3606097729941027,21.599907430469493,20.5,21.5
512.0,21.041322042406435,21.40281576812668,5.864171497603965,21.0,0,-0.4028157681266791,21.824875719452443,20.5,21.5
513.0,21.038286612297476,21.380705613759563,5.8657451630408275,21.0,0,-0.380705613759563,21.159604070088402,20.5,21.5
514.0,21.035252104007625,21.462650727734136,5.867318169175088,21.0,0,-0.46265072773413607,22.282101867479867,20.5,21.5
515.0,21.03221851722066,21.423480797321922,5.868890514808834,21.0,0,-0.4234807973219219,21.03178149319978,20.5,21.5
516.0,21.029185851620177,21.405785064876053,5.870462198744655,21.0,0,-0.4057850648760528,21.228827740417362,20.5,21.5
517.0,21.026154106889603,21.40494073027689,5.872033219785646,21.0,0,-0.40494073027689126,21.396497384285276,20.5,21.5
518.0,21.02312328271218,21.49278450831851,5.8736035767354045,21.0,0,-0.49278450831851117,22.37122228873471,20.5,21.5
519.0,21.020093378770987,21.407258446233076,5.875173268398037,21.0,0,-0.40725844623307594,20.551997825378724,20.5,21.5
520.0,21.017064394748914,21.310182280088377,5.876742293578155,21.0,1,-0.31018228008837667,20.339420618641384,20.5,21.5
521.0,21.03403633032868,21.29335090496572,5.878310651080877,21.0,1,-0.29335090496572036,21.125037153739157,20.5,21.5
522.0,21.051005185192828,21.26046697026606,5.87987833971183,21.0,1,-0.2604669702660587,20.931627623269442,20.5,21.5
523.0,21.067970959823732,21.20128139459984,5.881445358277152,21.0,1,-0.20128139459983885,20.60942563793764,20.5,21.5
524.0,21.084933654703423,21.27777747717814,5.88301170558349,21.0,0,-0.27777747717814094,22.042738302961162,20.5,21.5
525.0,21.0818932703136,21.333954607253435,5.884577380438002,21.0,0,-0.3339546072534354,21.89572590800638,20.5,21.5
526.0,21.078853807135626,21.359889434992148,5.88614238164836,21.0,0,-0.359889434992148,21.619237712379274,20.5,21.5
527.0,21.07581526485053,21.363708599108776,5.887706708022744,21.0,0,-0.36370859910877584,21.401900240275054,20.5,21.5
528.0,21.072777643139165,21.34660719812733,5.889270358369855,21.0,0,-0.3466071981273302,21.175593188312874,20.5,21.5
529.0,21.069740941682213,21.308000472938126,5.890833331498904,21.0,0,-0.3080004729381258,20.921933221046082,20.5,21.5
530.0,21.066705160160176,21.300602838076934,5.892395626219617,21.0,0,-0.30060283807693366,21.226626489465012,20.5,21.5
531.0,21.06367029825339,21.31954531386571,5.8939572413422425,21.0,0,-0.31954531386571006,21.508970071753474,20.5,21.5
532.0,21.060636355642007,21.261505651961873,5.895518175677539,21.0,0,-0.2615056519618726,20.681109032923498,20.5,21.5
533.0,21.057603332006014,21.32384230692907,5.89707842803679,21.0,0,-0.3238423069290697,21.94720885660104,20.5,21.5
534.0,21.05457122702522,21.31659362610739,5.898637997231793,21.0,0,-0.31659362610739095,21.244106817890604,20.5,21.5
535.0,21.051540040379262,21.438245406864226,5.90019688207487,21.0,0,-0.4382454068642261,22.654763214432577,20.5,21.5
536.0,21.0485097717476,21.475853409284177,5.9017550813788615,21.0,0,-0.4758534092841771,21.851933433483687,20.5,21.5
537.0,21.045480420809525,21.531005689445138,5.903312593957131,21.0,0,-0.5310056894451378,22.082528491054745,20.5,21.5
538.0,21.042451987244156,21.46102672514114,5.904869418623566,21.0,0,-0.4610267251411386,20.761237082101147,20.5,21.5
539.0,21.03942447073043,21.50182854369266,5.906425554192575,21.0,0,-0.5018285436926604,21.909846729207878,20.5,21.5
540.0,21.036397870947123,21.38972277173387,5.9079809994790935,21.0,1,-0.3897227717338687,20.268665052145952,20.5,21.5
541.0,21.05337218757283,21.33749466390172,5.9095357532985835,21.0,1,-0.3374946639017189,20.81521358558022,20.5,21.5
542.0,21.070343420285976,21.29938794068358,5.911089814467031,21.0,1,-0.2993879406835802,20.918320708502193,20.5,21.5
543.0,21.08731156956481,21.346685398001892,5.912643181800951,21.0,0,-0.3466853980018918,21.819659971185008,20.5,21.5
544.0,21.084276635887257,21.279524895426864,5.914195854117389,21.0,0,-0.27952489542686365,20.607919869676582,20.5,21.5
545.0,21.081242619730904,21.312031212937015,5.915747830233913,21.0,0,-0.31203121293701486,21.637094388038527,20.5,21.5
546.0,21.078209520773004,21.315504587541092,5.9172991089686295,21.0,0,-0.315504587541092,21.350238333581864,20.5,21.5
547.0,21.075177338690644,21.349280849723037,5.918849689140171,21.0,0,-0.3492808497230371,21.687043471542488,20.5,21.5
548.0,21.072146073160734,21.351882601562046,5.920399569567703,21.0,0,-0.3518826015620462,21.377900119952137,20.5,21.5
549.0,21.069115723860016,21.385225060225842,5.921948749070925,21.0,0,-0.38522506022584224,21.718649646863803,20.5,21.5
550.0,21.06608629046506,21.399804583799472,5.923497226470068,21.0,0,-0.39980458379947237,21.545599819535774,20.5,21.5
551.0,21.06305777265226,21.39995325074812,5.9250450005859,21.0,0,-0.39995325074811916,21.401439920234587,20.5,21.5
552.0,21.060030170097846,21.414429048965392,5.926592070239724,21.0,0,-0.4144290489653919,21.55918703113812,20.5,21.5
553.0,21.057003482477874,21.31200541145551,5.928138434253378,21.0,1,-0.31200541145550886,20.28776903635668,20.5,21.5
554.0,21.07397770946823,21.253997455548177,5.929684091449239,21.0,1,-0.253997455548177,20.67391789647486,20.5,21.5
555.0,21.090948850744628,21.290484479359666,5.931229040650223,21.0,0,-0.2904844793596659,21.655354717474555,20.5,21.5
556.0,21.08791690678261,21.269877548830557,5.932773280679783,21.0,0,-0.26987754883055715,21.06380824353947,20.5,21.5
557.0,21.08488587805739,21.294088107473907,5.934316810361912,21.0,0,-0.29408810747390746,21.53619369390741,20.5,21.5
558.0,21.081855764243848,21.38948232754743,5.935859628521147,21.0,0,-0.3894823275474302,22.343424528282657,20.5,21.5
559.0,21.078826565016705,21.466576177786735,5.937401733982563,21.0,0,-0.46657617778673455,22.23751468017978,20.5,21.5
560.0,21.0757982800505,21.408621360540696,5.9389431255717815,21.0,0,-0.4086213605406961,20.82907318808031,20.5,21.5
561.0,21.072770909019603,21.461348229086543,5.940483802114964,21.0,0,-0.4613482290865427,21.98861691454501,20.5,21.5
562.0,21.069744451598222,21.4363091880488,5.94202376243882,21.0,0,-0.43630918804879926,21.185918777671365,20.5,21.5
563.0,21.06671890746039,21.322733504809555,5.943563005370601,21.0,1,-0.3227335048095554,20.186976672417117,20.5,21.5
564.0,21.083694276279974,21.305614136145174,5.945101529738108,21.0,1,-0.30561413614517363,21.134420449501356,20.5,21.5
565.0,21.100666557730666,21.287320163408232,5.946639334369687,21.0,1,-0.2873201634082321,21.104380436038817,20.5,21.5
566.0,21.11763575228599,21.294141929459173,5.948176418094232,21.0,1,-0.2941419294591725,21.362359589968577,20.5,21.5
567.0,21.134601860419153,21.275033804328064,5.949712779741189,21.0,1,-0.27503380432806424,21.08395255301698,20.5,21.5
568.0,21.15156488260302,21.29272036939718,5.95124841814055,21.0,1,-0.2927203693971805,21.469586020088343,20.5,21.5
569.0,21.168524819310125,21.324110412522124,5.952783332122861,21.0,0,-0.32411041252212414,21.63801084377156,20.5,21.5
570.0,21.16548167101269,21.445686832476817,5.954317520519217,21.0,0,-0.4456868324768166,22.66145103202374,20.5,21.5
571.0,21.16243943818259,21.395662220405132,5.955850982161267,21.0,0,-0.3956622204051321,20.895416099688287,20.5,21.5
572.0,21.15939812049139,21.422186950802622,5.957383715881214,21.0,0,-0.42218695080262236,21.687434254777525,20.5,21.5
573.0,21.156357717610465,21.448557845255614,5.958915720511813,21.0,0,-0.44855784525561404,21.71226678978553,20.5,21.5
574.0,21.153318229211045,21.432820859077133,5.960446994886378,21.0,0,-0.4328208590771325,21.275450997292317,20.5,21.5
575.0,21.15027965496418,21.33153188949755,5.961977537838775,21.0,1,-0.3315318894975512,20.318642193701738,20.5,21.5
576.0,21.167241994540756,21.30485270862469,5.96350734820343,21.0,1,-0.30485270862468994,21.038060899896077,20.5,21.5
577.0,21.18420124761149,21.322932223051364,5.9650364248153265,21.0,0,-0.3229322230513638,21.503727367318103,20.5,21.5
578.0,21.181157414646933,21.408492720374042,5.966564766510005,21.0,0,-0.40849272037404205,22.264097693600824,20.5,21.5
579.0,21.178114496117306,21.433204159112684,5.968092372123566,21.0,0,-0.43320415911268384,21.6803185464991,20.5,21.5
580.0,21.175072491692507,21.48266726549547,5.969619240492674,21.0,0,-0.48266726549546846,21.977298329323315,20.5,21.5
581.0,21.17203140104227,21.642249661010375,5.9711453704545505,21.0,0,-0.642249661010375,23.23807361615944,20.5,21.5
582.0,21.16899122383615,21.67388221455645,5.972670760846981,21.0,0,-0.6738822145564498,21.9902077500172,20.5,21.5
583.0,21.165951959743552,21.605498864941666,5.974195410508315,21.0,0,-0.6054988649416657,20.921665368793825,20.5,21.5
584.0,21.162913608433705,21.648672733833934,5.9757193182774655,21.0,0,-0.6486727338339335,22.08041142275661,20.5,21.5
585.0,21.159876169575675,21.64435450777043,5.97724248299391,21.0,0,-0.64435450777043,21.601172247135395,20.5,21.5
586.0,21.15683964283836,21.55207523531009,5.978764903497693,21.0,0,-0.5520752353100917,20.62928251070671,20.5,21.5
587.0,21.15380402789049,21.50331704359842,5.980286578629424,21.0,0,-0.5033170435984218,21.015735126481722,20.5,21.5
588.0,21.15076932440064,21.525253251703063,5.981807507230282,21.0,0,-0.525253251703063,21.744615332749476,20.5,21.5
589.0,21.147735532037203,21.465106833833737,5.983327688142013,21.0,0,-0.46510683383373674,20.863642655140474,20.5,21.5
590.0,21.144702650468425,21.44586967375017,5.984847120206934,21.0,0,-0.4458696737501704,21.253498072914507,20.5,21.5
591.0,21.141670679362374,21.46456408982481,5.986365802267931,21.0,0,-0.46456408982480824,21.651508250571187,20.5,21.5
592.0,21.138639618386954,21.40148142081885,5.987883733168462,21.0,0,-0.4014814208188504,20.770654730759272,20.5,21.5
593.0,21.13560946720991,21.38673299745998,5.989400911752556,21.0,0,-0.3867329974599798,21.239248763871274,20.5,21.5
594.0,21.13258022549882,21.432321590115894,5.990917336864815,21.0,0,-0.4323215901158939,21.888207516675035,20.5,21.5
595.0,21.129551892921093,21.51029816865825,5.992433007350416,21.0,0,-0.5102981686582488,22.2900639540818,20.5,21.5
596.0,21.12652446914398,21.355866126680635,5.993947922055111,21.0,1,-0.35586612668063466,19.811545706904493,20.5,21.5
597.0,21.14349795383456,21.3557914255028,5.9954620798252245,21.0,1,-0.35579142550280096,21.355044413724464,20.5,21.5
598.0,21.16046834665976,21.360347756358628,5.99697547950766,21.0,1,-0.36034775635862815,21.4059110649169,20.5,21.5
599.0,21.177435648086327,21.334858611278595,5.9984881199499,21.0,1,-0.3348586112785945,21.079967160478258,20.5,21.5
600.0,21.1943998585807,21.255218260172377,6.0,21.0,1,-0.25521826017237714,20.458814749110203,20.5,21.5
601.0,21.211360978608983,21.379214393809285,6.001511118506599,21.0,0,-0.3792143938092849,22.619175730178362,20.5,21.5
602.0,21.208319008636963,21.496777999477054,6.003021474318914,21.0,0,-0.4967779994770538,22.672414056154743,20.5,21.5
603.0,21.2052779491301,21.550445794292866,6.004531066286745,21.0,0,-0.550445794292866,22.087123742450988,20.5,21.5
604.0,21.20223779975353,21.472768868696317,6.0060398932604695,21.0,0,-0.47276886869631696,20.695999612730827,20.5,21.5
605.0,21.19919856017223,21.5292328387483,6.007547954091052,21.0,0,-0.5292328387482996,22.093872539268126,20.5,21.5
606.0,21.196160230051014,21.56168831658989,6.009055247630038,21.0,0,-0.5616883165898905,21.8862430950058,20.5,21.5
607.0,21.19312280905453,21.51792375931945,6.010561772729559,21.0,0,-0.5179237593194514,21.08027818661506,20.5,21.5
608.0,21.190086296847262,21.497221013123166,6.012067528242327,21.0,0,-0.49722101312316624,21.290193551160314,20.5,21.5
609.0,21.187050693093543,21.503169202059574,6.013572513021648,21.0,0,-0.5031692020595742,21.562651091423653,20.5,21.5
610.0,21.18401599745753,21.38387390799284,6.015076725921408,21.0,1,-0.3838739079928395,20.190920967325493,20.5,21.5
611.0,21.20098220960322,21.330526826402558,6.016580165796085,21.0,1,-0.3305268264025578,20.79705601049974,20.5,21.5
612.0,21.21794532919446,21.29831389164492,6.018082831500743,21.0,1,-0.29831389164491995,20.97618454406854,20.5,21.5
613.0,21.23490535669492,21.388323234603938,6.019584721891037,21.0,0,-0.3883232346039378,22.288416664194116,20.5,21.5
614.0,21.23186229256796,21.416941943629432,6.021085835823211,21.0,0,-0.41694194362943193,21.703129033884373,20.5,21.5
615.0,21.22882013727661,21.49579096114328,6.022586172154104,21.0,0,-0.49579096114327825,22.28428113628174,20.5,21.5
616.0,21.225778890483586,21.558873655982328,6.024085729741143,21.0,0,-0.5588736559823282,22.189700604372828,20.5,21.5
617.0,21.222738551851435,21.621329791490528,6.02558450744235,21.0,0,-0.6213297914905276,22.24589114657252,20.5,21.5
618.0,21.219699121042552,21.494180062029734,6.02708250411634,21.0,1,-0.4941800620297343,20.2226827674218,20.5,21.5
619.0,21.236660597719165,21.501170576086317,6.028579718622325,21.0,0,-0.5011705760863165,21.57107571665214,20.5,21.5
620.0,21.233618981543344,21.491142609128463,6.0300761498201085,21.0,0,-0.4911426091284632,21.39086293954993,20.5,21.5
621.0,21.230578272977,21.440264871518792,6.031571796570095,21.0,0,-0.44026487151879223,20.931487495422083,20.5,21.5
622.0,21.22753847168172,21.437855468792858,6.033066657733284,21.0,0,-0.43785546879285775,21.413761441533513,20.5,21.5
623.0,21.22449957731893,21.514074726224976,6.034560732171273,21.0,0,-0.5140747262249761,22.27626730054616,20.5,21.5
624.0,21.2214615895499,21.487910724429188,6.036054018746261,21.0,0,-0.48791072442918804,21.226270706471308,20.5,21.5
625.0,21.21842450803574,21.491380107850055,6.037546516321043,21.0,0,-0.4913801078500555,21.52607394205873,20.5,21.5
626.0,21.215388332437396,21.48639258865119,6.039038223759019,21.0,0,-0.4863925886511886,21.43651739666252,20.5,21.5
627.0,21.21235306241566,21.464363173542218,6.040529139924188,21.0,0,-0.46436317354221757,21.244069022452507,20.5,21.5
628.0,21.20931869763116,21.41568000747874,6.042019263681153,21.0,0,-0.41568000747874123,20.928848346843978,20.5,21.5
629.0,21.20628523774437,21.453148285030167,6.043508593895119,21.0,0,-0.45314828503016713,21.827831060544426,20.5,21.5
630.0,21.203252682415602,21.420694482806237,6.044997129431898,21.0,0,-0.4206944828062369,21.096156460566934,20.5,21.5
631.0,21.200221031305006,21.506359893400663,6.046484869157903,21.0,0,-0.5063598934006635,22.36301399934493,20.5,21.5
632.0,21.197190284072576,21.509533807552348,6.047971811940158,21.0,0,-0.5095338075523479,21.541272949069192,20.5,21.5
633.0,21.19416044037815,21.543351853008947,6.04945795664629,21.0,0,-0.5433518530089465,21.881532307574933,20.5,21.5
634.0,21.1911314998814,21.52742440754911,6.050943302144535,21.0,0,-0.527424407549109,21.368149952950734,20.5,21.5
635.0,21.188103462241852,21.499756981332453,6.052427847303739,21.0,0,-0.49975698133245317,21.223082719165895,20.5,21.5
636.0,21.185076327118864,21.459754586475803,6.053911590993355,21.0,0,-0.45975458647580325,21.059730637909304,20.5,21.5
637.0,21.18205009417164,21.429048168307798,6.055394532083448,21.0,0,-0.4290481683077978,21.121983986627743,20.5,21.5
638.0,21.17902476305922,21.447446583451647,6.056876669444694,21.0,0,-0.44744658345164723,21.63143073489014,20.5,21.5
639.0,21.1760003334405,21.48465274734071,6.058358001948381,21.0,0,-0.48465274734071073,21.856714386231346,20.5,21.5
640.0,21.1729768049742,21.562654693243417,6.059838528466409,21.0,0,-0.5626546932434167,22.342674152270476,20.5,21.5
641.0,21.1699541773189,21.551614270963547,6.061318247871295,21.0,0,-0.5516142709635474,21.441210048164855,20.5,21.5
642.0,21.16693245013301,21.556446957135684,6.062797159036165,21.0,0,-0.5564469571356838,21.604773818857048,20.5,21.5
643.0,21.163911623074792,21.4407443203756,6.064275260834767,21.0,1,-0.4407443203756003,20.283717952774765,20.5,21.5
644.0,21.180891695802345,21.42413041375009,6.0657525521414595,21.0,1,-0.4241304137500883,21.25799134749497,20.5,21.5
645.0,21.197868667973612,21.394961639176632,6.067229031831223,21.0,1,-0.39496163917663196,21.10327389344207,20.5,21.5
646.0,21.214842540046384,21.469892774817616,6.068704698779653,21.0,0,-0.46989277481761604,22.219204131227457,20.5,21.5
647.0,21.21181331247813,21.542247587000336,6.070179551862964,21.0,0,-0.542247587000336,22.265795708827536,20.5,21.5
648.0,21.20878498572601,21.68076860738625,6.071653589957993,21.0,0,-0.6807686073862484,23.065978811245373,20.5,21.5
649.0,21.205757559446855,21.664565728142353,6.0731268119421955,21.0,0,-0.6645657281423532,21.5025369357034,20.5,21.5
650.0,21.202731033297354,21.739581095634044,6.074599216693647,21.0,0,-0.7395810956340441,22.489734770550953,20.5,21.5
651.0,21.199705406934033,21.70139902631329,6.07607080309105,21.0,0,-0.7013990263132897,21.319578333105746,20.5,21.5
652.0,21.196680680013266,21.70785274597364,6.077541570013726,21.0,0,-0.7078527459736392,21.772389942577135,20.5,21.5
653.0,21.193656852191268,21.626146169192438,6.079011516341622,21.0,0,-0.6261461691924382,20.809080401380427,20.5,21.5
654.0,21.190633923124096,21.652136552109546,6.08048064095531,21.0,0,-0.6521365521095461,21.912040381280626,20.5,21.5
655.0,21.18761189246766,21.581208108505656,6.081948942735988,21.0,0,-0.5812081085056562,20.871923672466757,20.5,21.5
656.0,21.184590759877715,21.48036130545993,6.083416420565479,21.0,1,-0.4803613054599296,20.471893275002664,20.5,21.5
657.0,21.201570525009853,21.461794755023934,6.084883073326237,21.0,1,-0.4617947550239343,21.27612925066398,20.5,21.5
658.0,21.218547187519516,21.44956041001422,6.086348899901341,21.0,1,-0.44956041001422165,21.327216959917095,20.5,21.5
659.0,21.23552074786199,21.415976489026843,6.087813899174501,21.0,1,-0.4159764890268427,21.080137279153053,20.5,21.5
660.0,21.25249120649225,21.38553997056772,6.089278070030054,21.0,1,-0.38553997056772005,21.081174785976494,20.5,21.5
661.0,21.26945856386496,21.48265382888213,6.0907414113529725,21.0,0,-0.48265382888212827,22.45379241202621,20.5,21.5
662.0,21.266422820434457,21.37127337201992,6.092203922028858,21.0,1,-0.37127337201992106,20.25746880339785,20.5,21.5
663.0,21.283387976654776,21.406003188781952,6.093665600943945,21.0,0,-0.40600318878195196,21.75330135640226,20.5,21.5
664.0,21.280350032179634,21.463882065420375,6.0951264469851,21.0,0,-0.4638820654203748,22.042670831804603,20.5,21.5
665.0,21.277312987462594,21.52076384105056,6.096586459039828,21.0,0,-0.5207638410505595,22.089581597352407,20.5,21.5
666.0,21.274276842156908,21.46937747337093,6.098045635996264,21.0,0,-0.4693774733709297,20.955513796574632,20.5,21.5
667.0,21.271241595915676,21.50819597464512,6.099503976743181,21.0,0,-0.508195974645119,21.896380987387012,20.5,21.5
668.0,21.268207248391843,21.521421475402935,6.100961480169991,21.0,0,-0.5214214754029349,21.653676482981094,20.5,21.5
669.0,21.265173799238198,21.599818749297512,6.102418145166741,21.0,0,-0.599818749297512,22.383791488243283,20.5,21.5
670.0,21.262141248107383,21.589166454182482,6.103873970624116,21.0,0,-0.5891664541824824,21.482643503032186,20.5,21.5
671.0,21.259109594651886,21.585548862286366,6.105328955433444,21.0,0,-0.585548862286366,21.549372943325203,20.5,21.5
672.0,21.256078838524044,21.614484094451818,6.106783098486688,21.0,0,-0.614484094451818,21.903836416106337,20.5,21.5
673.0,21.253048979376036,21.58863225999768,6.108236398676457,21.0,0,-0.5886322599976808,21.33011391545631,20.5,21.5
674.0,21.250020016859896,21.451318099647104,6.109688854895999,21.0,1,-0.45131809964710357,20.07817649614133,20.5,21.5
675.0,21.266991950627503,21.406603786571527,6.111140466039204,21.0,1,-0.4066037865715266,20.959460655815757,20.5,21.5
676.0,21.283960780330585,21.429056461277135,6.11259123100061,21.0,0,-0.4290564612771348,21.653583208333217,20.5,21.5
677.0,21.28092650642072,21.533498846135807,6.114041148675393,21.0,0,-0.5334988461358066,22.577922694722524,20.5,21.5
678.0,21.27789312934917,21.60226565385585,6.11549021795938,21.0,0,-0.6022656538558486,22.28993373105627,20.5,21.5
679.0,21.274860648766893,21.63928964455568,6.116938437749042,21.0,0,-0.6392896445556815,22.00952955155401,20.5,21.5
680.0,21.271829064324688,21.685015303154422,6.118385806941494,21.0,0,-0.6850153031544224,22.14227188914183,20.5,21.5
681.0,21.26879837567321,21.65367986864125,6.119832324434503,21.0,0,-0.6536798686412517,21.340325523509545,20.5,21.5
682.0,21.26576858246296,21.51367699900687,6.121277989126483,21.0,1,-0.5136769990068686,20.113648302663037,20.5,21.5
683.0,21.282739684344293,21.48397981625938,6.122722799916498,21.0,1,-0.4839798162593816,21.18700798878451,20.5,21.5
684.0,21.29970768096741,21.44441933377752,6.124166755704261,21.0,1,-0.4444193337775211,21.048814508958916,20.5,21.5
685.0,21.316672572782355,21.451436491704975,6.125609855390137,21.0,0,-0.4514364917049747,21.52160807097951,20.5,21.5
686.0,21.313634360238876,21.482820439422902,6.1270520978751435,21.0,0,-0.48282043942290187,21.796659916602174,20.5,21.5
687.0,21.3105970437864,21.498394286317883,6.128493482060948,21.0,0,-0.4983942863178825,21.65413275526769,20.5,21.5
688.0,21.307560623074057,21.538090232826317,6.129934006849876,21.0,0,-0.5380902328263168,21.93504969791066,20.5,21.5
689.0,21.304525097750812,21.494879161738503,6.131373671144904,21.0,0,-0.49487916173850266,21.06276845086036,20.5,21.5
690.0,21.30149046746549,21.50136969701505,6.132812473849666,21.0,0,-0.5013696970150505,21.56627504978053,20.5,21.5
691.0,21.298456731866768,21.524707653218442,6.1342504138684495,21.0,0,-0.5247076532184423,21.75808721525236,20.5,21.5
692.0,21.295423890603168,21.55038529055833,6.135687490106203,21.0,0,-0.5503852905583315,21.807161663957224,20.5,21.5
693.0,21.292391943323068,21.57723184781849,6.137123701468528,21.0,0,-0.5772318478184886,21.84569742042006,20.5,21.5
694.0,21.289360889674697,21.701468944484382,6.138559046861689,21.0,0,-0.7014689444843825,22.94383991114332,20.5,21.5
695.0,21.286330729306133,21.73094984061632,6.139993525192606,21.0,0,-0.7309498406163186,22.02575880193568,20.5,21.5
696.0,21.28330146186531,21.660028683972087,6.141427135368863,21.0,0,-0.6600286839720866,20.950817117529766,20.5,21.5
697.0,21.280273087000012,21.771239294794537,6.1428598762987034,21.0,0,-0.7712392947945368,22.88334540301904,20.5,21.5
698.0,21.277245604357873,21.69546902983833,6.1442917468910325,21.0,0,-0.6954690298383284,20.937766380276244,20.5,21.5
699.0,21.27421901358638,21.653163793608616,6.145722746055418,21.0,0,-0.6531637936086163,21.230111431311496,20.5,21.5
700.0,21.271193314332873,21.605116561074123,6.147152872702092,21.0,0,-0.6051165610741229,21.12464423572919,20.5,21.5
701.0,21.268168506244546,21.630538563402006,6.148582125741951,21.0,0,-0.6305385634020055,21.88475858668083,20.5,21.5
702.0,21.265144588968447,21.478219386221014,6.150010504086557,21.0,1,-0.47821938622101356,19.955027614411094,20.5,21.5
703.0,21.28212156215147,21.447452333673265,6.151438006648137,21.0,1,-0.4474523336732652,21.13978180819578,20.5,21.5
704.0,21.29909542544037,21.537781428677583,6.152864632339586,21.0,0,-0.537781428677583,22.44107237872076,20.5,21.5
705.0,21.296066179281752,21.56795316600644,6.1542903800744675,21.0,0,-0.5679531660064399,21.869670539295008,20.5,21.5
706.0,21.29303782412191,21.621316216999176,6.15571524876701,21.0,0,-0.6213162169991762,22.15494672692654,20.5,21.5
707.0,21.29001035960684,21.722555528684914,6.157139237332117,21.0,0,-0.7225555286849143,22.734948645542296,20.5,21.5
708.0,21.286983785382382,21.750105656873885,6.1585623446853575,21.0,0,-0.7501056568738846,22.025606938763588,20.5,21.5
709.0,21.283958101094242,21.694623309263143,6.159984569742974,21.0,0,-0.6946233092631431,21.139799833155728,20.5,21.5
710.0,21.280933306387972,21.688772674690803,6.1614059114218795,21.0,0,-0.6887726746908029,21.6302663289674,20.5,21.5
711.0,21.277909400908978,21.682936792739447,6.162826368639661,21.0,0,-0.6829367927394472,21.62457797322589,20.5,21.5
712.0,21.274886384302523,21.61920796905213,6.164245940314579,21.0,0,-0.6192079690521304,20.981919732178962,20.5,21.5
713.0,21.271864256213725,21.64120902125498,6.165664625365567,21.0,0,-0.6412090212549799,21.861219543283475,20.5,21.5
714.0,21.268843016287555,21.661585761771804,6.167082422712235,21.0,0,-0.6615857617718035,21.86535316694004,20.5,21.5
715.0,21.26582266416884,21.6264661527785,6.168499331274869,21.0,0,-0.6264661527785016,21.275270062845482,20.5,21.5
716.0,21.26280319950226,21.577824691189726,6.169915349974431,21.0,0,-0.5778246911897256,21.091410075301965,20.5,21.5
717.0,21.259784621932358,21.592651058050702,6.171330477732561,21.0,0,-0.5926510580507021,21.740914726660467,20.5,21.5
718.0,21.256766931103517,21.536343316463366,6.1727447134715785,21.0,0,-0.5363433164633662,20.973265900590008,20.5,21.5
719.0,21.25375012665999,21.602693236421224,6.17415805611448,21.0,0,-0.6026932364212243,22.266192435999805,20.5,21.5
720.0,21.25073420824588,21.639855847235815,6.175570504584947,21.0,0,-0.6398558472358147,22.01148195538172,20.5,21.5
721.0,21.24771917550515,21.556597305578986,6.176982057807334,21.0,0,-0.5565973055789861,20.7240118890107,20.5,21.5
722.0,21.24470502808161,21.54932334634714,6.178392714706684,21.0,0,-0.5493233463471405,21.476583754028685,20.5,21.5
723.0,21.241691765618935,21.576193880152445,6.179802474208721,21.0,0,-0.5761938801524451,21.84489921820549,20.5,21.5
724.0,21.23867938776065,21.51937428877964,6.181211335239851,21.0,0,-0.5193742887796411,20.9511783750516,20.5,21.5
725.0,21.235667894150147,21.432083100077985,6.1826192967271645,21.0,0,-0.43208310007798545,20.55917121306143,20.5,21.5
726.0,21.232657284430662,21.50185545160554,6.184026357598439,21.0,0,-0.5018554516055396,22.19957896688108,20.5,21.5
727.0,21.229647558245297,21.485252079661386,6.185432516782136,21.0,0,-0.48525207966138595,21.31921836021985,20.5,21.5
728.0,21.226638715237005,21.481536576181615,6.186837773207403,21.0,0,-0.4815365761816146,21.4443815413839,20.5,21.5
729.0,21.2236307550486,21.51756221526999,6.188242125804077,21.0,0,-0.5175622152699901,21.877818606153745,20.5,21.5
730.0,21.220623677322752,21.56085387352355,6.189645573502682,21.0,0,-0.5608538735235484,21.99377045605913,20.5,21.5
731.0,21.21761748170199,21.636730723203218,6.191048115234433,21.0,0,-0.6367307232032182,22.395499219999916,20.5,21.5
732.0,21.214612167828694,21.662893618661133,6.192449749931232,21.0,0,-0.6628936186611334,21.924522573240285,20.5,21.5
733.0,21.211607735345115,21.733221671422648,6.1938504765256726,21.0,0,-0.7332216714226476,22.43650219903779,20.5,21.5
734.0,21.208604183893353,21.645219434654198,6.195250293951043,21.0,0,-0.645219434654198,20.7651970669697,20.5,21.5
735.0,21.205601513115365,21.67798118868282,6.196649201141318,21.0,0,-0.6779811886828213,22.005598728969055,20.5,21.5
736.0,21.20259972265297,21.69907431926168,6.198047197031172,21.0,0,-0.6990743192616797,21.910005625050264,20.5,21.5
737.0,21.199598812147844,21.66791797963689,6.199444280555968,21.0,0,-0.6679179796368899,21.356354583388992,20.5,21.5
738.0,21.196598781241526,21.62268578944084,6.200840450651768,21.0,0,-0.6226857894408404,21.170363887480345,20.5,21.5
739.0,21.19359962957541,21.640023588129527,6.202235706255326,21.0,0,-0.6400235881295266,21.81340157501639,20.5,21.5
740.0,21.190601356790747,21.629656845430496,6.203630046304096,21.0,0,-0.629656845430496,21.52598941844019,20.5,21.5
741.0,21.187603962528648,21.58298654580239,6.2050234697362265,21.0,0,-0.5829865458023917,21.11628354952135,20.5,21.5
742.0,21.18460744643009,21.529349427626386,6.206415975490565,21.0,0,-0.5293494276263857,20.992978245866325,20.5,21.5
743.0,21.1816118081359,21.519458792135254,6.207807562506657,21.0,0,-0.5194587921352536,21.420552437223932,20.5,21.5
744.0,21.178617047286775,21.495441202787738,6.209198229724749,21.0,0,-0.4954412027877382,21.255265309312584,20.5,21.5
745.0,21.175623163523262,21.446347242607835,6.2105879760857885,21.0,0,-0.4463472426078354,20.955407640808808,20.5,21.5
746.0,21.172630156485774,21.482061897652226,6.211976800531422,21.0,0,-0.4820618976522262,21.839208448096134,20.5,21.5
747.0,21.16963802581458,21.543421289073354,6.213364702003999,21.0,0,-0.5434212890733541,22.157015203284633,20.5,21.5
748.0,21.166646771149818,21.48684128930206,6.214751679446573,21.0,0,-0.4868412893020597,20.921041291589116,20.5,21.5
749.0,21.16365639213148,21.47008825586061,6.216137731802901,21.0,0,-0.47008825586060965,21.30255792144611,20.5,21.5
750.0,21.160666888399412,21.499874590802275,6.217522858017441,21.0,0,-0.4998745908022748,21.797737940218926,20.5,21.5
751.0,21.157678259593336,21.442840770254495,6.218907057035362,21.0,0,-0.4428407702544952,20.8725025647767,20.5,21.5
752.0,21.154690505352825,21.45925386061851,6.220290327802536,21.0,0,-0.45925386061851015,21.62338476425866,20.5,21.5
753.0,21.151703625317314,21.455923530654463,6.22167266926554,21.0,0,-0.4559235306544629,21.42262023101399,20.5,21.5
754.0,21.148717619126103,21.45609926511732,6.2230540803716625,21.0,0,-0.45609926511732013,21.457856609745892,20.5,21.5
755.0,21.145732486418353,21.487678058890783,6.224434560068898,21.0,0,-0.48767805889078275,21.80346599662541,20.5,21.5
756.0,21.142748226833085,21.400148296564034,6.225814107305953,21.0,0,-0.4001482965640335,20.52485067329654,20.5,21.5
757.0,21.139764840009178,21.352523630602093,6.227192721032241,21.0,0,-0.3525236306020929,20.876276970982687,20.5,21.5
758.0,21.136782325585383,21.35769786574557,6.228570400197887,21.0,0,-0.35769786574557116,21.409440217180354,20.5,21.5
759.0,21.133800683200306,21.36430842989391,6.229947143753728,21.0,0,-0.3643084298939101,21.4304140713773,20.5,21.5
760.0,21.130819912492417,21.331624264666022,6.231322950651316,21.0,0,-0.33162426466602213,21.004782612387142,20.5,21.5
761.0,21.127840013100048,21.370022930550512,6.2326978198429135,21.0,0,-0.37002293055051183,21.75400958939541,20.5,21.5
762.0,21.124860984661396,21.391747697194397,6.2340717502814975,21.0,0,-0.39174769719439695,21.608995363633248,20.5,21.5
763.0,21.12188282681452,21.421938241533436,6.23544474092076,21.0,0,-0.42193824153343584,21.723843684923825,20.5,21.5
764.0,21.118905539197343,21.44138117540972,6.236816790715109,21.0,0,-0.4413811754097203,21.635810514172565,20.5,21.5
765.0,21.115929121447646,21.42452994862684,6.2381878986196675,21.0,0,-0.4245299486268408,21.256017680798045,20.5,21.5
766.0,21.11295357320308,21.457997156153024,6.23955806359028,21.0,0,-0.4579971561530236,21.792669231414852,20.5,21.5
767.0,21.109978894101157,21.448149510144173,6.240927284583504,21.0,0,-0.44814951014417304,21.349673050055667,20.5,21.5
768.0,21.107005083779253,21.458720809480013,6.24229556055662,21.0,0,-0.45872080948001326,21.564433802838415,20.5,21.5
769.0,21.104032141874608,21.410071492570793,6.2436628904676255,21.0,0,-0.41007149257079334,20.923578323478594,20.5,21.5
770.0,21.101060068024328,21.389588902203304,6.2450292732752395,21.0,0,-0.3895889022033039,21.18476299852841,20.5,21.5
771.0,21.098088861865378,21.390695292162313,6.246394707938901,21.0,0,-0.390695292162313,21.401759191752404,20.5,21.5
772.0,21.095118523034593,21.421465582177632,6.247759193418772,21.0,0,-0.42146558217763186,21.72916848233082,20.5,21.5
773.0,21.09214905116867,21.41203765498216,6.249122728675739,21.0,0,-0.4120376549821607,21.31775838302745,20.5,21.5
774.0,21.08918044590417,21.364494434571007,6.25048531267141,21.0,0,-0.3644944345710073,20.889062230459473,20.5,21.5
775.0,21.08621270687752,21.364990231133824,6.251846944368118,21.0,0,-0.3649902311338238,21.36994819676199,20.5,21.5
776.0,21.08324583372502,21.36030035693069,6.253207622728921,21.0,0,-0.36030035693068996,21.31340161489935,20.5,21.5
777.0,21.08027982608282,21.25685498800369,6.254567346717603,21.0,1,-0.25685498800368833,20.222401298733672,20.5,21.5
778.0,21.097314683586944,21.248223282976404,6.255926115298676,21.0,1,-0.2482232829764044,21.161906232703565,20.5,21.5
779.0,21.114346405873288,21.307725879727418,6.257283927437378,21.0,0,-0.3077258797274176,21.90275184723755,20.5,21.5
780.0,21.111374993377602,21.357739691219354,6.258640782099675,21.0,0,-0.35773969121935423,21.85787780613872,20.5,21.5
781.0,21.108404446535346,21.314142212829843,6.259996678252264,21.0,0,-0.314142212829843,20.87816742893473,20.5,21.5
782.0,21.105434764981688,21.394272525206357,6.261351614862573,21.0,0,-0.39427252520635747,22.195575648971502,20.5,21.5
783.0,21.102465948351664,21.34422383725286,6.262705590898755,21.0,0,-0.34422383725285854,20.84373695771787,20.5,21.5
784.0,21.099497996280174,21.301337818286733,6.264058605329701,21.0,0,-0.3013378182867328,20.872477628625475,20.5,21.5
785.0,21.096530908401984,21.3173912909483,6.265410657125032,21.0,0,-0.31739129094830076,21.47792601756398,20.5,21.5
786.0,21.09356468435173,21.395190289644596,6.2667617452551,21.0,0,-0.3951902896445958,22.173180276607546,20.5,21.5
787.0,21.09059932376391,21.377482291655888,6.268111868690994,21.0,0,-0.37748229165588754,21.200402311768805,20.5,21.5
788.0,21.087634826272897,21.349644322918692,6.269461026404535,21.0,0,-0.3496443229186923,21.07126463554674,20.5,21.5
789.0,21.084671191512925,21.40133138309077,6.2708092173682815,21.0,0,-0.40133138309077054,21.918201984811553,20.5,21.5
790.0,21.081708419118097,21.445051783328186,6.272156440555528,21.0,0,-0.44505178332818573,21.882255785702338,20.5,21.5
791.0,21.078746508722386,21.408499908325588,6.273502694940304,21.0,0,-0.408499908325588,21.04298115829961,20.5,21.5
792.0,21.07578545995963,21.444482792425397,6.2748479794973795,21.0,0,-0.4444827924253971,21.804311633423488,20.5,21.5
793.0,21.072825272463536,21.519784877446035,6.276192293202261,21.0,0,-0.5197848774460354,22.27280572765242,20.5,21.5
794.0,21.069865945867683,21.40852663078159,6.277535635031195,21.0,1,-0.4085266307815907,20.295944164137143,20.5,21.5
795.0,21.086907479805514,21.33448250754087,6.27887800396117,21.0,1,-0.3344825075408693,20.594041275133655,20.5,21.5
796.0,21.103945873910344,21.36937582146424,6.280219398969911,21.0,0,-0.36937582146423864,21.718308960697932,20.5,21.5
797.0,21.100981128615356,21.315378105309367,6.2815598190358894,21.0,0,-0.3153781053093674,20.775400943760655,20.5,21.5
798.0,21.09801724435344,21.22502493669783,6.282899263138315,21.0,1,-0.22502493669783163,20.321493250582474,20.5,21.5
799.0,21.115054220757195,21.34207673773036,6.2842377302571455,21.0,0,-0.34207673773035907,22.512594748055633,20.5,21.5
800.0,21.112088057459093,21.37545748098237,6.2855752193730785,21.0,0,-0.3754574809823694,21.709264913502473,20.5,21.5
801.0,21.109122754891477,21.323170459424894,6.286911729467558,21.0,0,-0.32317045942489386,20.80030024385014,20.5,21.5
802.0,21.106158312686393,21.363078950892064,6.288247259522773,21.0,0,-0.36307895089206355,21.76216386556376,20.5,21.5
803.0,21.10319473047576,21.48320915254852,6.28958180852166,21.0,0,-0.48320915254851826,22.684511169113065,20.5,21.5
804.0,21.100232007891368,21.43446947606322,6.290915375447901,21.0,0,-0.43446947606322084,20.947072711210247,20.5,21.5
805.0,21.097270144564877,21.465663589239384,6.292247959285928,21.0,0,-0.46566358923938367,21.777604721001012,20.5,21.5
806.0,21.094309140127823,21.459321847011104,6.293579559020919,21.0,0,-0.459321847011104,21.395904424728307,20.5,21.5
807.0,21.0913489942116,21.47013783161034,6.2949101736388045,21.0,0,-0.47013783161034084,21.57829767760271,20.5,21.5
808.0,21.088389706447487,21.412258369761346,6.296239802126262,21.0,0,-0.41225836976134644,20.833463751271402,20.5,21.5
809.0,21.085431276466622,21.43878641440042,6.297568443470722,21.0,0,-0.4387864144004183,21.704066860791137,20.5,21.5
810.0,21.08247370390002,21.381777822874596,6.298896096660367,21.0,0,-0.3817778228745965,20.811691907616378,20.5,21.5
811.0,21.079516988378572,21.3802616549158,6.3002227606841315,21.0,0,-0.3802616549157989,21.365099975327823,20.5,21.5
812.0,21.076561129533033,21.30323600588486,6.301548434531702,21.0,0,-0.3032360058848589,20.53297951557546,20.5,21.5
813.0,21.073606126994033,21.333605397948023,6.302873117193521,21.0,0,-0.33360539794802335,21.637299318579668,20.5,21.5
814.0,21.07065198039207,21.334831691777403,6.304196807660785,21.0,0,-0.3348316917774028,21.347094630071197,20.5,21.5
815.0,21.067698689357524,21.29815144839442,6.305519504925445,21.0,0,-0.298151448394421,20.931349014564603,20.5,21.5
816.0,21.06474625352064,21.279133608070968,6.306841207980211,21.0,0,-0.27913360807096765,21.088955204836434,20.5,21.5
817.0,21.06179467251153,21.38535130362321,6.308161915818548,21.0,0,-0.38535130362321013,22.447528259145635,20.5,21.5
818.0,21.05884394596019,21.423267227880523,6.309481627434679,21.0,0,-0.4232672278805225,21.802426470453646,20.5,21.5
819.0,21.055894073496486,21.46122574133248,6.310800341823588,21.0,0,-0.4612257413324805,21.84081087585206,20.5,21.5
820.0,21.05294505475015,21.479635296809935,6.3121180579810146,21.0,0,-0.4796352968099349,21.66373085158448,20.5,21.5
821.0,21.049996889350798,21.49917216640386,6.313434774903461,21.0,0,-0.4991721664038593,21.694540862343104,20.5,21.5
822.0,21.047049576927908,21.465259436185384,6.314750491588192,21.0,0,-0.46525943618538435,21.126132134000635,20.5,21.5
823.0,21.04410311711084,21.44448840774037,6.316065207033229,21.0,0,-0.44448840774036924,21.236778123290218,20.5,21.5
824.0,21.041157509528823,21.48918310860682,6.317378920237361,21.0,0,-0.4891831086068201,21.93613011727133,20.5,21.5
825.0,21.038212753810964,21.487077234452478,6.318691630200138,21.0,0,-0.4870772344524781,21.466018492909058,20.5,21.5
826.0,21.03526884958624,21.519024483739962,6.320003335921873,21.0,0,-0.5190244837399618,21.8384969766148,20.5,21.5
827.0,21.03232579648351,21.459179844066664,6.321314036403647,21.0,0,-0.45917984406666434,20.86073344733369,20.5,21.5
828.0,21.02938359413149,21.420395725454405,6.322623730647304,21.0,0,-0.42039572545440507,21.032554539331812,20.5,21.5
829.0,21.026442242158794,21.416082334195277,6.323932417655453,21.0,0,-0.41608233419527707,21.372948421603997,20.5,21.5
830.0,21.023501740193893,21.3442731952978,6.325240096431475,21.0,0,-0.34427319529779865,20.626181806323014,20.5,21.5
831.0,21.02056208786514,21.242135820944803,6.326546765979513,21.0,1,-0.24213582094480302,20.220762077414847,20.5,21.5
832.0,21.037623284800762,21.263323480774677,6.327852425304483,21.0,1,-0.2633234807746767,21.475200079073414,20.5,21.5
833.0,21.054681330628863,21.326847867465926,6.329157073412068,21.0,0,-0.32684786746592565,21.962091734378415,20.5,21.5
834.0,21.05173622577742,21.302917378376968,6.3304607093087215,21.0,0,-0.30291737837696786,21.06361248748739,20.5,21.5
835.0,21.048791970674127,21.39912499794293,6.331763332001668,21.0,0,-0.39912499794293055,22.361201193602557,20.5,21.5
836.0,21.045848564946393,21.50535642418653,6.333064940498905,21.0,0,-0.5053564241865303,22.567670686622527,20.5,21.5
837.0,21.042906008221504,21.478694027096065,6.3343655338091995,21.0,0,-0.4786940270960649,21.21207005619141,20.5,21.5
838.0,21.03996430012662,21.357595223318196,6.335665110942093,21.0,1,-0.3575952233181958,20.146607185539505,20.5,21.5
839.0,21.057023440288784,21.268405645676786,6.3369636709079025,21.0,1,-0.26840564567678626,20.37650986926269,20.5,21.5
840.0,21.074079428334908,21.238795974046916,6.3382612127177165,21.0,1,-0.23879597404691566,20.94269925774821,20.5,21.5
841.0,21.091132264691783,21.23129949436515,6.339557735383401,21.0,1,-0.23129949436514963,21.15633469754749,20.5,21.5
842.0,21.108181949785923,21.227091770147148,6.340853237917598,21.0,1,-0.22709177014714754,21.185014527967127,20.5,21.5
843.0,21.12522848404355,21.31332489992498,6.342147719333726,21.0,0,-0.3133248999249787,22.17565619770329,20.5,21.5
844.0,21.122271867890607,21.43164805265956,6.34344117864598,21.0,0,-0.4316480526595612,22.614879580005386,20.5,21.5
845.0,21.11931610175276,21.51014388214581,6.344733614869336,21.0,0,-0.5101438821458117,22.295102177008317,20.5,21.5
846.0,21.116361185255382,21.52051650339731,6.346025027019547,21.0,0,-0.5205165033973103,21.624242715912295,20.5,21.5
847.0,21.113407118023733,21.59476003300389,6.347315414113146,21.0,0,-0.5947600330038902,22.33719532906969,20.5,21.5
848.0,21.110453899682952,21.652036612009358,6.348604775167447,21.0,0,-0.6520366120093577,22.224802402064032,20.5,21.5
849.0,21.107501529858048,21.521967640043716,6.349893109200545,21.0,1,-0.5219676400437159,20.221277920387298,20.5,21.5
850.0,21.124550008173916,21.442280163816367,6.351180415231321,21.0,1,-0.4422801638163669,20.645405401542877,20.5,21.5
851.0,21.141595334255328,21.41848077885841,6.352466692279431,21.0,1,-0.4184807788584095,21.180486929278835,20.5,21.5
852.0,21.158637508526933,21.437131885889237,6.3537519393653215,21.0,0,-0.43713188588923657,21.623642956197507,20.5,21.5
853.0,21.1556765314131,21.45792139117557,6.35503615551022,21.0,0,-0.45792139117557085,21.665816444038914,20.5,21.5
854.0,21.15271640333792,21.48430425677479,6.3563193397361415,21.0,0,-0.4843042567747915,21.748132912766998,20.5,21.5
855.0,21.1497571239252,21.563663939660092,6.357601491065884,21.0,0,-0.563663939660092,22.357260768513097,20.5,21.5
856.0,21.146798692798626,21.613201032113455,6.358882608523033,21.0,0,-0.6132010321134551,22.108571956647086,20.5,21.5
857.0,21.14384110958177,21.550089899416964,6.360162691131963,21.0,0,-0.5500898994169638,20.91897857245205,20.5,21.5
858.0,21.140884373898082,21.53325656404008,6.361441737917835,21.0,0,-0.5332565640400801,21.364923210271243,20.5,21.5
859.0,21.137928485370885,21.597761210010383,6.3627197479066,21.0,0,-0.5977612100103826,22.242807669713407,20.5,21.5
860.0,21.13497344362339,21.566734207679715,6.363996720124997,21.0,0,-0.5667342076797155,21.256464184373044,20.5,21.5
861.0,21.13201924827869,21.524553590315154,6.365272653600556,21.0,0,-0.5245535903151541,21.10274741666954,20.5,21.5
862.0,21.129065898959755,21.557672651386316,6.3665475473615984,21.0,0,-0.5576726513863157,21.88886326209793,20.5,21.5
863.0,21.126113395289437,21.48395887129739,6.367821400437236,21.0,0,-0.48395887129738924,20.746821070408124,20.5,21.5
864.0,21.123161736890466,21.47130982505617,6.3690942118573775,21.0,0,-0.4713098250561707,21.344819362643985,20.5,21.5
865.0,21.12021092338546,21.389016094421994,6.370365980652718,21.0,0,-0.3890160944219936,20.566078788080222,20.5,21.5
866.0,21.117260954396915,21.44038054186091,6.371636705854753,21.0,0,-0.440380541860911,21.954025016250085,20.5,21.5
867.0,21.11431182954721,21.40520059294174,6.372906386495767,21.0,0,-0.40520059294173905,21.05340110375002,20.5,21.5
868.0,21.1113635484586,21.35206729754415,6.3741750216088455,21.0,0,-0.3520672975441492,20.82073434356825,20.5,21.5
869.0,21.10841611075323,21.323862276643215,6.375442610227868,21.0,0,-0.3238622766432151,21.041812067633874,20.5,21.5
870.0,21.105469516053123,21.34058489429366,6.376709151387508,21.0,0,-0.34058489429365935,21.507811070798102,20.5,21.5
871.0,21.10252376398019,21.281440602670312,6.377974644123241,21.0,0,-0.2814406026703118,20.689997686436836,20.5,21.5
872.0,21.09957885415622,21.282040645240663,6.37923908747134,21.0,0,-0.28204064524066297,21.288041070944175,20.5,21.5
873.0,21.096634786202884,21.36045013323245,6.380502480468874,21.0,0,-0.360450133232451,22.14454501315033,20.5,21.5
874.0,21.09369155974174,21.411583685845205,6.381764822153716,21.0,0,-0.4115836858452049,21.922919211972744,20.5,21.5
875.0,21.090749174394222,21.43071231292968,6.383026111564538,21.0,0,-0.4307123129296784,21.621998583774413,20.5,21.5
876.0,21.087807629781658,21.379213009868895,6.384286347740813,21.0,0,-0.37921300986889506,20.864219979261062,20.5,21.5
877.0,21.08486692552525,21.354089785889027,6.385545529722816,21.0,0,-0.35408978588902684,21.102857546090345,20.5,21.5
878.0,21.08192706124609,21.301392079836546,6.386803656551626,21.0,0,-0.30139207983654615,20.77441501931174,20.5,21.5
879.0,21.078988036565153,21.209405345482345,6.3880607272691226,21.0,1,-0.20940534548234524,20.289538001940336,20.5,21.5
880.0,21.096049851103295,21.188822823259883,6.3893167409179945,21.0,1,-0.18882282325988342,20.982997601035265,20.5,21.5
881.0,21.113108504481257,21.250702086654712,6.3905716965417305,21.0,0,-0.2507020866547123,21.869494720603,20.5,21.5
882.0,21.11016399711967,21.29359161005177,6.391825593184628,21.0,0,-0.29359161005177015,21.72248684402235,20.5,21.5
883.0,21.107220329438885,21.36907531774823,6.393078429891791,21.0,0,-0.36907531774823,22.12391239471283,20.5,21.5
884.0,21.104277501058977,21.472221206552653,6.394330205709129,21.0,0,-0.4722212065526534,22.503680094596888,20.5,21.5
885.0,21.101335511599906,21.540579968785618,6.39558091968336,21.0,0,-0.5405799687856181,22.224167591115265,20.5,21.5
886.0,21.098394360681525,21.518379322157557,6.3968305708620115,21.0,0,-0.518379322157557,21.296372855876946,20.5,21.5
887.0,21.09545404792356,21.591356164323074,6.39807915829342,21.0,0,-0.5913561643230736,22.32112458597824,20.5,21.5
888.0,21.092514572945635,21.49338284964868,6.39932668102673,21.0,0,-0.49338284964867896,20.513649702904733,20.5,21.5
889.0,21.08957593536725,21.40351863249658,6.400573138111902,21.0,0,-0.4035186324965814,20.504876460975606,20.5,21.5
890.0,21.0866381348078,21.32344975865248,6.401818528599701,21.0,0,-0.3234497586524796,20.522761020211462,20.5,21.5
891.0,21.083701170886556,21.36499768745617,6.403062851541711,21.0,0,-0.3649976874561709,21.780476975493084,20.5,21.5
892.0,21.080765043222687,21.32201753440537,6.404306105990325,21.0,0,-0.3220175344053686,20.892216003897346,20.5,21.5
893.0,21.077829751435242,21.407112667232397,6.40554829099875,21.0,0,-0.40711266723239703,22.25806399550268,20.5,21.5
894.0,21.074895295143154,21.3680335468559,6.406789405621008,21.0,0,-0.3680335468559015,20.977242343090946,20.5,21.5
895.0,21.071961673965248,21.399676329258742,6.408029448911937,21.0,0,-0.3996763292587424,21.71610415328715,20.5,21.5
896.0,21.069028887520236,21.381607775744605,6.409268419927189,21.0,0,-0.38160777574460525,21.200922240603234,20.5,21.5
897.0,21.066096935426717,21.392450358502128,6.410506317723235,21.0,0,-0.3924503585021277,21.500876186077353,20.5,21.5
898.0,21.063165817303176,21.32577196762293,6.411743141357362,21.0,0,-0.3257719676229307,20.65898805883096,20.5,21.5
899.0,21.060235532767987,21.461106242098367,6.412978889887674,21.0,0,-0.46110624209836715,22.81444898685273,20.5,21.5
900.0,21.05730608143941,21.47605350449154,6.414213562373095,21.0,0,-0.4760535044915386,21.625526128423253,20.5,21.5
901.0,21.054377462935598,21.378260884974733,6.415447157873368,21.0,1,-0.37826088497473265,20.400334689806673,20.5,21.5
902.0,21.071449676874586,21.38811577173098,6.416679675449058,21.0,1,-0.38811577173098044,21.48666463929346,20.5,21.5
903.0,21.0885187228743,21.46254001230105,6.417911114161547,21.0,0,-0.46254001230105146,22.20678241800176,20.5,21.5
904.0,21.085584601352558,21.360525324493995,6.419141473073042,21.0,1,-0.3605253244939952,20.340378446423433,20.5,21.5
905.0,21.102651312726902,21.378531202818653,6.420370751246571,21.0,0,-0.37853120281865316,21.558589986065233,20.5,21.5
906.0,21.099714856614607,21.47491690056579,6.421598947745985,21.0,0,-0.47491690056579117,22.43877387803717,20.5,21.5
907.0,21.096779233432834,21.383187736862148,6.422826061635959,21.0,1,-0.3831877368621477,20.465896099825713,20.5,21.5
908.0,21.113844442798474,21.25667071809166,6.424052091981993,21.0,1,-0.25667071809165876,19.99150053038677,20.5,21.5
909.0,21.13090648432831,21.316529491118875,6.425277037850411,21.0,0,-0.3165294911188745,21.915117221391032,20.5,21.5
910.0,21.127965358439013,21.319013750582947,6.426500898308364,21.0,0,-0.3190137505829469,21.34385634522367,20.5,21.5
911.0,21.125025065546986,21.38293694820114,6.427723672423827,21.0,0,-0.38293694820114155,22.022168924383088,20.5,21.5
912.0,21.12208560526836,21.472419862904154,6.428945359265606,21.0,0,-0.47241986290415383,22.367249009934277,20.5,21.5
913.0,21.11914697721916,21.534204733231004,6.430165957903335,21.0,0,-0.5342047332310038,22.152053436499504,20.5,21.5
914.0,21.116209181015297,21.524021540447553,6.4313854674074715,21.0,0,-0.5240215404475528,21.422189612613042,20.5,21.5
915.0,21.113272216272573,21.55153462506695,6.432603886849308,21.0,0,-0.5515346250669495,21.826665471260917,20.5,21.5
916.0,21.11033608260669,21.48780779781573,6.4338212153009655,21.0,0,-0.48780779781573,20.850539525303535,20.5,21.5
917.0,21.107400779633227,21.444637539863834,6.435037451835394,21.0,0,-0.4446375398638338,21.01293496034487,20.5,21.5
918.0,21.10446630696767,21.48224906504644,6.436252595526378,21.0,0,-0.48224906504643883,21.85836431687249,20.5,21.5
919.0,21.10153266422538,21.47305842328823,6.437466645448531,21.0,0,-0.47305842328822933,21.381152005706134,20.5,21.5
920.0,21.098599851021625,21.44514567836273,6.438679600677302,21.0,0,-0.44514567836273145,21.166018229107753,20.5,21.5
921.0,21.095667866971556,21.426257389309917,6.439891460288973,21.0,0,-0.4262573893099173,21.237374498781776,20.5,21.5
922.0,21.09273671169022,21.451600676894607,6.4411022233606605,21.0,0,-0.45160067689460703,21.705033552741504,20.5,21.5
923.0,21.089806384792553,21.377956339683244,6.442311888970315,21.0,0,-0.3779563396832444,20.641512967569618,20.5,21.5
924.0,21.08687688589339,21.37089367797941,6.443520456196724,21.0,0,-0.3708936779794101,21.300267060941067,20.5,21.5
925.0,21.08394821460745,21.35674191130439,6.444727924119511,21.0,0,-0.3567419113043897,21.215224244554186,20.5,21.5
926.0,21.081020370549354,21.382318473887928,6.445934291819136,21.0,0,-0.3823184738879277,21.638084099723308,20.5,21.5
927.0,21.078093353333607,21.269708396032303,6.4471395583768984,21.0,1,-0.26970839603230345,20.14360761747606,20.5,21.5
928.0,21.095167162574615,21.336127606154268,6.4483437228749345,21.0,0,-0.3361276061542675,22.000319707373908,20.5,21.5
929.0,21.092237797886675,21.312071607063288,6.4495467843962215,21.0,0,-0.31207160706328807,21.071511616153494,20.5,21.5
930.0,21.089309259683976,21.30903071954054,6.450748742024575,21.0,0,-0.30903071954054084,21.27862184431307,20.5,21.5
931.0,21.086381547580444,21.347447666856226,6.451949594844653,21.0,0,-0.3474476668562261,21.73161714001308,20.5,21.5
932.0,21.083454661189897,21.38285181930572,6.453149341941952,21.0,0,-0.38285181930572065,21.736893343800666,20.5,21.5
933.0,21.080528600126048,21.403778135934907,6.454347982402814,21.0,0,-0.40377813593490686,21.61304130222677,20.5,21.5
934.0,21.077603364002503,21.433913144498355,6.455545515314421,21.0,0,-0.43391314449835505,21.735263230132837,20.5,21.5
935.0,21.074678952432766,21.442851764524445,6.4567419397648,21.0,0,-0.44285176452444475,21.53223796478534,20.5,21.5
936.0,21.07175536503023,21.341598745360706,6.4579372548428235,21.0,1,-0.3415987453607059,20.329068553723317,20.5,21.5
937.0,21.088832601408193,21.343451258827113,6.459131459638204,21.0,1,-0.3434512588271126,21.36197639349118,20.5,21.5
938.0,21.105906661179837,21.36279270023445,6.460324553241504,21.0,0,-0.36279270023445065,21.55620711430783,20.5,21.5
939.0,21.10297754475825,21.359515136039786,6.461516534744132,21.0,0,-0.3595151360397857,21.326739494093136,20.5,21.5
940.0,21.100049252556246,21.399621049226397,6.4627074032383405,21.0,0,-0.39962104922639696,21.80068018109251,20.5,21.5
941.0,21.09712178418638,21.422549602194906,6.463897157817232,21.0,0,-0.42254960219490556,21.65183513187999,20.5,21.5
942.0,21.094195139261107,21.44241118552865,6.4650857975747575,21.0,0,-0.44241118552864833,21.641027018866076,20.5,21.5
943.0,21.09126931739277,21.320707627874206,6.466273321605715,21.0,1,-0.3207076278742065,20.103672051329788,20.5,21.5
944.0,21.108344318193613,21.267611086766017,6.4674597290057525,21.0,1,-0.2676110867660171,20.736645675684123,20.5,21.5
945.0,21.125416141275775,21.220629872215397,6.468645018871371,21.0,1,-0.22062987221539743,20.7508177267092,20.5,21.5
946.0,21.142484787051295,21.237860704563936,6.46982919029992,21.0,1,-0.2378607045639356,21.410169028049317,20.5,21.5
947.0,21.159550255931943,21.286224089666717,6.471012242389601,21.0,0,-0.2862240896667174,21.769857940694536,20.5,21.5
948.0,21.156612548329235,21.376655681710766,6.472194174239469,21.0,0,-0.3766556817107656,22.280971602151247,20.5,21.5
949.0,21.15367566465442,21.41552404358098,6.47337498494943,21.0,0,-0.41552404358098016,21.804207662283126,20.5,21.5
950.0,21.150739604518478,21.36485570211974,6.474554673620248,21.0,0,-0.3648557021197405,20.858172287507344,20.5,21.5
951.0,21.1478043675323,21.377333464168597,6.475733239353537,21.0,0,-0.37733346416859703,21.502111084657162,20.5,21.5
952.0,21.144869953306664,21.345655936475872,6.476910681251767,21.0,0,-0.3456559364758718,21.02888065954862,20.5,21.5
953.0,21.141936361452252,21.35123699902997,6.478086998418267,21.0,0,-0.35123699902997174,21.40704762457097,20.5,21.5
954.0,21.139003591579645,21.370544364569398,6.479262189957219,21.0,0,-0.37054436456939754,21.563618019963656,20.5,21.5
955.0,21.13607164329932,21.406465546132836,6.4804362549736645,21.0,0,-0.4064655461328357,21.765677361767217,20.5,21.5
956.0,21.133140516221655,21.404125590349494,6.4816091925735,21.0,0,-0.40412559034949425,21.38072603251608,20.5,21.5
957.0,21.130210209956925,21.440529313262736,6.482781001863485,21.0,0,-0.44052931326273637,21.804566542395158,20.5,21.5
958.0,21.127280724115305,21.430772836885488,6.483951681951233,21.0,0,-0.4307728368854882,21.333208073113006,20.5,21.5
959.0,21.124352058306872,21.47001884987443,6.485121231945222,21.0,0,-0.47001884987443177,21.862478979763868,20.5,21.5
960.0,21.1214242121416,21.463386185156317,6.486289650954788,21.0,0,-0.4633861851563168,21.397059537975167,20.5,21.5
961.0,21.118497185229366,21.511756242920963,6.487456938090131,21.0,0,-0.5117562429209634,21.99545682056743,20.5,21.5
962.0,21.11557097717994,21.454670248374526,6.4886230924623085,21.0,0,-0.4546702483745264,20.883810302910156,20.5,21.5
963.0,21.112645587602994,21.515316552536007,6.489788113183244,21.0,0,-0.5153165525360066,22.12177959415081,20.5,21.5
964.0,21.10972101610811,21.50454658735094,6.490951999365724,21.0,0,-0.5045465873509407,21.39684693550028,20.5,21.5
965.0,21.106797262304763,21.537289681060425,6.492114750123399,21.0,0,-0.5372896810604253,21.86472061815527,20.5,21.5
966.0,21.103874325802327,21.466442641686342,6.493276364570782,21.0,0,-0.4664426416863421,20.75797224794551,20.5,21.5
967.0,21.10095220621008,21.439091504604647,6.494436841823255,21.0,0,-0.4390915046046473,21.1655801337877,20.5,21.5
968.0,21.098030903137204,21.359384770446887,6.4955961809970635,21.0,0,-0.3593847704468871,20.562317428869285,20.5,21.5
969.0,21.095110416192774,21.31633897850853,6.49675438120932,21.0,0,-0.3163389785085293,20.88588105912495,20.5,21.5
970.0,21.09219074498578,21.293019395409523,6.497911441578005,21.0,0,-0.29301939540952304,21.05982356441946,20.5,21.5
971.0,21.089271889125097,21.348824311740394,6.499067361221965,21.0,0,-0.34882431174039397,21.906873475049103,20.5,21.5
972.0,21.086353848219517,21.43623336087035,6.500222139260919,21.0,0,-0.43623336087035014,22.310323852169912,20.5,21.5
973.0,21.083436621877723,21.465295442606326,6.501375774815453,21.0,0,-0.46529544260632605,21.755916259966085,20.5,21.5
974.0,21.08052020970831,21.46990602806629,6.502528267007023,21.0,0,-0.46990602806629056,21.516011882665936,20.5,21.5
975.0,21.07760461131977,21.383140092588846,6.503679614957955,21.0,0,-0.38314009258884596,20.5154807378144,20.5,21.5
976.0,21.074689826320498,21.30484460816325,6.504829817791449,21.0,0,-0.30484460816325054,20.521889763907296,20.5,21.5
977.0,21.07177585431879,21.352278671382578,6.505978874631575,21.0,0,-0.35227867138257807,21.826619303575853,20.5,21.5
978.0,21.068862694922853,21.315977822981964,6.507126784603276,21.0,0,-0.31597782298196364,20.95296933897582,20.5,21.5
979.0,21.065950347740788,21.380165798099405,6.508273546832369,21.0,0,-0.3801657980994051,22.02204554927382,20.5,21.5
980.0,21.063038812380608,21.51223977140026,6.509419160445544,21.0,0,-0.5122397714002602,22.83297950440881,20.5,21.5
981.0,21.06012808845022,21.5680457109371,6.510563624570367,21.0,0,-0.5680457109370991,22.126105106305488,20.5,21.5
982.0,21.057218175557445,21.47560545547495,6.511706938335279,21.0,0,-0.47560545547494826,20.55120290085344,20.5,21.5
983.0,21.05430907331,21.469747965536644,6.512849100869596,21.0,0,-0.46974796553664433,21.411173066153605,20.5,21.5
984.0,21.051400781315515,21.43354454462454,6.513990111303513,21.0,0,-0.43354454462453873,21.071510335503483,20.5,21.5
985.0,21.048493299181512,21.41251994674884,6.515129968768099,21.0,0,-0.41251994674884074,21.20227396799186,20.5,21.5
986.0,21.04558662651543,21.40169197879869,6.516268672395304,21.0,0,-0.40169197879869145,21.2934122992972,20.5,21.5
987.0,21.042680762924604,21.383668008609032,6.517406221317956,21.0,0,-0.38366800860903183,21.203428306712436,20.5,21.5
988.0,21.039775708016283,21.380590698584946,6.518542614669761,21.0,0,-0.3805906985849461,21.34981759834409,20.5,21.5
989.0,21.036871461397613,21.306275905759797,6.519677851585308,21.0,0,-0.30627590575979724,20.56312797750831,20.5,21.5
990.0,21.03396802267565,21.231961112934645,6.520811931200062,21.0,1,-0.23196111293464483,20.48881318468312,20.5,21.5
991.0,21.051065391457357,21.22649842656748,6.521944852650374,21.0,1,-0.2264984265674812,21.171871562895845,20.5,21.5
992.0,21.068159567349596,21.257752693498674,6.523076615073474,21.0,0,-0.2577526934986736,21.570295362810597,20.5,21.5
993.0,21.065250550759142,21.28173754357771,6.524207217607476,21.0,0,-0.28173754357770875,21.52158604436806,20.5,21.5
994.0,21.06234234209251,21.343557809512674,6.525336659391376,21.0,0,-0.34355780951267434,21.96176046886233,20.5,21.5
995.0,21.05943494095597,21.398845138831728,6.526464939565058,21.0,0,-0.398845138831728,21.951718432022265,20.5,21.5
996.0,21.05652834695569,21.407253749652007,6.527592057269285,21.0,0,-0.407253749652007,21.491339857854797,20.5,21.5
997.0,21.053622559697754,21.43829079532865,6.528718011645708,21.0,0,-0.43829079532865123,21.748661252095093,20.5,21.5
998.0,21.050717578788145,21.37675217311261,6.529842801836864,21.0,0,-0.3767521731126102,20.7613659509522,20.5,21.5
999.0,21.047813403832755,21.39197883002989,6.5309664269861765,21.0,0,-0.3919788300298883,21.54424539920267,20.5,21.5
1000.0,21.044910034437386,21.348314241776936,6.532088886237956,21.0,0,-0.3483142417769365,20.911668359247418,20.5,21.5
1001.0,21.042007470207746,21.360836324839266,6.533210178737401,21.0,0,-0.36083632483926564,21.486057155462557,20.5,21.5
1002.0,21.039105710749453,21.27384382519991,6.534330303630599,21.0,1,-0.27384382519991135,20.40391882880637,20.5,21.5
1003.0,21.05620475566803,21.34750727153148,6.535449260064525,21.0,0,-0.3475072715314802,22.08414173484717,20.5,21.5
1004.0,21.05330060456891,21.29584108082868,6.536567047187047,21.0,0,-0.29584108082868,20.779179173800678,20.5,21.5
1005.0,21.050397257857433,21.31529172180715,6.537683664146919,21.0,0,-0.31529172180714937,21.509798131591843,20.5,21.5
1006.0,21.04749471513869,21.27642902769833,6.53879911009379,21.0,0,-0.276429027698331,20.887802086610147,20.5,21.5
1007.0,21.044592976017682,21.314978850518887,6.539913384178199,21.0,0,-0.3149788505188873,21.70047707872445,20.5,21.5
1008.0,21.041692040099313,21.365671889148103,6.541026485551578,21.0,0,-0.36567188914810345,21.872602275440265,20.5,21.5
1009.0,21.038791906988404,21.39520273987435,6.542138413366253,21.0,0,-0.3952027398743496,21.69051124713681,20.5,21.5
1010.0,21.03589257628968,21.438653550968702,6.54324916677544,21.0,0,-0.4386535509687022,21.873161661912228,20.5,21.5
1011.0,21.032994047607776,21.425915240976302,6.544358744933254,21.0,0,-0.42591524097630185,21.2985321410523,20.5,21.5
1012.0,21.03009632054724,21.506387250547117,6.545467146994702,21.0,0,-0.5063872505471174,22.311107346255273,20.5,21.5
1013.0,21.02719939471253,21.485984851067478,6.546574372115688,21.0,0,-0.485984851067478,21.281960856271084,20.5,21.5
1014.0,21.02430326970801,21.427867795015796,6.5476804194530125,21.0,0,-0.4278677950157963,20.84669723449898,20.5,21.5
1015.0,21.02140794513796,21.358420858214977,6.548785288164371,21.0,0,-0.35842085821497705,20.663951490206784,20.5,21.5
1016.0,21.018513420606563,21.371852001049916,6.54988897740836,21.0,0,-0.3718520010499162,21.506163429399308,20.5,21.5
1017.0,21.015619695717923,21.258864611846278,6.5509914863444685,21.0,1,-0.2588646118462776,20.12899071980989,20.5,21.5
1018.0,21.03272677007605,21.222876834454837,6.552092814133092,21.0,1,-0.22287683445483708,20.86299906054043,20.5,21.5
1019.0,21.04983064328486,21.23371687745144,6.553192959935519,21.0,1,-0.23371687745143888,21.342117307417457,20.5,21.5
1020.0,21.06693131574819,21.222971318736064,6.554291922913942,21.0,1,-0.22297131873606446,21.11551573158232,20.5,21.5
1021.0,21.08402878786962,21.290826311955435,6.555389702231452,21.0,0,-0.29082631195543485,21.96937624414914,20.5,21.5
1022.0,21.08112306005249,21.402242088241206,6.556486297052042,21.0,0,-0.40224208824120566,22.516399851098914,20.5,21.5
1023.0,21.07821813269989,21.363827792878997,6.557581706540608,21.0,0,-0.3638277928789968,20.979684839256908,20.5,21.5
1024.0,21.07531400541466,21.40376306122628,6.5586759298629485,21.0,0,-0.4037630612262788,21.8031157446991,20.5,21.5
1025.0,21.07241067779955,21.44391748215172,6.559768966185763,21.0,0,-0.44391748215171845,21.845461691406115,20.5,21.5
1026.0,21.069508149457228,21.411488655345007,6.560860814676659,21.0,0,-0.411488655345007,21.087200387277893,20.5,21.5
1027.0,21.066606419990272,21.32069858079031,6.561951474504146,21.0,1,-0.3206985807903102,20.412797835243342,20.5,21.5
1028.0,21.083705489001176,21.34889312754127,6.5630409448376374,21.0,0,-0.34889312754127033,21.63083859505087,20.5,21.5
1029.0,21.080801356092344,21.37678159610991,6.564129224847456,21.0,0,-0.376781596109911,21.655666281796318,20.5,21.5
1030.0,21.077898021666094,21.411736929133163,6.565216313704828,21.0,0,-0.41173692913316273,21.76129025936568,20.5,21.5
1031.0,21.0749954853245,21.421924675287155,6.566302210581888,21.0,0,-0.4219246752871548,21.523802136827076,20.5,21.5
1032.0,21.07209374666955,21.447467826193872,6.56738691465168,21.0,0,-0.44746782619387204,21.702899335261044,20.5,21.5
1033.0,21.06919280530315,21.468722913168996,6.568470425088152,21.0,0,-0.46872291316899606,21.681273782920236,20.5,21.5
1034.0,21.066292660827106,21.392967250539208,6.569552741066166,21.0,0,-0.39296725053920767,20.635410624241324,20.5,21.5
1035.0,21.063393312843154,21.348534947430885,6.57063386176149,21.0,0,-0.34853494743088476,20.904211916347656,20.5,21.5
1036.0,21.06049476095294,21.309200865115134,6.571713786350804,21.0,0,-0.3092008651151339,20.915860041957625,20.5,21.5
1037.0,21.05759700475802,21.32998392227963,6.572792514011698,21.0,0,-0.3299839222796308,21.5378144939246,20.5,21.5
1038.0,21.05470004385987,21.252071902326485,6.573870043922675,21.0,1,-0.2520719023264846,20.472951702795022,20.5,21.5
1039.0,21.07180387785988,21.309321789726255,6.574946375263147,21.0,0,-0.3093217897262548,21.881820663723957,20.5,21.5
1040.0,21.068904506359363,21.375393705789868,6.576021507213444,21.0,0,-0.3753937057898682,22.036112866426002,20.5,21.5
1041.0,21.066005929759534,21.365796491473752,6.577095438954804,21.0,0,-0.36579649147375193,21.26982434831259,20.5,21.5
1042.0,21.063108147661374,21.328209040997542,6.5781681696693814,21.0,0,-0.32820904099754244,20.952334536235448,20.5,21.5
1043.0,21.060211159665776,21.451406354514003,6.5792396985402455,21.0,0,-0.4514063545140026,22.683379489678604,20.5,21.5
1044.0,21.05731496537355,21.392583679962694,6.58031002475138,21.0,0,-0.3925836799626943,20.80435693444961,20.5,21.5
1045.0,21.054419564385427,21.346985557824375,6.581379147487686,21.0,0,-0.34698555782437523,20.891004336441185,20.5,21.5
1046.0,21.051524956302046,21.33747683145606,6.58244706593498,21.0,0,-0.33747683145605833,21.24238956777289,20.5,21.5
1047.0,21.048631140723973,21.298897981278113,6.583513779279994,21.0,0,-0.2988979812781132,20.91310947949866,20.5,21.5
1048.0,21.045738117251684,21.19521149994931,6.584579286710381,21.0,1,-0.1952114999493091,20.158346686661268,20.5,21.5
1049.0,21.062845885485576,21.283069105954496,6.58564358741471,21.0,0,-0.2830691059544961,22.161645166006366,20.5,21.5
1050.0,21.05995044502596,21.29094726423815,6.58670668058247,21.0,0,-0.29094726423814876,21.369728847074676,20.5,21.5
1051.0,21.057055796273072,21.306492678007665,6.587768565404069,21.0,0,-0.30649267800766467,21.461946815702824,20.5,21.5
1052.0,21.054161938826898,21.35287329420848,6.588829241070837,21.0,0,-0.3528732942084787,21.81667945621662,20.5,21.5
1053.0,21.051268872287345,21.40503216529151,6.58988870677502,21.0,0,-0.40503216529150876,21.92662087612181,20.5,21.5
1054.0,21.048376596254244,21.306188108956956,6.5909469617097916,21.0,1,-0.30618810895695603,20.31774754561143,20.5,21.5
1055.0,21.065485110327334,21.323618769224794,6.592004005069244,21.0,1,-0.3236187692247938,21.49792537190317,20.5,21.5
1056.0,21.08259041410628,21.30118259325015,6.5930598360483925,21.0,1,-0.3011825932501502,21.076820833503714,20.5,21.5
1057.0,21.09969250799067,21.35093014210796,6.594114453843176,21.0,0,-0.35093014210795914,21.84840563068605,20.5,21.5
1058.0,21.096791392379842,21.35916371628467,6.595167857650457,21.0,0,-0.3591637162846695,21.441499458051773,20.5,21.5
1059.0,21.093891067672896,21.406662656462615,6.596220046668023,21.0,0,-0.4066626564626148,21.881652058242068,20.5,21.5
1060.0,21.090991533468696,21.36771144767267,6.597271020094586,21.0,0,-0.3677114476726686,20.978199359773207,20.5,21.5
1061.0,21.08809278936602,21.321532022388062,6.598320777129784,21.0,0,-0.32153202238806244,20.859737769542,20.5,21.5
1062.0,21.085194834963573,21.30637931376584,6.599369316974181,21.0,0,-0.3063793137658415,21.154852227543632,20.5,21.5
1063.0,21.082297669859976,21.24186622652629,6.6004166388292695,21.0,0,-0.24186622652629097,20.596735354130786,20.5,21.5
1064.0,21.07940129365377,21.310195497554297,6.601462741897467,21.0,0,-0.31019549755429665,21.993488207834353,20.5,21.5
1065.0,21.07650570594342,21.302042208645638,6.602507625382121,21.0,0,-0.3020422086456378,21.22050931955905,20.5,21.5
1066.0,21.073610906327307,21.38245014699995,6.603551288487508,21.0,0,-0.3824501469999504,22.186529530543076,20.5,21.5
1067.0,21.070716894403738,21.337458619637186,6.6045937304188325,21.0,0,-0.3374586196371858,20.88754334600954,20.5,21.5
1068.0,21.06782366977094,21.426543018206626,6.605634950382229,21.0,0,-0.4265430182066261,22.31738700390103,20.5,21.5
1069.0,21.064931232027064,21.366676599390566,6.606674947584764,21.0,0,-0.3666765993905656,20.76801241122996,20.5,21.5
1070.0,21.062039580770175,21.447619289521533,6.607713721234434,21.0,0,-0.4476192895215334,22.25704619083121,20.5,21.5
1071.0,21.05914871559827,21.42391946062888,6.608751270540169,21.0,0,-0.42391946062888053,21.186921171702352,20.5,21.5
1072.0,21.05625863610926,21.469817060887774,6.609787594711828,21.0,0,-0.46981706088777386,21.928793063476707,20.5,21.5
1073.0,21.05336934190098,21.518476946047628,6.610822692960206,21.0,0,-0.5184769460476275,22.005075797646164,20.5,21.5
1074.0,21.05048083257119,21.556765307189035,6.611856564497032,21.0,0,-0.5567653071890355,21.939648918603115,20.5,21.5
1075.0,21.047593107717574,21.53287977208941,6.612889208534965,21.0,0,-0.5328797720894087,21.29402442109314,20.5,21.5
1076.0,21.044706166937736,21.537478483370712,6.613920624287604,21.0,0,-0.5374784833707125,21.58346559618375,20.5,21.5
1077.0,21.041820009829205,21.53181263064726,6.6149508109694795,21.0,0,-0.5318126306472593,21.475154103412727,20.5,21.5
1078.0,21.038934635989435,21.36231996355052,6.615979767796061,21.0,1,-0.36231996355051876,19.667393292583114,20.5,21.5
1079.0,21.056050045015795,21.3086129759516,6.617007493983752,21.0,1,-0.30861297595160053,20.771543099962418,20.5,21.5
1080.0,21.07316223650559,21.35036245129954,6.618033988749895,21.0,0,-0.3503624512995387,21.76785720477892,20.5,21.5
1081.0,21.07027121085604,21.3926015754366,6.619059251312769,21.0,0,-0.39260157543660057,21.81499281680722,20.5,21.5
1082.0,21.06738096846413,21.459764365947773,6.620083280891592,21.0,0,-0.45976436594777326,22.1313922710595,20.5,21.5
1083.0,21.064491508926615,21.486237232966236,6.621106076706521,21.0,0,-0.48623723296623567,21.75096590315086,20.5,21.5
1084.0,21.061602831840172,21.49353616614445,6.622127637978653,21.0,0,-0.4935361661444517,21.566525497926612,20.5,21.5
1085.0,21.0587149368014,21.480971793426722,6.623147963930025,21.0,0,-0.4809717934267219,21.355328066249424,20.5,21.5
1086.0,21.055827823406826,21.433293619758704,6.624167053783612,21.0,0,-0.43329361975870384,20.956511883078523,20.5,21.5
1087.0,21.052941491252902,21.367548162013055,6.6251849067633355,21.0,0,-0.36754816201305474,20.710093584556564,20.5,21.5
1088.0,21.050055939936005,21.42211331763938,6.626201522094055,21.0,0,-0.4221133176393792,21.967764873902624,20.5,21.5
1089.0,21.047171169052437,21.450590208993713,6.627216899001574,21.0,0,-0.45059020899371305,21.73535912253705,20.5,21.5
1090.0,21.044287178198427,21.39475044400242,6.628231036712639,21.0,0,-0.394750444002419,20.83635279408948,20.5,21.5
1091.0,21.04140396697013,21.448039239204153,6.629243934454938,21.0,0,-0.448039239204153,21.980927191221493,20.5,21.5
1092.0,21.03852153496363,21.44761311785406,6.630255591457108,21.0,0,-0.4476131178540612,21.443351904353143,20.5,21.5
1093.0,21.035639881774927,21.42987528304814,6.631266006948728,21.0,0,-0.4298752830481405,21.252496934988933,20.5,21.5
1094.0,21.03275900699996,21.281067172193396,6.63227518016032,21.0,1,-0.2810671721933957,19.792986063645948,20.5,21.5
1095.0,21.049878910234593,21.152615161552028,6.633283110323358,21.0,1,-0.1526151615520277,19.868095055138348,20.5,21.5
1096.0,21.066995591074612,21.154047778911995,6.634289796670257,21.0,1,-0.15404777891199473,21.168373952511665,20.5,21.5
1097.0,21.08410904991573,21.13049108801556,6.635295238434383,21.0,1,-0.1304910880155603,20.894924179051216,20.5,21.5
1098.0,21.101219287153434,21.199059467463677,6.636299434850047,21.0,0,-0.19905946746367675,21.88474326194484,20.5,21.5
1099.0,21.098326303182972,21.334021441238587,6.637302385152511,21.0,0,-0.3340214412385869,22.68364117898769,20.5,21.5
1100.0,21.095434098399366,21.46968395554299,6.638304088577984,21.0,0,-0.46968395554299036,22.826309098587025,20.5,21.5
1101.0,21.092542672397403,21.43610248069572,6.639304544363625,21.0,0,-0.43610248069571966,21.100287732223013,20.5,21.5
1102.0,21.089652024771798,21.410101788682937,6.640303751747544,21.0,0,-0.4101017886829368,21.150094868555108,20.5,21.5
1103.0,21.086762155117192,21.33383659087738,6.641301709968801,21.0,0,-0.3338365908773788,20.5711846128218,20.5,21.5
1104.0,21.08387306302816,21.25849684389441,6.6422984182674085,21.0,0,-0.2584968438944095,20.505099374064716,20.5,21.5
1105.0,21.08098474809921,21.214227824792637,6.643293875884327,21.0,0,-0.21422782479263702,20.771537633774912,20.5,21.5
1106.0,21.078097209924767,21.21826057329279,6.6442880820614745,21.0,0,-0.21826057329278825,21.2585880582943,20.5,21.5
1107.0,21.075210448099195,21.3175045111576,6.64528103604172,21.0,0,-0.31750451115760114,22.30994388980573,20.5,21.5
1108.0,21.072324462216784,21.309804718834542,6.646272737068884,21.0,0,-0.30980471883454186,21.23280679560395,20.5,21.5
1109.0,21.069439251871753,21.41706711924953,6.647263184387744,21.0,0,-0.41706711924953055,22.489691123399417,20.5,21.5
1110.0,21.066554816658257,21.496631536811933,6.648252377244031,21.0,0,-0.4966315368119325,22.292275712435952,20.5,21.5
1111.0,21.063671156170376,21.477331984281243,6.649240314884432,21.0,0,-0.4773319842812427,21.284336458974344,20.5,21.5
1112.0,21.060788270002117,21.428690024271585,6.65022699655659,21.0,0,-0.4286900242715852,20.94227042417501,20.5,21.5
1113.0,21.05790615774743,21.459074943252755,6.651212421509103,21.0,0,-0.4590749432527552,21.762924133064455,20.5,21.5
1114.0,21.05502481900018,21.42618718310688,6.6521965889915275,21.0,0,-0.42618718310687953,21.097309581648123,20.5,21.5
1115.0,21.05214425335418,21.368859959186274,6.653179498254377,21.0,0,-0.368859959186274,20.79558771998022,20.5,21.5
1116.0,21.04926446040316,21.487542135896827,6.654161148549123,21.0,0,-0.4875421358968275,22.674363903002362,20.5,21.5
1117.0,21.04638543974079,21.38692990406658,6.655141539128198,21.0,1,-0.3869299040665801,20.380807585764106,20.5,21.5
1118.0,21.063507190960667,21.397084604170097,6.656120669244989,21.0,1,-0.3970846041700966,21.49863160520526,20.5,21.5
1119.0,21.080625713656325,21.349169008515663,6.657098538153847,21.0,1,-0.3491690085156627,20.870013051971323,20.5,21.5
1120.0,21.097741008221224,21.398533318820444,6.658075145110083,21.0,0,-0.3985333188204443,21.89217642186826,20.5,21.5
1121.0,21.0948530750486,21.37961534005109,6.659050489369968,21.0,0,-0.3796153400510889,21.190435552357535,20.5,21.5
1122.0,21.091965914531464,21.49684728569411,6.6600245701907355,21.0,0,-0.4968472856941091,22.66916674212431,20.5,21.5
1123.0,21.089079526262594,21.426029662277575,6.660997386830578,21.0,0,-0.42602966227757477,20.71785342811223,20.5,21.5
1124.0,21.08619390983471,21.495329422391553,6.6619689385486565,21.0,0,-0.49532942239155275,22.188327023531333,20.5,21.5
1125.0,21.083309064840453,21.565166679085713,6.662939224605091,21.0,0,-0.5651666790857135,22.26353924602732,20.5,21.5
1126.0,21.080424990872405,21.566034538227623,6.663908244260965,21.0,0,-0.5660345382276226,21.574713129646714,20.5,21.5
1127.0,21.077541687523084,21.534590476312605,6.6648759967783295,21.0,0,-0.534590476312605,21.22014985716243,20.5,21.5
1128.0,21.074659154384936,21.66307899951944,6.665842481420199,21.0,0,-0.6630789995194384,22.947964231587772,20.5,21.5
1129.0,21.071777391050343,21.64505293255005,6.666807697450553,21.0,0,-0.6450529325500511,21.46479226285618,20.5,21.5
1130.0,21.068896397111622,21.564648583010943,6.667771644134336,21.0,0,-0.5646485830109427,20.760605087619858,20.5,21.5
1131.0,21.066016172161028,21.47724760583804,6.668734320737463,21.0,0,-0.47724760583804127,20.603237834109027,20.5,21.5
1132.0,21.063136715790744,21.514499655841668,6.669695726526813,21.0,0,-0.5144996558416679,21.887020155877934,20.5,21.5
1133.0,21.06025802759289,21.453154583881236,6.670655860770234,21.0,0,-0.4531545838812363,20.83970386427692,20.5,21.5
1134.0,21.057380107159528,21.469274950293148,6.671614722736541,21.0,0,-0.4692749502931477,21.63047861441226,20.5,21.5
1135.0,21.054502954082643,21.39806537338847,6.672572311695519,21.0,0,-0.39806537338846937,20.685969604341686,20.5,21.5
1136.0,21.051626567954166,21.459542321487078,6.673528626917923,21.0,0,-0.45954232148707774,22.07431180247316,20.5,21.5
1137.0,21.04875094836596,21.369570373831426,6.674483667675478,21.0,1,-0.36957037383142577,20.469850897274906,20.5,21.5
1138.0,21.06587609490982,21.304293855823396,6.6754374332408775,21.0,1,-0.30429385582339563,20.651528675743094,20.5,21.5
1139.0,21.082998007177487,21.330765989159616,6.676389922887788,21.0,0,-0.33076598915961597,21.59548732252182,20.5,21.5
1140.0,21.08011668556063,21.405971311707297,6.677341135890848,21.0,0,-0.4059713117072974,22.15802453718411,20.5,21.5
1141.0,21.077236130450697,21.350390788490138,6.678291071525667,21.0,0,-0.35039078849013805,20.794585556318545,20.5,21.5
1142.0,21.07435634143891,21.39921641780434,6.679239729068827,21.0,0,-0.3992164178043396,21.887472710946355,20.5,21.5
1143.0,21.071477318116436,21.462025842244433,6.680187107797884,21.0,0,-0.462025842244433,22.090120086645367,20.5,21.5
1144.0,21.068599060074373,21.389982518874312,6.681133206991369,21.0,0,-0.38998251887431223,20.669549285173105,20.5,21.5
1145.0,21.065721566903758,21.314325083760618,6.682078025928785,21.0,0,-0.3143250837606182,20.557750732623678,20.5,21.5
1146.0,21.062844838195563,21.33624778713775,6.6830215638906125,21.0,0,-0.3362477871377507,21.555474820909076,20.5,21.5
1147.0,21.0599688735407,21.328076463722127,6.683963820158306,21.0,0,-0.32807646372212673,21.246363229565887,20.5,21.5
1148.0,21.057093672530023,21.309785122059424,6.684904794014296,21.0,0,-0.30978512205942366,21.126871705432393,20.5,21.5
1149.0,21.05421923475432,21.334110117860778,6.685844484741989,21.0,0,-0.33411011786077793,21.57736007587432,20.5,21.5
1150.0,21.051345559804318,21.33960915978716,6.686782891625771,21.0,0,-0.3396091597871589,21.39459957905097,20.5,21.5
1151.0,21.048472647270682,21.304927600328075,6.687720013951005,21.0,0,-0.30492760032807453,20.95811200573723,20.5,21.5
1152.0,21.04560049674402,21.307499218866933,6.688655851004031,21.0,0,-0.30749921886693343,21.333215404255522,20.5,21.5
1153.0,21.04272910781487,21.335252881823312,6.689590402072167,21.0,0,-0.3352528818233118,21.612789511387096,20.5,21.5
1154.0,21.039858480073722,21.31704158750005,6.690523666443712,21.0,0,-0.31704158750005007,21.134928644267433,20.5,21.5
1155.0,21.036988613110996,21.375602026430677,6.691455643407947,21.0,0,-0.37560202643067697,21.961206415736946,20.5,21.5
1156.0,21.034119506517055,21.38348500299744,6.692386332255128,21.0,0,-0.38348500299743904,21.46231476866506,20.5,21.5
1157.0,21.031251159882203,21.391368797486134,6.693315732276497,21.0,0,-0.39136879748613396,21.470206742373083,20.5,21.5
1158.0,21.02838357279668,21.352290613980472,6.6942438427642745,21.0,0,-0.3522906139804718,20.96150877892385,20.5,21.5
1159.0,21.025516744850673,21.403170442359723,6.695170663011664,21.0,0,-0.4031704423597233,21.91196872615224,20.5,21.5
1160.0,21.022650675634306,21.394895723964616,6.696096192312852,21.0,0,-0.39489572396461625,21.312148540013546,20.5,21.5
1161.0,21.019785364737643,21.386972955223523,6.697020429963008,21.0,0,-0.3869729552235235,21.307745267812596,20.5,21.5
1162.0,21.016920811750687,21.367111770489082,6.697943375258283,21.0,0,-0.36711177048908183,21.168499923144665,20.5,21.5
1163.0,21.01405701626339,21.40101216710321,6.698865027495816,21.0,0,-0.40101216710321097,21.740016133244502,20.5,21.5
1164.0,21.011193977865638,21.30435791990653,6.699785385973728,21.0,1,-0.30435791990652916,20.33781544793971,20.5,21.5
1165.0,21.02833169614726,21.22482786340145,6.700704449991125,21.0,1,-0.2248278634014511,20.42952729835067,20.5,21.5
1166.0,21.045466170698027,21.262287321045534,6.701622218848103,21.0,0,-0.26228732104553387,21.63688189748636,20.5,21.5
1167.0,21.042597401907656,21.338583488240992,6.702538691845737,21.0,0,-0.3385834882409924,22.101545160195577,20.5,21.5
1168.0,21.039729390165643,21.338296074184,6.703453868286095,21.0,0,-0.3382960741840009,21.335421933614086,20.5,21.5
1169.0,21.036862135061266,21.419956981431355,6.704367747472231,21.0,0,-0.41995698143135485,22.236566053904895,20.5,21.5
1170.0,21.03399563618375,21.50111377661174,6.705280328708184,21.0,0,-0.5011137766117386,22.312681728415576,20.5,21.5
1171.0,21.031129893122255,21.44026336139273,6.706191611298986,21.0,0,-0.4402633613927307,20.83175920920265,20.5,21.5
1172.0,21.02826490546589,21.272128007074855,6.707101594550655,21.0,1,-0.27212800707485485,19.590774463896096,20.5,21.5
1173.0,21.045400672803705,21.25597393199588,6.708010277770198,21.0,1,-0.2559739319958787,21.094433181206117,20.5,21.5
1174.0,21.062533194724697,21.248635459725815,6.708917660265615,21.0,1,-0.2486354597258149,21.175250737025177,20.5,21.5
1175.0,21.079662471617805,21.2909622210015,6.709823741345893,21.0,0,-0.29096222100150015,21.714229833758353,20.5,21.5
1176.0,21.07678850387175,21.29762887407083,6.710728520321013,21.0,0,-0.2976288740708313,21.364295404764142,20.5,21.5
1177.0,21.07391529187504,21.42188721104265,6.711631996501946,21.0,0,-0.4218872110426517,22.664470580760856,20.5,21.5
1178.0,21.071042835215966,21.373832974785945,6.712534169200657,21.0,0,-0.37383297478594457,20.893290612218873,20.5,21.5
1179.0,21.068171133482764,21.317785775226064,6.713435037730099,21.0,0,-0.31778577522606355,20.757313779627253,20.5,21.5
1180.0,21.065300186263613,21.24896443326433,6.714334601404225,21.0,0,-0.24896443326433015,20.560751013646996,20.5,21.5
1181.0,21.06242999314664,21.302711086884067,6.715232859537975,21.0,0,-0.30271108688406656,21.84017762308143,20.5,21.5
1182.0,21.05956055371992,21.210190035150834,6.716129811447289,21.0,1,-0.21019003515083412,20.28497951781851,20.5,21.5
1183.0,21.076691867571466,21.262904247900753,6.717025456449098,21.0,0,-0.26290424790075306,21.790046375399942,20.5,21.5
1184.0,21.07381993428924,21.255108456705578,6.717919793861329,21.0,0,-0.25510845670557813,21.17715054475383,20.5,21.5
1185.0,21.070948754261156,21.33871189761299,6.718812823002906,21.0,0,-0.33871189761298837,22.17474630668709,20.5,21.5
1186.0,21.068078327074904,21.363707615172096,6.719704543193747,21.0,0,-0.36370761517209615,21.613664790763174,20.5,21.5
1187.0,21.065208652318127,21.393085689474326,6.72059495375477,21.0,0,-0.39308568947432576,21.686866432496622,20.5,21.5
1188.0,21.062339729578415,21.390082895447325,6.721484054007887,21.0,0,-0.3900828954473248,21.360054955177315,20.5,21.5
1189.0,21.059471558443303,21.437688310906783,6.722371843276012,21.0,0,-0.4376883109067826,21.91374246550136,20.5,21.5
1190.0,21.05660413850027,21.357746556952037,6.723258320883051,21.0,0,-0.35774655695203705,20.55832901740458,20.5,21.5
1191.0,21.053737469336745,21.265757940916085,6.724143486153917,21.0,1,-0.2657579409160853,20.345871780556568,20.5,21.5
1192.0,21.070871550540108,21.323766811235892,6.725027338414515,21.0,0,-0.3237668112358918,21.903855514433957,20.5,21.5
1193.0,21.06800238169768,21.3124554826236,6.7259098769917545,21.0,0,-0.31245548262360145,21.199342196500698,20.5,21.5
1194.0,21.06513396319674,21.34330469294374,6.726791101213543,21.0,0,-0.34330469294373955,21.65179679614512,20.5,21.5
1195.0,21.062266294624344,21.237896385377788,6.727671010408791,21.0,1,-0.23789638537778757,20.183813309718268,20.5,21.5
1196.0,21.0793993755675,21.279966768285753,6.7285496039074095,21.0,0,-0.2799667682857532,21.70067059736541,20.5,21.5
1197.0,21.07652920561317,21.231958855132785,6.72942688104031,21.0,0,-0.2319588551327847,20.7518797236031,20.5,21.5
1198.0,21.073659785148255,21.224861220069688,6.730302841139409,21.0,0,-0.22486122006968756,21.153884869438716,20.5,21.5
1199.0,21.07079111375945,21.149265926545944,6.731177483537624,21.0,1,-0.14926592654594373,20.393312991308505,20.5,21.5
1200.0,21.087923191033408,21.256313748864308,1.7320508075688767,21.0,0,-0.2563137488643079,22.32679197204795,20.5,21.5
1201.0,21.084052016556715,21.231661617264514,1.732922812568094,21.0,0,-0.23166161726451406,20.985140301266576,20.5,21.5
1202.0,21.080181790715915,21.222411012717032,1.733793497871206,21.0,0,-0.222411012717032,21.12990496724221,20.5,21.5
1203.0,21.076312513057346,21.144352218316957,1.7346628628151457,21.0,1,-0.144352218316957,20.363764274316207,20.5,21.5
1204.0,21.0924441831273,21.155968083810002,1.735530906737857,21.0,1,-0.15596808381000216,21.272126738740454,20.5,21.5
1205.0,21.10857280047202,21.139344952399405,1.7363976289782848,21.0,1,-0.13934495239940503,20.973113638293434,20.5,21.5
1206.0,21.124698365437723,21.188170483870632,1.7372630288763826,21.0,0,-0.18817048387063195,21.6764257985829,20.5,21.5
1207.0,21.12082087837041,21.25267545901918,1.7381271057731107,21.0,0,-0.25267545901918,21.89772521050466,20.5,21.5
1208.0,21.11694433961589,21.34060972816357,1.738989859010438,21.0,0,-0.34060972816357094,22.21995241960748,20.5,21.5
1209.0,21.11306874871977,21.36492845822732,1.739851287931339,21.0,0,-0.36492845822731823,21.60811575886479,20.5,21.5
1210.0,21.109194105227612,21.414026025096454,1.740711391879799,21.0,0,-0.4140260250964545,21.905001693787817,20.5,21.5
1211.0,21.105320408684943,21.395373073676964,1.741570170200811,21.0,0,-0.3953730736769643,21.208843559482062,20.5,21.5
1212.0,21.101447658637245,21.284175178971147,1.7424276222403785,21.0,1,-0.28417517897114664,20.17219623191297,20.5,21.5
1213.0,21.117575854629965,21.306817121438527,1.7432837473455143,21.0,0,-0.30681712143852735,21.533236546112335,20.5,21.5
1214.0,21.113700996208507,21.36997395185774,1.7441385448642412,21.0,0,-0.36997395185774096,22.001542256049877,20.5,21.5
1215.0,21.109827083718237,21.394060684822612,1.744992014145594,21.0,0,-0.3940606848226125,21.634928014471328,20.5,21.5
1216.0,21.10595411670432,21.37669397231839,1.7458441545396193,21.0,0,-0.37669397231838886,21.203026847276153,20.5,21.5
1217.0,21.10208209471189,21.414484078009632,1.7466949653973742,21.0,0,-0.4144840780096324,21.792385134922068,20.5,21.5
1218.0,21.098211017286026,21.39171651101004,1.7475444460709308,21.0,0,-0.39171651101003846,21.1640408410141,20.5,21.5
1219.0,21.094340883971782,21.32207366757605,1.7483925959133702,21.0,0,-0.32207366757604916,20.625645233236156,20.5,21.5
1220.0,21.09047169431417,21.307864380439177,1.749239414278792,21.0,0,-0.3078643804391774,21.16577150907046,20.5,21.5
1221.0,21.086603447858163,21.272087440572722,1.750084900522305,21.0,0,-0.27208744057272227,20.91431804190817,20.5,21.5
1222.0,21.082736144148697,21.290527488058906,1.7509290540000357,21.0,0,-0.29052748805890616,21.474927962920745,20.5,21.5
1223.0,21.078869782730667,21.289976984959395,1.7517718740691244,21.0,0,-0.28997698495939517,21.284471953964285,20.5,21.5
1224.0,21.075004363148935,21.31069492741465,1.752613360087727,21.0,0,-0.31069492741465154,21.517874351967215,20.5,21.5
1225.0,21.071139884948323,21.236101865385518,1.7534535114150156,21.0,1,-0.23610186538551758,20.490171245094178,20.5,21.5
1226.0,21.087276347673615,21.361314243672545,1.7542923274111777,21.0,0,-0.3613142436725454,22.613438026542823,20.5,21.5
1227.0,21.083409750869563,21.400593404151394,1.7551298074374184,21.0,0,-0.4005934041513939,21.79338500893988,20.5,21.5
1228.0,21.079544094880877,21.39212094720668,1.7559659508559609,21.0,0,-0.39212094720668134,21.307396377759556,20.5,21.5
1229.0,21.075679379252072,21.39592887020965,1.756800757030046,21.0,0,-0.3959288702096515,21.434008100239353,20.5,21.5
1230.0,21.07181560352763,21.484116968162407,1.7576342253239305,21.0,0,-0.48411696816240735,22.365997947689966,20.5,21.5
1231.0,21.067952767251988,21.419156855032057,1.758466355102894,21.0,0,-0.4191568550320568,20.76955572372855,20.5,21.5
1232.0,21.064090869969558,21.419112237415696,1.7592971457332327,21.0,0,-0.41911223741569614,21.41866606125209,20.5,21.5
1233.0,21.06022991122471,21.39370297111885,1.7601265965822641,21.0,0,-0.39370297111884867,21.139610308150374,20.5,21.5
1234.0,21.056369890561783,21.3400456257012,1.7609547070183238,21.0,0,-0.340045625701201,20.803472171524724,20.5,21.5
1235.0,21.052510807525074,21.324311628357087,1.7617814764107713,21.0,0,-0.32431162835708705,21.166971654915947,20.5,21.5
1236.0,21.048652661658853,21.298217827791337,1.762606904129984,21.0,0,-0.298217827791337,21.037279822133836,20.5,21.5
1237.0,21.044795452507348,21.280168546831668,1.7634309895473645,21.0,0,-0.2801685468316677,21.099675737234975,20.5,21.5
1238.0,21.040939179614757,21.281894524867326,1.7642537320353355,21.0,0,-0.2818945248673259,21.299154305223908,20.5,21.5
1239.0,21.03708384252524,21.29782031460658,1.7650751309673423,21.0,0,-0.29782031460657876,21.457078211999107,20.5,21.5
1240.0,21.03322944078293,21.211135793478352,1.765895185717854,21.0,1,-0.21113579347835199,20.344290582196084,20.5,21.5
1241.0,21.049375973931916,21.18734830991469,1.7667138956623631,21.0,1,-0.18734830991468954,20.949473474278065,20.5,21.5
1242.0,21.065519441516262,21.176910222437733,1.7675312601773872,21.0,1,-0.17691022243773347,21.072529347668173,20.5,21.5
1243.0,21.081659843879994,21.221228618987745,1.7683472786404666,21.0,0,-0.2212286189877446,21.664412584487856,20.5,21.5
1244.0,21.077797181366947,21.275794426388064,1.7691619504301679,21.0,0,-0.27579442638806384,21.821452500391256,20.5,21.5
1245.0,21.07393545432076,21.25238662017881,1.7699752749260833,21.0,0,-0.25238662017881097,21.018308558086282,20.5,21.5
1246.0,21.07007466228488,21.233170161858382,1.7707872515088319,21.0,0,-0.23317016185838213,21.041005578654094,20.5,21.5
1247.0,21.066214804802726,21.26181178903412,1.7715978795600567,21.0,0,-0.2618117890341196,21.548228060791494,20.5,21.5
1248.0,21.062355881417677,21.238482189206714,1.7724071584624292,21.0,0,-0.2384821892067137,21.005186190932655,20.5,21.5
1249.0,21.058497891673085,21.165265125603423,1.7732150875996497,21.0,1,-0.16526512560342255,20.43309448957051,20.5,21.5
1250.0,21.07464083511227,21.27104466273291,1.7740216663564432,21.0,0,-0.2710446627329084,22.328840034027767,20.5,21.5
1251.0,21.07078071127852,21.31863331605919,1.7748268941185668,21.0,0,-0.31863331605919143,21.794519849322022,20.5,21.5
1252.0,21.066921520515088,21.347401248375245,1.7756307702728025,21.0,0,-0.34740124837524533,21.635080571535784,20.5,21.5
1253.0,21.063063262365038,21.311969942252055,1.7764332942069654,21.0,0,-0.31196994225205543,20.957656881020156,20.5,21.5
1254.0,21.059205936371406,21.35793109402833,1.7772344653098973,21.0,0,-0.3579310940283307,21.817542611791083,20.5,21.5
1255.0,21.05534954207719,21.266984136988636,1.7780342829714728,21.0,1,-0.2669841369886363,20.357514566591693,20.5,21.5
1256.0,21.07149407902537,21.21739990981224,1.7788327465825953,21.0,1,-0.2173999098122401,20.721557638048278,20.5,21.5
1257.0,21.087635546758882,21.153076951228098,1.7796298555352,21.0,1,-0.1530769512280976,20.509847365386673,20.5,21.5
1258.0,21.103773945620638,21.217912329621996,1.7804256092222532,21.0,0,-0.21791232962199558,21.866266113560975,20.5,21.5
1259.0,21.099909275953358,21.217395941418683,1.7812200070377546,21.0,0,-0.21739594141868324,21.21223205938556,20.5,21.5
1260.0,21.096045538099574,21.302973985471546,1.7820130483767356,21.0,0,-0.30297398547154586,22.158754426000172,20.5,21.5
1261.0,21.09218273160163,21.38004946176467,1.7828047326352605,21.0,0,-0.3800494617646706,22.150804224695918,20.5,21.5
1262.0,21.088320856001836,21.41225042863012,1.7835950592104277,21.0,0,-0.41225042863012007,21.734260097284615,20.5,21.5
1263.0,21.08445991084248,21.401282534307263,1.7843840275003693,21.0,0,-0.40128253430726346,21.291603591078697,20.5,21.5
1264.0,21.08059989566581,21.421803182507485,1.7851716369042512,21.0,0,-0.4218031825074853,21.627009664509703,20.5,21.5
1265.0,21.07674081001406,21.35290163212143,1.785957886822274,21.0,0,-0.35290163212143,20.663886128260877,20.5,21.5
1266.0,21.07288265342942,21.339730774173745,1.7867427766556752,21.0,0,-0.339730774173745,21.208022194696895,20.5,21.5
1267.0,21.069025425454065,21.34378639648883,1.7875263058067263,21.0,0,-0.3437863964888308,21.38434261963969,20.5,21.5
1268.0,21.065169125630135,21.276568061069902,1.788308473678736,21.0,0,-0.27656806106990217,20.604384706880616,20.5,21.5
1269.0,21.061313753499743,21.257945575255604,1.78908927967605,21.0,0,-0.25794557525560435,21.071720717112626,20.5,21.5
1270.0,21.05745930860498,21.32965872229267,1.7898687232040498,21.0,0,-0.32965872229267035,22.04679019266333,20.5,21.5
1271.0,21.0536057904879,21.336317004785933,1.7906468036691559,21.0,0,-0.33631700478593274,21.402899829718557,20.5,21.5
1272.0,21.049753198690535,21.370807688906392,1.7914235204788262,21.0,0,-0.3708076889063925,21.71571453011099,20.5,21.5
1273.0,21.045901532754893,21.404584839363245,1.7921988730415555,21.0,0,-0.4045848393632454,21.742356343931775,20.5,21.5
1274.0,21.042050792222952,21.451349271126986,1.7929728607668807,21.0,0,-0.4513492711269862,21.918993588764394,20.5,21.5
1275.0,21.03820097663666,21.36553927639884,1.7937454830653765,21.0,0,-0.36553927639884165,20.507439329117396,20.5,21.5
1276.0,21.034352085537947,21.35109958990635,1.7945167393486567,21.0,0,-0.35109958990635093,21.206702724981444,20.5,21.5
1277.0,21.03050411846871,21.279072480088598,1.795286629029377,21.0,0,-0.27907248008859753,20.558801381911064,20.5,21.5
1278.0,21.02665707497082,21.28646611412232,1.796055151521231,21.0,0,-0.2864661141223195,21.36040245445954,20.5,21.5
1279.0,21.02281095458613,21.20792899063937,1.7968223062389574,21.0,1,-0.20792899063937043,20.42255775580988,20.5,21.5
1280.0,21.038965756856463,21.214033168960874,1.7975880925983336,21.0,1,-0.21403316896087432,21.275074952175913,20.5,21.5
1281.0,21.055117481323613,21.24590762316846,1.7983525100161808,21.0,0,-0.24590762316845982,21.564652165244315,20.5,21.5
1282.0,21.051266128329353,21.272532632205355,1.799115557910361,21.0,0,-0.27253263220535473,21.538782722574304,20.5,21.5
1283.0,21.047415698215268,21.32448926325922,1.79987723569978,21.0,0,-0.32448926325922045,21.844055573797878,20.5,21.5
1284.0,21.043566190522764,21.43431958785331,1.8006375428043873,21.0,0,-0.4343195878533095,22.5326228337942,20.5,21.5
1285.0,21.03971760479322,21.52885568965244,1.8013964786451755,21.0,0,-0.5288556896524383,22.474216707643727,20.5,21.5
1286.0,21.03586994056799,21.44280275233522,1.802154042644183,21.0,0,-0.4428027523352185,20.58227337916302,20.5,21.5
1287.0,21.03202319738841,21.48924073239517,1.8029102342244911,21.0,0,-0.48924073239517085,21.953620532994695,20.5,21.5
1288.0,21.028177374795774,21.42295671174727,1.8036650528102278,21.0,0,-0.42295671174726834,20.760116505268243,20.5,21.5
1289.0,21.024332472331377,21.395445438325666,1.804418497826564,21.0,0,-0.39544543832566603,21.120332704109643,20.5,21.5
1290.0,21.020488489536476,21.29999625171785,1.8051705686997206,21.0,1,-0.29999625171785027,20.345504385639693,20.5,21.5
1291.0,21.036645425952308,21.38932227696923,1.8059212648569627,21.0,0,-0.3893222769692315,22.282582529483044,20.5,21.5
1292.0,21.032799281120088,21.35385117423652,1.8066705857266019,21.0,0,-0.3538511742365209,20.999140146909415,20.5,21.5
1293.0,21.02895405538101,21.390953843196655,1.8074185307379969,21.0,0,-0.39095384319665527,21.761980532798,20.5,21.5
1294.0,21.025109748276083,21.355922014844065,1.8081650993215561,21.0,0,-0.35592201484406516,21.005603731318164,20.5,21.5
1295.0,21.021266359346292,21.392486425702774,1.8089102909087362,21.0,0,-0.39248642570277426,21.758130534289865,20.5,21.5
1296.0,21.017423888132605,21.346237027330083,1.8096541049320392,21.0,0,-0.34623702733008344,20.883743043603175,20.5,21.5
1297.0,21.013582334175965,21.321553321529787,1.8103965408250193,21.0,0,-0.32155332152978744,21.074716263526827,20.5,21.5
1298.0,21.009741697017294,21.28661815626306,1.8111375980222792,21.0,0,-0.2866181562630601,20.937266503595787,20.5,21.5
1299.0,21.005901976197496,21.283928487800114,1.8118772759594712,21.0,0,-0.2839284878001145,21.25703180317066,20.5,21.5
1300.0,21.002063171257447,21.306013991593986,1.8126155740733,21.0,0,-0.3060139915939857,21.526869029532698,20.5,21.5
1301.0,20.99822528173801,21.325002322903888,1.8133524918015178,21.0,0,-0.3250023229038881,21.514885636002912,20.5,21.5
1302.0,20.99438830718002,21.29454115022076,1.8140880285829297,21.0,0,-0.2945411502207591,20.98992942338947,20.5,21.5
1303.0,20.990552247124302,21.299755577496974,1.8148221838573937,21.0,0,-0.299755577496974,21.351899850259123,20.5,21.5
1304.0,20.986717101111648,21.26311880434971,1.8155549570658174,21.0,0,-0.263118804349709,20.89675107287706,20.5,21.5
1305.0,20.98288286868284,21.226482031202448,1.8162863476501627,21.0,0,-0.2264820312024476,20.860114299729833,20.5,21.5
1306.0,20.979049549378633,21.146214512799958,1.8170163550534433,21.0,1,-0.14621451279995767,20.34353932877506,20.5,21.5
1307.0,20.99521714273977,21.18252577490469,1.8177449787197277,21.0,0,-0.1825257749046898,21.54563839595201,20.5,21.5
1308.0,20.991381648306966,21.235308529103825,1.8184722180941373,21.0,0,-0.2353085291038255,21.763136071095182,20.5,21.5
1309.0,20.987547066420923,21.224186657204953,1.8191980726228465,21.0,0,-0.22418665720495312,21.11296793821623,20.5,21.5
1310.0,20.983713396622164,21.182620270753716,1.8199225417530869,21.0,0,-0.18262027075371634,20.76695640624135,20.5,21.5
1311.0,20.979880638451192,21.18011852945465,1.8206456249331424,21.0,0,-0.18011852945464923,21.155101116463978,20.5,21.5
1312.0,20.976048791448488,21.20502533357719,1.821367321612354,21.0,0,-0.20502533357718988,21.454093374802596,20.5,21.5
1313.0,20.972217855154522,21.133024641937265,1.8220876312411196,21.0,1,-0.13302464193726493,20.413017725538015,20.5,21.5
1314.0,20.98838782910974,21.180115866656614,1.8228065532708904,21.0,0,-0.18011586665661383,21.651028113850103,20.5,21.5
1315.0,20.98455471285457,21.21670623177423,1.8235240871541771,21.0,0,-0.21670623177422854,21.582609882950376,20.5,21.5
1316.0,20.980722506729432,21.260730276672046,1.824240232344546,21.0,0,-0.26073027667204585,21.70097072565022,20.5,21.5
1317.0,20.976891210274555,21.269300385773366,1.8249549882966214,21.0,0,-0.26930038577336646,21.355001476786573,20.5,21.5
1318.0,20.97306082303016,21.260547266562703,1.8256683544660852,21.0,0,-0.26054726656270333,21.173016074456072,20.5,21.5
1319.0,20.969231344536446,21.257548956004207,1.8263803303096795,21.0,0,-0.25754895600420724,21.227565850419246,20.5,21.5
1320.0,20.9654027743336,21.267741327586698,6.8270909152852015,21.0,0,-0.2677413275866982,21.369665043411608,20.5,21.5
1321.0,20.96257511196179,21.277477084207987,6.827800108851512,21.0,0,-0.27747708420798745,21.37483465042088,20.5,21.5
1322.0,20.95974815696117,21.211263541002793,6.828507910468527,21.0,0,-0.21126354100279343,20.549128108950853,20.5,21.5
1323.0,20.95692190891187,21.2542361961005,6.829214319597227,21.0,0,-0.25423619610049997,21.683962747077565,20.5,21.5
1324.0,20.95409636739401,21.178490494032292,6.82991933569965,21.0,1,-0.17849049403229245,20.421033473350217,20.5,21.5
1325.0,20.971271531987668,21.20463467104534,6.830622958238894,21.0,1,-0.2046346710453406,21.466076441175822,20.5,21.5
1326.0,20.988443402272917,21.264579205205145,6.831325186679122,21.0,0,-0.2645792052051448,21.864024546803186,20.5,21.5
1327.0,20.985611978629798,21.26960760328437,6.832026020485555,21.0,0,-0.2696076032843706,21.31989158407663,20.5,21.5
1328.0,20.98278126143817,21.33013002747569,6.832725459124479,21.0,0,-0.33013002747568976,21.93535426938888,20.5,21.5
1329.0,20.979951250277708,21.43197412560582,6.833423502063241,21.0,0,-0.4319741256058194,22.450415106907116,20.5,21.5
1330.0,20.977121944728065,21.402911371590193,6.834120148770248,21.0,0,-0.40291137159019286,21.112283831433928,20.5,21.5
1331.0,20.974293344368874,21.347490716925915,6.8348153987149765,21.0,0,-0.3474907169259147,20.793284170283133,20.5,21.5
1332.0,20.971465448779743,21.36193273599957,6.835509251367962,21.0,0,-0.3619327359995701,21.506352926736124,20.5,21.5
1333.0,20.96863825754026,21.29663477851016,6.836201706200806,21.0,0,-0.2966347785101604,20.643655203616063,20.5,21.5
1334.0,20.96581177022999,21.26417207652212,6.836892762686174,21.0,0,-0.2641720765221187,20.939545056641702,20.5,21.5
1335.0,20.96298598642848,21.208407565254703,6.837582420297796,21.0,0,-0.20840756525470283,20.650762452580544,20.5,21.5
1336.0,20.960160905715256,21.15724952103341,6.838270678510469,21.0,0,-0.1572495210334104,20.645669078820486,20.5,21.5
1337.0,20.957336527669813,21.129442070073814,6.838957536800052,21.0,0,-0.12944207007381436,20.851367560477854,20.5,21.5
1338.0,20.95451285187164,21.175609705843897,6.839642994643475,21.0,0,-0.1756097058438968,21.63728606354472,20.5,21.5
1339.0,20.951689877900197,21.137676961262812,6.840327051518731,21.0,0,-0.13767696126281237,20.758349515451968,20.5,21.5
1340.0,20.94886760533492,21.131422526953088,6.841009706904881,21.0,0,-0.13142252695308798,21.068878183855844,20.5,21.5
1341.0,20.946046033755234,21.16569271541434,6.841690960282053,21.0,0,-0.16569271541434105,21.50839460002687,20.5,21.5
1342.0,20.94322516274054,21.222837534299636,6.842370811131442,21.0,0,-0.22283753429963582,21.794285723152584,20.5,21.5
1343.0,20.940404991870217,21.213890729340072,6.843049258935315,21.0,0,-0.21389072934007203,21.124422679744434,20.5,21.5
1344.0,20.93758552072363,21.166898841088983,6.843726303177001,21.0,0,-0.16689884108898312,20.696979958578094,20.5,21.5
1345.0,20.934766748880122,21.242892361746147,6.844401943340904,21.0,0,-0.24289236174614715,22.002827568317787,20.5,21.5
1346.0,20.931948675919013,21.174850522715143,6.8450761789124925,21.0,1,-0.17485052271514334,20.494432132405105,20.5,21.5
1347.0,20.949131301419612,21.203442118553557,6.845749009378309,21.0,1,-0.2034421185535571,21.489358076937695,20.5,21.5
1348.0,20.966310624961203,21.15040219040229,6.846420434225962,21.0,1,-0.1504021904022892,20.62000290888961,20.5,21.5
1349.0,20.983486646923055,21.18963608333834,6.847090452944133,21.0,0,-0.18963608333833903,21.581975012698837,20.5,21.5
1350.0,20.980659367684257,21.20636600462828,6.847759065022574,21.0,0,-0.20636600462827914,21.37366521752768,20.5,21.5
1351.0,20.977832787623726,21.32279976508918,6.848426269952107,21.0,0,-0.3227997650891794,22.487137369698182,20.5,21.5
1352.0,20.975006906320193,21.263187088471188,6.8490920672246265,21.0,0,-0.263187088471188,20.667060322291274,20.5,21.5
1353.0,20.972181723352374,21.25390614324762,6.849756456333099,21.0,0,-0.25390614324761884,21.161096691011927,20.5,21.5
1354.0,20.969357238298972,21.340378981758494,6.850419436771564,21.0,0,-0.34037898175849435,22.20510736686725,20.5,21.5
1355.0,20.966533450738666,21.33227681875574,6.851081008035132,21.0,0,-0.3322768187557408,21.251255188728205,20.5,21.5
1356.0,20.963710360250126,21.294323763326048,6.85174116961999,21.0,0,-0.29432376332604804,20.91479320902912,20.5,21.5
1357.0,20.960887966412,21.302970665856485,6.852399921023393,21.0,0,-0.3029706658564848,21.389439691160852,20.5,21.5
1358.0,20.95806626880292,21.26865776723653,6.8530572617436745,21.0,0,-0.26865776723652957,20.925528781036977,20.5,21.5
1359.0,20.95524526700151,21.196181787642196,6.853713191280241,21.0,1,-0.19618178764219607,20.47142199169886,20.5,21.5
1360.0,20.972424960586363,21.22254662401183,6.854367709133575,21.0,1,-0.22254662401183012,21.48619498770817,20.5,21.5
1361.0,20.989601349136073,21.230301246524526,6.85502081480523,21.0,1,-0.230301246524526,21.307847471651485,20.5,21.5
1362.0,21.006774433029207,21.275694613113142,6.8556725077978395,21.0,0,-0.27569461311314214,21.729628278999304,20.5,21.5
1363.0,21.00394421264416,21.38258385559518,6.856322787615111,21.0,0,-0.38258385559517905,22.451476280415548,20.5,21.5
1364.0,21.001114688359156,21.39981122605615,6.856971653761827,21.0,0,-0.39981122605615127,21.572084930665874,20.5,21.5
1365.0,20.998285859752237,21.322572989176013,6.857619105743849,21.0,0,-0.3225729891760132,20.550190620374632,20.5,21.5
1366.0,20.995457726401433,21.358902052676648,6.858265143068112,21.0,0,-0.35890205267664754,21.72219268768299,20.5,21.5
1367.0,20.992630287884765,21.331519579417183,6.8589097652426325,21.0,0,-0.3315195794171828,21.057694846822535,20.5,21.5
1368.0,20.989803543780237,21.244591400732258,6.859552971776503,21.0,1,-0.24459140073225782,20.375309613883008,20.5,21.5
1369.0,21.006977493665836,21.259698165846775,6.860194762179892,21.0,1,-0.25969816584677474,21.410765816991944,20.5,21.5
1370.0,21.02414813711954,21.35349081954262,6.860835135964049,21.0,0,-0.3534908195426212,22.291417356501086,20.5,21.5
1371.0,21.02131547451931,21.389847386136196,6.861474092641302,21.0,0,-0.3898473861361964,21.75341305207195,20.5,21.5
1372.0,21.018483506242934,21.403475308538738,6.862111631725057,21.0,0,-0.4034753085387379,21.539754532564153,20.5,21.5
1373.0,21.01565223186803,21.397525977746138,6.8627477527298,21.0,0,-0.3975259777461382,21.33803266982014,20.5,21.5
1374.0,21.012821650972203,21.365062040711017,6.863382455171098,21.0,0,-0.3650620407110168,21.040422670359803,20.5,21.5
1375.0,21.009991763133044,21.342734486283153,6.864015738565596,21.0,0,-0.3427344862831525,21.11945894200451,20.5,21.5
1376.0,21.00716256792813,21.27000847657208,6.864647602431024,21.0,0,-0.27000847657208027,20.542748379461358,20.5,21.5
1377.0,21.00433406493503,21.247180447549663,6.865278046286188,21.0,0,-0.24718044754966328,21.018900157325493,20.5,21.5
1378.0,21.0015062537313,21.25716008646045,6.865907069650978,21.0,0,-0.2571600864604484,21.3569564755683,20.5,21.5
1379.0,20.998679133894484,21.1940218477532,6.866534672046365,21.0,0,-0.19402184775319853,20.5626394606807,20.5,21.5
1380.0,20.995852705002115,21.208865791517905,6.867160852994403,21.0,0,-0.20886579151790485,21.357305229164968,20.5,21.5
1381.0,20.993026966631714,21.14572690891236,6.867785612018229,21.0,0,-0.1457269089123585,20.514338082856895,20.5,21.5
1382.0,20.990201918360793,21.134989386869627,6.868408948642059,21.0,0,-0.13498938686962703,21.027614166442312,20.5,21.5
1383.0,20.98737755976685,21.12810347761504,6.869030862391197,21.0,0,-0.12810347761503849,21.059244385069153,20.5,21.5
1384.0,20.984553890427375,21.20433271743295,6.869651352792029,21.0,0,-0.20433271743295123,21.96662511561208,20.5,21.5
1385.0,20.981730909919847,21.133914586276425,6.870270419372023,21.0,1,-0.1339145862764255,20.429733274711168,20.5,21.5
1386.0,20.998908617821737,21.205257357903026,6.870888061659734,21.0,0,-0.2052573579030259,21.91868507416903,20.5,21.5
1387.0,20.996083013710503,21.1935329207901,6.871504279184801,21.0,0,-0.19353292079010131,21.076288549660855,20.5,21.5
1388.0,20.993258097963597,21.22435108243007,6.872119071477947,21.0,0,-0.22435108243006852,21.53253269882974,20.5,21.5
1389.0,20.9904338701583,21.24379469663726,6.8727324380709796,21.0,0,-0.24379469663725928,21.438230838709167,20.5,21.5
1390.0,20.98761032987188,21.281194747872593,6.873344378496795,21.0,0,-0.28119474787259335,21.655195260225934,20.5,21.5
1391.0,20.984787476681607,21.29325840126761,6.873954892289374,21.0,0,-0.29325840126761094,21.413894935217787,20.5,21.5
1392.0,20.98196531016473,21.254143358991847,6.874563978983783,21.0,0,-0.2541433589918469,20.862992936234207,20.5,21.5
1393.0,20.979143829898494,21.236723635041443,6.875171638116177,21.0,0,-0.236723635041443,21.062526395537404,20.5,21.5
1394.0,20.976323035460137,21.211602547445416,6.875777869223795,21.0,0,-0.21160254744541618,20.960391671485148,20.5,21.5
1395.0,20.97350292642689,21.248136746541622,6.8763826718449685,21.0,0,-0.248136746541622,21.61347873750368,20.5,21.5
1396.0,20.970683502375973,21.23369804548113,6.876986045519112,21.0,0,-0.23369804548113038,21.089311034876214,20.5,21.5
1397.0,20.967864762884602,21.275470590793937,6.877587989786731,21.0,0,-0.27547059079393676,21.693196043922,20.5,21.5
1398.0,20.965046707529982,21.316025836324368,6.878188504189418,21.0,0,-0.31602583632436776,21.721578291628678,20.5,21.5
1399.0,20.962229335889315,21.324016175572595,6.878787588269857,21.0,0,-0.324016175572595,21.403919568054867,20.5,21.5
1400.0,20.959412647539793,21.280159163056304,6.879385241571817,21.0,0,-0.28015916305630384,20.841589037893392,20.5,21.5
1401.0,20.9565966420586,21.233942298096853,6.87998146364016,21.0,0,-0.23394229809685285,20.771773648502343,20.5,21.5
1402.0,20.953781319022916,21.1713287426433,6.880576254020838,21.0,0,-0.17132874264330056,20.545193188107778,20.5,21.5
1403.0,20.950966678009916,21.040669312154012,6.881169612260891,21.0,1,-0.04066931215401226,19.73407500726113,20.5,21.5
1404.0,20.968152718596766,21.07016957420864,6.881761537908451,21.0,1,-0.07016957420864145,21.365172194754933,20.5,21.5
1405.0,20.98533544036063,21.06921085273507,6.882352030512742,21.0,1,-0.06921085273506833,21.059623637999337,20.5,21.5
1406.0,21.00251484367866,21.10440990529539,6.882941089624076,21.0,1,-0.10440990529539107,21.45640043089862,20.5,21.5
1407.0,21.01969092892785,21.13812454781104,6.883528714793861,21.0,1,-0.13812454781103867,21.475270972967515,20.5,21.5
1408.0,21.036863696485025,21.288417580827836,6.884114905574593,21.0,0,-0.2884175808278364,22.791347910995814,20.5,21.5
1409.0,21.03403314672684,21.2301295299547,6.884699661519864,21.0,0,-0.2301295299546986,20.64724902122332,20.5,21.5
1410.0,21.0312032800298,21.216873464390982,6.885282982184357,21.0,0,-0.2168734643909822,21.08431280875382,20.5,21.5
1411.0,21.028374095970232,21.20640886712502,6.885864867123846,21.0,0,-0.20640886712502038,21.101762894465402,20.5,21.5
1412.0,21.025545594124463,21.24150785734464,6.886445315895202,21.0,0,-0.2415078573446401,21.592497759540837,20.5,21.5
1413.0,21.022717774068816,21.20162929599139,6.887024328056388,21.0,0,-0.20162929599138835,20.80284368245887,20.5,21.5
1414.0,21.019890635379614,21.195401094597212,6.887601903166459,21.0,0,-0.19540109459721222,21.13311908065545,20.5,21.5
1415.0,21.01706417763317,21.169683188807745,6.888178040785569,21.0,0,-0.16968318880774547,20.912504130913078,20.5,21.5
1416.0,21.0142384004058,21.115791197184357,6.888752740474962,21.0,0,-0.11579119718435749,20.576871280950478,20.5,21.5
1417.0,21.011413303273816,21.116242277998793,6.889326001796981,21.0,0,-0.1162422779987935,21.120753086143154,20.5,21.5
1418.0,21.00858888581352,21.059433509745368,6.889897824315062,21.0,1,-0.059433509745367985,20.491345827211113,20.5,21.5
1419.0,21.02576514760122,21.042337046388752,6.890468207593736,21.0,1,-0.04233704638875224,20.871372412822595,20.5,21.5
1420.0,21.04293808821322,21.1386155358817,6.891037151198633,21.0,0,-0.1386155358817014,22.101400430811193,20.5,21.5
1421.0,21.040107708025815,21.219179803728565,6.8916046546964775,21.0,0,-0.21917980372856505,22.0248224821972,20.5,21.5
1422.0,21.03727800741515,21.309511029662428,6.892170717655091,21.0,0,-0.3095110296624277,22.212823289001054,20.5,21.5
1423.0,21.034448985957198,21.462779861450702,6.892735339643391,21.0,0,-0.46277986145070216,22.995468179333447,20.5,21.5
1424.0,21.031620643227935,21.54107669040077,6.893298520231393,21.0,0,-0.5410766904007716,22.324044979901466,20.5,21.5
1425.0,21.028792978803335,21.450576444766984,6.893860258990211,21.0,0,-0.450576444766984,20.54557398842911,20.5,21.5
1426.0,21.025965992259373,21.452161224930087,6.894420555492058,21.0,0,-0.45216122493008726,21.46800902656112,20.5,21.5
1427.0,21.02313968317202,21.389307859563488,6.894979409310242,21.0,0,-0.38930785956348757,20.76077420589749,20.5,21.5
1428.0,21.020314051117246,21.388447003592383,6.895536820019172,21.0,0,-0.3884470035923826,21.379838443881333,20.5,21.5
1429.0,21.017489095671028,21.39117428787565,6.8960927871943545,21.0,0,-0.3911742878756499,21.418447130708323,20.5,21.5
1430.0,21.014664816409333,21.430610738752478,6.896647310412399,21.0,0,-0.4306107387524776,21.824975247520754,20.5,21.5
1431.0,21.011841212908134,21.39909664128814,6.897200389251009,21.0,0,-0.39909664128813915,21.083955666644755,20.5,21.5
1432.0,21.0090182847434,21.379734920962157,6.897752023288993,21.0,0,-0.3797349209621572,21.186117717702338,20.5,21.5
1433.0,21.00619603149111,21.283838251572796,6.898302212106257,21.0,1,-0.28383825157279574,20.32487155767918,20.5,21.5
1434.0,21.023374452727236,21.252703420761158,6.898850955283807,21.0,1,-0.2527034207611578,20.94135511264478,20.5,21.5
1435.0,21.040549548027748,21.243847205173456,6.8993982524037545,21.0,1,-0.2438472051734557,21.155285049296435,20.5,21.5
1436.0,21.057721317768625,21.235724997142825,6.899944103049305,21.0,1,-0.23572499714282458,21.154502916836513,20.5,21.5
1437.0,21.074889762325682,21.26131684293451,6.900488506804772,21.0,0,-0.26131684293450874,21.51723530085135,20.5,21.5
1438.0,21.07205488207458,21.244799647251163,6.901031463255567,21.0,0,-0.24479964725116332,21.07962769041771,20.5,21.5
1439.0,21.069220677390813,21.28355482679492,6.901572971988207,21.0,0,-0.2835548267949193,21.67110662223248,20.5,21.5
1440.0,21.06638714784973,21.230959806384984,6.902113032590307,21.0,0,-0.23095980638498403,20.70500960228563,20.5,21.5
1441.0,21.06355429302668,21.20132147063392,6.9026516446505894,21.0,0,-0.20132147063392125,20.904938113123293,20.5,21.5
1442.0,21.060722112497004,21.226278290337106,6.903188807758877,21.0,0,-0.2262782903371061,21.475846487368955,20.5,21.5
1443.0,21.057890605836057,21.30941571358546,6.903724521506096,21.0,0,-0.3094157135854587,22.140789946068985,20.5,21.5
1444.0,21.05505977261919,21.36580761383835,6.904258785484277,21.0,0,-0.36580761383834925,21.929726616367255,20.5,21.5
1445.0,21.052229612421765,21.444438026540986,6.904791599286557,21.0,0,-0.4444380265409862,22.230742153567356,20.5,21.5
1446.0,21.049400124819137,21.568342922421163,6.905322962507173,21.0,0,-0.5683429224211629,22.80739188122293,20.5,21.5
1447.0,21.046571309386675,21.56182093656265,6.905852874741469,21.0,0,-0.5618209365626505,21.496601077977527,20.5,21.5
1448.0,21.043743165699745,21.53400607684612,6.906381335585894,21.0,0,-0.5340060768461186,21.2558574796808,20.5,21.5
1449.0,21.040915693333723,21.492678745121992,6.906908344638003,21.0,0,-0.4926787451219923,21.07940542788073,20.5,21.5
1450.0,21.038088891863985,21.532274355810067,6.907433901496454,21.0,0,-0.5322743558100669,21.928230462690813,20.5,21.5
1451.0,21.035262760865912,21.482971822406697,6.907958005761014,21.0,0,-0.48297182240669656,20.989946488372993,20.5,21.5
1452.0,21.032437299914893,21.466170508192967,6.908480657032554,21.0,0,-0.4661705081929668,21.29815736605567,20.5,21.5
1453.0,21.029612508586315,21.491348908281243,6.909001854913052,21.0,0,-0.49134890828124256,21.743132909164,20.5,21.5
1454.0,21.02678838645558,21.48107740837624,6.909521599005595,21.0,0,-0.48107740837624036,21.37836240932622,20.5,21.5
1455.0,21.02396493309809,21.432362393346757,6.910039888914373,21.0,0,-0.4323623933467573,20.945212243051927,20.5,21.5
1456.0,21.02114214808925,21.42425416636065,6.910556724244687,21.0,0,-0.42425416636065094,21.343171896499587,20.5,21.5
1457.0,21.01832003100448,21.457314758429334,6.911072104602944,21.0,0,-0.4573147584293338,21.787920679116162,20.5,21.5
1458.0,21.0154985814192,21.419316693573524,6.91158602959666,21.0,0,-0.4193166935735242,21.03933604501543,20.5,21.5
1459.0,21.012677798908836,21.414361735336406,6.9120984988344585,21.0,0,-0.4143617353364064,21.36481215296523,20.5,21.5
1460.0,21.00985768304882,21.413661595149232,6.912609511926071,21.0,0,-0.4136615951492324,21.406660193277492,20.5,21.5
1461.0,21.007038233414598,21.393847184060338,6.91311906848234,21.0,0,-0.3938471840603377,21.19570307317139,20.5,21.5
1462.0,21.004219449581612,21.257519864460257,6.913627168115215,21.0,1,-0.25751986446025654,19.894246668459445,20.5,21.5
1463.0,21.02140133112532,21.20365324639574,6.9141338104377565,21.0,1,-0.20365324639573856,20.66498706575056,20.5,21.5
1464.0,21.03857987762118,21.194643492301758,6.914638995064134,21.0,1,-0.1946434923017577,21.10454595136195,20.5,21.5
1465.0,21.05575508944467,21.207923981229634,6.915142721609628,21.0,1,-0.20792398122963363,21.340728870508393,20.5,21.5
1466.0,21.072926966971103,21.321132245912743,6.91564498969063,21.0,0,-0.32113224591274303,22.453214892743837,20.5,21.5
1467.0,21.070095510575648,21.442510559202816,6.916145798924639,21.0,0,-0.442510559202816,22.656293692103546,20.5,21.5
1468.0,21.067264720633318,21.481224264600367,6.916645148930266,21.0,0,-0.4812242646003675,21.868361318575882,20.5,21.5
1469.0,21.06443459671898,21.38896779373773,6.917143039327238,21.0,1,-0.3889677937377307,20.466403085111363,20.5,21.5
1470.0,21.0816051384075,21.34832736857278,6.917639469736386,21.0,1,-0.3483273685727788,20.94192311692326,20.5,21.5
1471.0,21.098772345273765,21.24958108776388,6.918134439779659,21.0,1,-0.24958108776387888,20.26211827967488,20.5,21.5
1472.0,21.115936217692667,21.20425897984211,6.918627949080115,21.0,1,-0.20425897984210906,20.75103790062441,20.5,21.5
1473.0,21.133096756038945,21.24006234358871,6.919119997261925,21.0,0,-0.24006234358871126,21.598095981054733,20.5,21.5
1474.0,21.130253960687188,21.298047506035495,6.919610583950374,21.0,0,-0.2980475060354948,21.87789913050333,20.5,21.5
1475.0,21.12741183201184,21.304633685396258,6.920099708771858,21.0,0,-0.3046336853962579,21.37049547900389,20.5,21.5
1476.0,21.124570369587193,21.29098058505918,6.920587371353886,21.0,0,-0.2909805850591809,21.15444958168841,20.5,21.5
1477.0,21.121729572987547,21.324877675941302,6.921073571325084,21.0,0,-0.3248776759413019,21.663848584762512,20.5,21.5
1478.0,21.118889441787214,21.354044351282706,6.921558308315188,21.0,0,-0.35404435128270606,21.645711104696748,20.5,21.5
1479.0,21.116049975560518,21.434723693339567,6.922041581955051,21.0,0,-0.43472369333956706,22.241517113908177,20.5,21.5
1480.0,21.113211173881798,21.428836450220523,6.922523391876638,21.0,0,-0.42883645022052264,21.36996401903008,20.5,21.5
1481.0,21.110373036325395,21.47331494436296,6.92300373771303,21.0,0,-0.4733149443629614,21.91809988578735,20.5,21.5
1482.0,21.107535562465674,21.526100792392,6.923482619098422,21.0,0,-0.5261007923920005,22.05395927268239,20.5,21.5
1483.0,21.104698751877002,21.51593470935368,6.923960035668127,21.0,0,-0.5159347093536795,21.41427387897047,20.5,21.5
1484.0,21.10186260413376,21.446235218221936,6.924435987058571,21.0,0,-0.44623521822193624,20.749240306904504,20.5,21.5
1485.0,21.099027118810344,21.5496972276647,6.924910472907294,21.0,0,-0.5496972276647014,22.584317322092353,20.5,21.5
1486.0,21.096192295481163,21.59885915954228,6.925383492852958,21.0,0,-0.598859159542279,22.090478478318055,20.5,21.5
1487.0,21.09335813372064,21.559237840046816,6.925855046535334,21.0,0,-0.5592378400468156,21.163024645092182,20.5,21.5
1488.0,21.0905246331032,21.505410652317334,6.926325133595316,21.0,0,-0.5054106523173338,20.967138775022516,20.5,21.5
1489.0,21.087691793203298,21.53484898393197,6.926793753674912,21.0,0,-0.534848983931969,21.82923230007832,20.5,21.5
1490.0,21.08485961359539,21.418061860803583,6.927260906417246,21.0,1,-0.4180618608035829,20.25019062951972,20.5,21.5
1491.0,21.102028093853956,21.389723573310672,6.927726591466562,21.0,1,-0.38972357331067187,21.106340698381562,20.5,21.5
1492.0,21.119193233553478,21.392372279143608,6.92819080846822,21.0,1,-0.3923722791436077,21.418859337472966,20.5,21.5
1493.0,21.13635503306846,21.500578833544747,6.928653557068699,21.0,0,-0.500578833544747,22.58264437755614,20.5,21.5
1494.0,21.13351349277326,21.491725576265235,6.929114836915597,21.0,0,-0.4917255762652353,21.40319300347012,20.5,21.5
1495.0,21.13067261304209,21.464461293090515,6.929574647657626,21.0,0,-0.4644612930905154,21.191818461343317,20.5,21.5
1496.0,21.127832393449015,21.479073952327315,6.930032988944623,21.0,0,-0.4790739523273153,21.625200544695314,20.5,21.5
1497.0,21.124992833568115,21.473855799452128,6.9304898604275404,21.0,0,-0.47385579945212797,21.421674270700255,20.5,21.5
1498.0,21.122153932973486,21.4431405938029,6.93094526175845,21.0,0,-0.4431405938029016,21.135988537310638,20.5,21.5
1499.0,21.119315691239244,21.410760498271014,6.931399192590545,21.0,0,-0.4107604982710136,21.086959542952133,20.5,21.5
1500.0,21.116478107939514,21.453373051680657,6.931851652578136,21.0,0,-0.4533730516806571,21.879498585777093,20.5,21.5
1501.0,21.113641182648443,21.457221743737826,6.932302641376657,21.0,0,-0.45722174373782565,21.49570866430951,20.5,21.5
1502.0,21.11080491494019,21.48734884385076,6.932752158642659,21.0,0,-0.4873488438507607,21.78861984498011,20.5,21.5
1503.0,21.10796930438893,21.435920307975856,6.933200204033815,21.0,0,-0.4359203079758558,20.921634949226807,20.5,21.5
1504.0,21.10513435056886,21.48489199912796,6.933646777208919,21.0,0,-0.4848919991279601,21.974608910649003,20.5,21.5
1505.0,21.10230005305419,21.500584716733623,6.934091877827886,21.0,0,-0.5005847167336235,21.657511892790257,20.5,21.5
1506.0,21.099466411419144,21.43431508917137,6.934535505551754,21.0,0,-0.4343150891713705,20.77161881354884,20.5,21.5
1507.0,21.09663342523797,21.338282464500775,6.934977660042679,21.0,1,-0.33828246450077515,20.37795621779482,20.5,21.5
1508.0,21.113801094084934,21.35880242068155,6.935418340963942,21.0,0,-0.358802420681549,21.564001982489287,20.5,21.5
1509.0,21.11096541753431,21.37456069726893,6.935857547979946,21.0,0,-0.3745606972689295,21.532143463142734,20.5,21.5
1510.0,21.108130395960398,21.425846908026926,6.936295280756216,21.0,0,-0.4258469080269265,21.938709015606896,20.5,21.5
1511.0,21.105296028937357,21.42031596514017,6.936731538959397,21.0,0,-0.4203159651401691,21.365006536272595,20.5,21.5
1512.0,21.10246231603936,21.404478530642457,6.937166322257262,21.0,0,-0.4044785306424572,21.246104185665338,20.5,21.5
1513.0,21.099629256840604,21.469888692235333,6.9375996303187035,21.0,0,-0.46988869223533314,22.123990308164093,20.5,21.5
1514.0,21.0967968509153,21.43691508940896,6.938031462813739,21.0,0,-0.4369150894089593,21.10717906114522,20.5,21.5
1515.0,21.09396509783768,21.36863213106939,6.938461819413509,21.0,0,-0.36863213106938986,20.685802547673696,20.5,21.5
1516.0,21.091133997181995,21.433972259956228,6.938890699790278,21.0,0,-0.4339722599562279,22.08737354882461,20.5,21.5
1517.0,21.088303548522518,21.542632914836414,6.939318103617435,21.0,0,-0.542632914836414,22.629239463638275,20.5,21.5
1518.0,21.085473751433536,21.437393300696023,6.939744030569494,21.0,1,-0.4373933006960229,20.384997159292112,20.5,21.5
1519.0,21.102644605489363,21.4096970047538,6.940168480322091,21.0,1,-0.40969700475379867,21.132734045331556,20.5,21.5
1520.0,21.11981211026433,21.440203986109744,6.940591452551993,21.0,0,-0.44020398610974354,21.745273799669192,20.5,21.5
1521.0,21.116976266132788,21.39243294731769,6.941012946937085,21.0,0,-0.3924329473176904,20.91472255939716,20.5,21.5
1522.0,21.11414107346895,21.35947457092477,6.941432963156382,21.0,0,-0.3594745709247711,21.029890806995578,20.5,21.5
1523.0,21.11130653184689,21.425562650057607,6.941851500890023,21.0,0,-0.4255626500576071,22.086443441385967,20.5,21.5
1524.0,21.1084726408407,21.451653524533235,6.942268559819272,21.0,0,-0.45165352453323493,21.712562269289513,20.5,21.5
1525.0,21.105639400024494,21.391208639448788,6.942684139626523,21.0,0,-0.3912086394487879,20.786759788604318,20.5,21.5
1526.0,21.102806808972414,21.425291007140686,6.943098239995292,21.0,0,-0.4252910071406859,21.766114684059666,20.5,21.5
1527.0,21.099974867258616,21.41433848637252,6.943510860610225,21.0,0,-0.4143384863725217,21.30481327869088,20.5,21.5
1528.0,21.097143574457288,21.323090646540233,6.943922001157093,21.0,1,-0.32309064654023345,20.41061224821735,20.5,21.5
1529.0,21.114312930142628,21.305115815803923,6.944331661322793,21.0,1,-0.3051158158039229,21.125367508440817,20.5,21.5
1530.0,21.131478933888864,21.43736541710886,6.944739840795354,21.0,0,-0.437365417108861,22.759861430158242,20.5,21.5
1531.0,21.128641586070245,21.477644713758245,6.945146539263926,21.0,0,-0.47764471375824513,21.880437680252086,20.5,21.5
1532.0,21.125804887060884,21.500291682699846,6.9455517564187925,21.0,0,-0.5002916826998458,21.726761372115853,20.5,21.5
1533.0,21.122968836434755,21.537397129008145,6.945955491951364,21.0,0,-0.537397129008145,21.908451592091136,20.5,21.5
1534.0,21.120133433765858,21.614226175215762,6.9463577455541765,21.0,0,-0.6142261752157623,22.382516637291936,20.5,21.5
1535.0,21.117298678628217,21.5235088215411,6.946758516920897,21.0,0,-0.5235088215410997,20.616335284794474,20.5,21.5
1536.0,21.114464570595874,21.506310980265404,6.94715780574632,21.0,0,-0.506310980265404,21.334332567508447,20.5,21.5
1537.0,21.111631109242904,21.43086832166412,6.947555611726371,21.0,0,-0.43086832166412137,20.676441735651295,20.5,21.5
1538.0,21.1087982941434,21.44169259319069,6.947951934558104,21.0,0,-0.441692593190691,21.549935308456387,20.5,21.5
1539.0,21.105966124871486,21.38855810434164,6.948346773939699,21.0,0,-0.38855810434164084,20.85721321585114,20.5,21.5
1540.0,21.1031346010013,21.48636205777787,6.948740129570471,21.0,0,-0.4863620577778711,22.464401592140174,20.5,21.5
1541.0,21.100303722107014,21.4602159334328,6.949132001150861,21.0,0,-0.4602159334327993,21.19875468998208,20.5,21.5
1542.0,21.097473487762823,21.45826723549767,6.9495223883824435,21.0,0,-0.4582672354976687,21.438780256146362,20.5,21.5
1543.0,21.094643897542948,21.503515761143518,6.94991129096792,21.0,0,-0.5035157611435181,21.956001017602013,20.5,21.5
1544.0,21.091814951021632,21.574733404639908,6.950298708611126,21.0,0,-0.5747334046399075,22.2869098396038,20.5,21.5
1545.0,21.08898664777315,21.500659514426374,6.950684641017025,21.0,0,-0.5006595144263741,20.75992061229104,20.5,21.5
1546.0,21.0861589873718,21.40811719662402,6.951069087891713,21.0,1,-0.40811719662401913,20.48269401860047,20.5,21.5
1547.0,21.103331969391903,21.451300222226223,6.951452048942417,21.0,0,-0.451300222226223,21.883130478248262,20.5,21.5
1548.0,21.100501593407813,21.409440638881996,6.951833523877495,21.0,0,-0.4094406388819962,20.99084480543973,20.5,21.5
1549.0,21.097671859793905,21.3298821979791,6.952213512406438,21.0,0,-0.32988219797909935,20.53429778895013,20.5,21.5
1550.0,21.09484276812443,21.323687002023206,6.952592014239867,21.0,0,-0.3236870020232061,21.261735042464274,20.5,21.5
1551.0,21.092014317973653,21.401310699595218,6.952969029089537,21.0,0,-0.4013106995952178,22.177547675315335,20.5,21.5
1552.0,21.089186508915876,21.395057299377935,6.953344556668336,21.0,0,-0.3950572993779353,21.33252329720511,20.5,21.5
1553.0,21.086359340525426,21.344163650510012,6.9537185966902815,21.0,0,-0.3441636505100121,20.83522716183078,20.5,21.5
1554.0,21.08353281237666,21.35396212705112,6.954091148870527,21.0,0,-0.35396212705111907,21.45194689246219,20.5,21.5
1555.0,21.08070692404396,21.343286435518692,6.954462212925358,21.0,0,-0.3432864355186922,21.236529520194424,20.5,21.5
1556.0,21.077881675101736,21.29332597629527,6.954831788572192,21.0,0,-0.2933259762952716,20.793721384061065,20.5,21.5
1557.0,21.07505706512443,21.30232949013638,6.955199875529582,21.0,0,-0.3023294901363798,21.392364628547462,20.5,21.5
1558.0,21.07223309368651,21.396543134710445,6.955566473517212,21.0,0,-0.3965431347104449,22.338679580451096,20.5,21.5
1559.0,21.069409760362475,21.378678016046287,6.9559315822559045,21.0,0,-0.3786780160462868,21.200026829404706,20.5,21.5
1560.0,21.066587064726853,21.353117191915377,6.956295201467611,21.0,0,-0.35311719191537705,21.09750895060628,20.5,21.5
1561.0,21.063765006354203,21.432080241899428,6.956657330875421,21.0,0,-0.4320802418994276,22.221710741739933,20.5,21.5
1562.0,21.060943584819107,21.42579836190129,6.957017970203557,21.0,0,-0.4257983619012897,21.36297956191991,20.5,21.5
1563.0,21.058122799696182,21.35282773965567,6.957377119177376,21.0,0,-0.3528277396556696,20.62312151719947,20.5,21.5
1564.0,21.05530265056008,21.39858368127798,6.95773477752337,21.0,0,-0.39858368127798016,21.856143097501086,20.5,21.5
1565.0,21.052483136985472,21.51353863668003,6.958090944969168,21.0,0,-0.5135386366800283,22.66308819070051,20.5,21.5
1566.0,21.049664258547068,21.446267696902417,6.9584456212435315,21.0,0,-0.4462676969024173,20.773558299126307,20.5,21.5
1567.0,21.046846014819607,21.479872701128674,6.95879880607636,21.0,0,-0.47987270112867364,21.815922743391237,20.5,21.5
1568.0,21.04402840537786,21.507066871114485,6.959150499198688,21.0,0,-0.5070668711144855,21.779008570972604,20.5,21.5
1569.0,21.041211429796622,21.486515372389164,6.959500700342685,21.0,0,-0.48651537238916376,21.281000385135947,20.5,21.5
1570.0,21.03839508765073,21.369317838291657,6.959849409241659,21.0,1,-0.3693178382916571,20.19734249731659,20.5,21.5
1571.0,21.05557937851505,21.412202598410666,6.9601966256300525,21.0,0,-0.41220259841066564,21.84105019960075,20.5,21.5
1572.0,21.052760301964472,21.352067544772684,6.960542349243443,21.0,0,-0.35206754477268376,20.750717008392865,20.5,21.5
1573.0,21.049941858373927,21.27470366153683,6.960886579818551,21.0,0,-0.27470366153682946,20.501064829178286,20.5,21.5
1574.0,21.047124047318217,21.297269247232787,6.961229317093226,21.0,0,-0.29726924723278714,21.522925104192364,20.5,21.5
1575.0,21.04430686837217,21.30178589188556,6.961570560806461,21.0,0,-0.3017858918855616,21.346952338413306,20.5,21.5
1576.0,21.041490321110658,21.276850083999275,6.961910310698383,21.0,0,-0.2768500839992747,21.027492005136406,20.5,21.5
1577.0,21.038674405108576,21.282882737987954,6.962248566510258,21.0,0,-0.28288273798795416,21.34320927787475,20.5,21.5
1578.0,21.035859119940856,21.33188739079724,6.96258532798449,21.0,0,-0.3318873907972417,21.821933918890117,20.5,21.5
1579.0,21.033044465182464,21.254329549139268,6.96292059486462,21.0,1,-0.25432954913926764,20.478751132559527,20.5,21.5
1580.0,21.0502304404084,21.247481935944386,6.9632543668953275,21.0,1,-0.2474819359443856,21.179005803995565,20.5,21.5
1581.0,21.067413045193696,21.28133237222293,6.963586643822431,21.0,0,-0.2813323722229306,21.61983673500838,20.5,21.5
1582.0,21.064592279913423,21.279600128529694,6.9639174253928875,21.0,0,-0.27960012852969385,21.262277691597326,20.5,21.5
1583.0,21.06177214494252,21.280133836675464,6.964246711354791,21.0,0,-0.2801338366754642,21.285470918133168,20.5,21.5
1584.0,21.058952639855804,21.3259845236632,6.964574501457378,21.0,0,-0.32598452366320174,21.784491393540577,20.5,21.5
1585.0,21.056133764228125,21.384127914124793,6.964900795451019,21.0,0,-0.3841279141247931,21.965561818740706,20.5,21.5
1586.0,21.05331551763437,21.357741209807592,6.96522559308723,21.0,0,-0.3577412098075925,21.093874166635587,20.5,21.5
1587.0,21.05049789964946,21.313430159564547,6.965548894118663,21.0,0,-0.3134301595645468,20.87031965713409,20.5,21.5
1588.0,21.047680909848353,21.247182232194508,6.965870698299108,21.0,0,-0.24718223219450763,20.584702958494116,20.5,21.5
1589.0,21.044864547806043,21.34275023830474,6.9661910053835,21.0,0,-0.3427502383047383,22.298430299407045,20.5,21.5
1590.0,21.04204881309756,21.3735441522477,6.966509815127909,21.0,0,-0.37354415224769966,21.681483291677313,20.5,21.5
1591.0,21.039233705297963,21.354676463572805,6.966827127289549,21.0,0,-0.3546764635728046,21.165999576823854,20.5,21.5
1592.0,21.03641922398236,21.441832255899378,6.967142941626772,21.0,0,-0.4418322558993779,22.31339017916511,20.5,21.5
1593.0,21.03360536872589,21.52569418548619,6.967457257899071,21.0,0,-0.5256941854861914,22.364313481354326,20.5,21.5
1594.0,21.030792139103724,21.40119044117611,6.967770075867083,21.0,1,-0.4011904411761087,20.15615299807528,20.5,21.5
1595.0,21.047979534691077,21.282100683255422,6.9680813952925815,21.0,1,-0.2821006832554218,20.091203104048553,20.5,21.5
1596.0,21.065163555063197,21.309109809571574,6.9683912159384835,21.0,0,-0.30910980957157363,21.579201072733092,20.5,21.5
1597.0,21.062344200595373,21.262656796673177,6.968699537568848,21.0,0,-0.262656796673177,20.79812666768921,20.5,21.5
1598.0,21.059525471662766,21.292343396530992,6.969006359948873,21.0,0,-0.29234339653099184,21.58920939510914,20.5,21.5
1599.0,21.056707367840424,21.289633088712378,6.969311682844902,21.0,0,-0.28963308871237814,21.26253001052624,20.5,21.5
1600.0,21.053889888703424,21.365050273131782,6.969615506024416,21.0,0,-0.3650502731317822,22.119222117325823,20.5,21.5
1601.0,21.05107303382689,21.370849707936866,6.969917829256042,21.0,0,-0.3708497079368662,21.428844055987707,20.5,21.5
1602.0,21.048256802785975,21.437972284111293,6.970218652309548,21.0,0,-0.43797228411129296,22.10919804585556,20.5,21.5
1603.0,21.04544119515588,21.47755602889639,6.970517974955843,21.0,0,-0.4775560288963909,21.87339347674737,20.5,21.5
1604.0,21.04262621051184,21.510338190993004,6.97081579696698,21.0,0,-0.5103381909930036,21.83815981195913,20.5,21.5
1605.0,21.03981184842913,21.564473474277644,6.971112118116156,21.0,0,-0.5644734742776443,22.10582630712405,20.5,21.5
1606.0,21.03699810848307,21.53701746761056,6.971406938177707,21.0,0,-0.5370174676105606,21.262457400939724,20.5,21.5
1607.0,21.034184990249006,21.47139745433754,6.971700256927117,21.0,0,-0.47139745433754143,20.81519732160735,20.5,21.5
1608.0,21.031372493302342,21.33192873281728,6.97199207414101,21.0,1,-0.3319287328172784,19.93724151761465,20.5,21.5
1609.0,21.04856061721851,21.298343154832033,6.972282389597154,21.0,1,-0.29834315483203255,20.962487374979574,20.5,21.5
1610.0,21.065745361572986,21.212246934204128,6.972571203074462,21.0,1,-0.21224693420412777,20.35128472792508,20.5,21.5
1611.0,21.082926726741288,21.23375233151899,6.972858514352991,21.0,1,-0.2337523315189891,21.448806304667603,20.5,21.5
1612.0,21.100104713098812,21.25371970930352,6.973144323213939,21.0,1,-0.25371970930352106,21.45339348714884,20.5,21.5
1613.0,21.117279321020835,21.325270379129606,6.973428629439651,21.0,0,-0.32527037912960566,22.04077707739045,20.5,21.5
1614.0,21.11445055088252,21.358873729826353,6.973711432813614,21.0,0,-0.3588737298263531,21.694907236793828,20.5,21.5
1615.0,21.111622403058906,21.356352154004384,6.973992733120464,21.0,0,-0.3563521540043837,21.33113639578469,20.5,21.5
1616.0,21.108794877124918,21.36422454020258,6.974272530145976,21.0,0,-0.36422454020258144,21.44294840218456,20.5,21.5
1617.0,21.105967972655524,21.347770874620846,6.974550823677073,21.0,0,-0.34777087462084566,21.183234218803488,20.5,21.5
1618.0,21.10314168922573,21.36356240252552,6.974827613501823,21.0,0,-0.3635624025255204,21.521477681572268,20.5,21.5
1619.0,21.100316026410585,21.29838804427686,6.975102899409437,21.0,0,-0.2983880442768587,20.646644461790242,20.5,21.5
1620.0,21.097490983785185,21.325601088659944,6.9753766811902755,21.0,0,-0.3256010886599441,21.597731532490798,20.5,21.5
1621.0,21.094666560924665,21.366467245451013,6.975648958635839,21.0,0,-0.3664672454510125,21.775128813361697,20.5,21.5
1622.0,21.09184275740421,21.363488292308073,6.975919731538778,21.0,0,-0.3634882923080731,21.33369876087868,20.5,21.5
1623.0,21.089019572799035,21.316301850683818,6.976188999692887,21.0,0,-0.3163018506838178,20.844437434441264,20.5,21.5
1624.0,21.086197006684415,21.40249154204911,6.976456762893106,21.0,0,-0.4024915420491091,22.264388455702022,20.5,21.5
1625.0,21.083375058635657,21.42768454910089,6.9767230209355215,21.0,0,-0.4276845491008885,21.679614619618683,20.5,21.5
1626.0,21.080553728228118,21.395719926222746,6.976987773617367,21.0,0,-0.3957199262227462,21.076073697441323,20.5,21.5
1627.0,21.077733015037197,21.480022580809994,6.977251020737022,21.0,0,-0.4800225808099938,22.32304912668247,20.5,21.5
1628.0,21.074912918638336,21.57191294943927,6.977512762094012,21.0,0,-0.5719129494392696,22.490816635732028,20.5,21.5
1629.0,21.072093438607027,21.532296983943223,6.977772997489009,21.0,0,-0.5322969839432226,21.136137328982752,20.5,21.5
1630.0,21.069274574518804,21.49045121535625,6.978031726723834,21.0,0,-0.4904512153562486,21.07199352948651,20.5,21.5
1631.0,21.066456325949247,21.416948917872226,6.978288949601452,21.0,0,-0.4169489178722259,20.681925943032,20.5,21.5
1632.0,21.063638692473976,21.293613313638872,6.978544665925977,21.0,1,-0.2936133136388719,20.060257271305332,20.5,21.5
1633.0,21.080821673668666,21.186658872386424,6.97879887550267,21.0,1,-0.18665887238642398,20.117114459861945,20.5,21.5
1634.0,21.098001269109034,21.24412333108153,6.9790515781379385,21.0,0,-0.2441233310815285,21.818767918032574,20.5,21.5
1635.0,21.09517747917084,21.290522786988042,6.979302773639341,21.0,0,-0.290522786988042,21.754517346053177,20.5,21.5
1636.0,21.092354304229733,21.37109808384947,6.979552461815578,21.0,0,-0.3710980838494713,22.176851052463764,20.5,21.5
1637.0,21.08953174386125,21.381147787268866,6.979800642476503,21.0,0,-0.38114778726886556,21.481644821462808,20.5,21.5
1638.0,21.086709797640975,21.42868906150495,6.980047315433115,21.0,0,-0.4286890615049508,21.904101803865803,20.5,21.5
1639.0,21.083888465144533,21.38994058671132,6.980292480497562,21.0,0,-0.3899405867113188,21.002455838775,20.5,21.5
1640.0,21.081067745947603,21.310773346012358,6.98053613748314,21.0,0,-0.3107733460123576,20.519100939022746,20.5,21.5
1641.0,21.07824763962591,21.333066676590768,6.980778286204295,21.0,0,-0.33306667659076794,21.55599998237487,20.5,21.5
1642.0,21.075428145755225,21.38024368779163,6.981018926476618,21.0,0,-0.38024368779163,21.85201379980025,20.5,21.5
1643.0,21.07260926391137,21.45255028452241,6.981258058116851,21.0,0,-0.45255028452240964,22.175616251830206,20.5,21.5
1644.0,21.06979099367021,21.508536288911806,6.981495680942887,21.0,0,-0.5085362889118059,22.06839633280577,20.5,21.5
1645.0,21.066973334607663,21.58456442135891,6.981731794773765,21.0,0,-0.584564421358909,22.34484574582994,20.5,21.5
1646.0,21.064156286299696,21.44672417759829,6.981966399429672,21.0,1,-0.4467241775982913,20.068321739992115,20.5,21.5
1647.0,21.081339848322322,21.441069965623978,6.982199494731949,21.0,1,-0.4410699656239778,21.384527845880843,20.5,21.5
1648.0,21.098520020251605,21.398263374650845,6.982431080503083,21.0,1,-0.3982633746508455,20.970197464919522,20.5,21.5
1649.0,21.115696802463656,21.339305821833072,6.982661156566712,21.0,1,-0.33930582183307223,20.74973029365534,20.5,21.5
1650.0,21.132870195334476,21.316509868963532,6.982889722747621,21.0,1,-0.31650986896353217,21.08855034026813,20.5,21.5
1651.0,21.15004019923996,21.39359213628029,6.983116778871748,21.0,0,-0.3935921362802901,22.16441480944787,20.5,21.5
1652.0,21.147206814555886,21.40759019540628,6.9833423247661806,21.0,0,-0.4075901954062786,21.547570786666164,20.5,21.5
1653.0,21.14437404165793,21.306071156710953,6.983566360259156,21.0,1,-0.30607115671095286,20.290880769757695,20.5,21.5
1654.0,21.16154188012165,21.282801955403624,6.98378888518006,21.0,1,-0.28280195540362385,21.050109942330334,20.5,21.5
1655.0,21.17870632952266,21.373240689670475,6.98400989935943,21.0,0,-0.3732406896704745,22.27762803233898,20.5,21.5
1656.0,21.17586739023663,21.44115996306142,6.984229402628955,21.0,0,-0.4411599630614198,22.120352696970873,20.5,21.5
1657.0,21.173029062639106,21.498218592686953,6.9844473948214745,21.0,0,-0.49821859268695334,22.06880488894229,20.5,21.5
1658.0,21.170191346305543,21.600645978258918,6.984663875770977,21.0,0,-0.6006459782589175,22.62491983397856,20.5,21.5
1659.0,21.167354240811438,21.694407998659408,6.984878845312603,21.0,0,-0.6944079986594076,22.63202820266431,20.5,21.5
1660.0,21.16451774573234,21.586947153804246,6.985092303282644,21.0,0,-0.5869471538042461,20.51233870525263,20.5,21.5
1661.0,21.16168186064385,21.607194880870885,6.985304249518542,21.0,0,-0.6071948808708854,21.809672151537278,20.5,21.5
1662.0,21.158846585121623,21.533563286301824,6.9855146838588915,21.0,0,-0.533563286301824,20.79724734061121,20.5,21.5
1663.0,21.15601191874137,21.454281715700958,6.985723606143436,21.0,0,-0.454281715700958,20.661466009692298,20.5,21.5
1664.0,21.153177861078852,21.42441020248024,6.985931016213074,21.0,0,-0.42441020248023875,21.125695070273046,20.5,21.5
1665.0,21.150344411709877,21.469606709274593,6.986136913909853,21.0,0,-0.46960670927459347,21.92157177721814,20.5,21.5
1666.0,21.147511570210316,21.43138715672749,6.986341299076972,21.0,0,-0.43138715672748873,21.04919163125644,20.5,21.5
1667.0,21.144679336156088,21.421097807978477,6.986544171558784,21.0,0,-0.4210978079784766,21.318204320488356,20.5,21.5
1668.0,21.14184770912317,21.443402870628574,6.986745531200793,21.0,0,-0.4434028706285744,21.666453497129552,20.5,21.5
1669.0,21.139016688687583,21.428551784918337,6.986945377849654,21.0,0,-0.4285517849183371,21.280040927815964,20.5,21.5
1670.0,21.136186274425416,21.406344187382896,6.987143711353175,21.0,0,-0.4063441873828957,21.18426821202848,20.5,21.5
1671.0,21.1333564659128,21.385471431959296,6.987340531560317,21.0,0,-0.3854714319592958,21.176743877723297,20.5,21.5
1672.0,21.13052726272593,21.422856680010412,6.987535838321193,21.0,0,-0.4228566800104119,21.796709160521573,20.5,21.5
1673.0,21.12769866444105,21.41904861851103,6.987729631487067,21.0,0,-0.4190486185110309,21.38096800351722,20.5,21.5
1674.0,21.124870670634458,21.422919521023292,6.98792191091036,21.0,0,-0.42291952102329233,21.461628546145906,20.5,21.5
1675.0,21.12204328088251,21.410295558656117,6.988112676444639,21.0,0,-0.41029555865611655,21.28405593498436,20.5,21.5
1676.0,21.119216494761623,21.331529808294878,6.988301927944631,21.0,0,-0.3315298082948779,20.54387230468249,20.5,21.5
1677.0,21.11639031184826,21.34568734143351,6.9884896652662105,21.0,0,-0.34568734143351065,21.48726267281984,20.5,21.5
1678.0,21.113564731718945,21.40137335942348,6.9886758882664095,21.0,0,-0.40137335942348074,21.95823353932318,20.5,21.5
1679.0,21.110739753950256,21.39732492356593,6.988860596803409,21.0,0,-0.39732492356592886,21.35684056499041,20.5,21.5
1680.0,21.107915378118825,21.440886321287085,6.989043790736547,21.0,0,-0.4408863212870848,21.876500298498645,20.5,21.5
1681.0,21.10509160380135,21.559837034570496,6.989225469926312,21.0,0,-0.5598370345704957,22.749344167404605,20.5,21.5
1682.0,21.102268430574572,21.578612527697587,6.989405634234348,21.0,0,-0.5786125276975866,21.766367458968496,20.5,21.5
1683.0,21.099445858015304,21.560114354669736,6.9895842835234525,21.0,0,-0.5601143546697358,21.375132624391227,20.5,21.5
1684.0,21.096623885700406,21.499626156837632,6.989761417657577,21.0,0,-0.4996261568376319,20.894744178516593,20.5,21.5
1685.0,21.093802513206796,21.51013382455146,6.989937036501823,21.0,0,-0.5101338245514597,21.615210501689738,20.5,21.5
1686.0,21.090981740111456,21.49198067503771,6.990111139922453,21.0,0,-0.49198067503770915,21.310449179900203,20.5,21.5
1687.0,21.088161565991417,21.520389144453773,6.990283727786877,21.0,0,-0.5203891444537732,21.804473838614413,20.5,21.5
1688.0,21.085341990423775,21.58086405711995,6.990454799963662,21.0,0,-0.5808640571199497,22.185613183781715,20.5,21.5
1689.0,21.082523012985682,21.670423840959735,6.990624356322531,21.0,0,-0.6704238409597352,22.56602167935759,20.5,21.5
1690.0,21.079704633254348,21.63436064630693,6.990792396734357,21.0,0,-0.6343606463069307,21.273728699778886,20.5,21.5
1691.0,21.076886850807043,21.592383306359473,6.990958921071172,21.0,0,-0.5923833063594728,21.172609906884894,20.5,21.5
1692.0,21.074069665221096,21.52563709191825,6.99112392920616,21.0,0,-0.5256370919182487,20.858174947506008,20.5,21.5
1693.0,21.071253076073894,21.479557852547373,6.991287421013659,21.0,0,-0.47955785254737293,21.018765458838615,20.5,21.5
1694.0,21.068437082942882,21.39443945422198,6.991449396369164,21.0,0,-0.3944394542219811,20.543255470968063,20.5,21.5
1695.0,21.065621685405567,21.413130888135008,6.991609855149323,21.0,0,-0.413130888135008,21.600045227265277,20.5,21.5
1696.0,21.062806883039517,21.402541501273397,6.9917687972319404,21.0,0,-0.4025415012733973,21.29664763265729,20.5,21.5
1697.0,21.059992675422357,21.41788352334239,6.991926222495975,21.0,0,-0.41788352334238965,21.571303744032313,20.5,21.5
1698.0,21.057179062131773,21.400070639000187,6.992082130821539,21.0,0,-0.40007063900018736,21.221941795578164,20.5,21.5
1699.0,21.05436604274551,21.45964916054104,6.992236522089903,21.0,0,-0.45964916054104066,22.055434375949574,20.5,21.5
1700.0,21.051553616841378,21.464132726186417,6.992389396183491,21.0,0,-0.464132726186417,21.50896838264018,20.5,21.5
1701.0,21.048741783997247,21.45710009092112,6.9925407529858825,21.0,0,-0.45710009092112003,21.38677373826815,20.5,21.5
1702.0,21.045930543791044,21.387796062402508,6.992690592381813,21.0,0,-0.38779606240250786,20.694755777216386,20.5,21.5
1703.0,21.043119895800764,21.357664317772752,6.992838914257173,21.0,0,-0.35766431777275187,21.056346871475192,20.5,21.5
1704.0,21.040309839604454,21.28183668021798,6.992985718499009,21.0,0,-0.2818366802179817,20.52356030467028,20.5,21.5
1705.0,21.037500374780233,21.202997559519314,6.993131004995523,21.0,1,-0.2029975595193143,20.41460635253264,20.5,21.5
1706.0,21.054691500906277,21.17072107696459,6.993274773636073,21.0,1,-0.1707210769645897,20.847956251417344,20.5,21.5
1707.0,21.071879217560824,21.21805886255733,6.9934170243111735,21.0,0,-0.21805886255733142,21.69143671848475,20.5,21.5
1708.0,21.069063525122175,21.307222521526178,6.9935577569124945,21.0,0,-0.3072225215261781,22.198859111214645,20.5,21.5
1709.0,21.06624842396853,21.29838542085008,6.993696971332861,21.0,0,-0.2983854208500816,21.210014414089116,20.5,21.5
1710.0,21.063433913678004,21.416468911084035,6.993834667466256,21.0,0,-0.41646891108403494,22.59730381342357,20.5,21.5
1711.0,21.060619993828762,21.447545523178384,6.9939708452078175,21.0,0,-0.44754552317838403,21.758311644121875,20.5,21.5
1712.0,21.057806663999038,21.47180817012896,6.994105504453841,21.0,0,-0.47180817012895915,21.71443463963471,20.5,21.5
1713.0,21.054993923767128,21.410872866714996,6.994238645101776,21.0,0,-0.4108728667149961,20.801519832575366,20.5,21.5
1714.0,21.052181772711396,21.492231876789646,6.994370267050232,21.0,0,-0.49223187678964564,22.30582197753614,20.5,21.5
1715.0,21.049370210410263,21.356269280479598,6.994500370198971,21.0,1,-0.35626928047959794,19.99664331737912,20.5,21.5
1716.0,21.06655923644222,21.418939285286978,6.994628954448916,21.0,0,-0.418939285286978,22.04563933336078,20.5,21.5
1717.0,21.06374485038582,21.39745245641817,6.994756019702144,21.0,0,-0.3974524564181685,21.182584167730074,20.5,21.5
1718.0,21.060931052619683,21.430867089792066,6.994881565861888,21.0,0,-0.43086708979206634,21.765013423531045,20.5,21.5
1719.0,21.058117842722332,21.38637791477898,6.99500559283254,21.0,0,-0.3863779147789792,20.941486164648108,20.5,21.5
1720.0,21.055305220272356,21.469091950813088,6.995128100519649,21.0,0,-0.4690919508130875,22.29623231115417,20.5,21.5
1721.0,21.052493184848405,21.405112246334546,6.995249088829918,21.0,0,-0.40511224633454646,20.765315201549136,20.5,21.5
1722.0,21.0496817360292,21.46402153996235,6.995368557671211,21.0,0,-0.4640215399623493,22.053114476240378,20.5,21.5
1723.0,21.046870873393527,21.393771960620686,6.995486506952545,21.0,0,-0.3937719606206862,20.691276167204055,20.5,21.5
1724.0,21.04406059652024,21.385199316670704,6.9956029365841,21.0,0,-0.38519931667070395,21.29947287717088,20.5,21.5
1725.0,21.041250904988253,21.30011393695147,6.995717846477207,21.0,1,-0.30011393695146893,20.44926013975912,20.5,21.5
1726.0,21.05844179837655,21.226855696790984,6.995831236544358,21.0,1,-0.2268556967909845,20.49427329518614,20.5,21.5
1727.0,21.075629276264184,21.1462777100573,6.995943106699201,21.0,1,-0.1462777100573014,20.34049784272047,20.5,21.5
1728.0,21.092813339030272,21.153267625735868,6.996053456856544,21.0,1,-0.15326762573586805,21.223166782521535,20.5,21.5
1729.0,21.109993987053837,21.185495175345846,6.996162286932347,21.0,0,-0.1854951753458458,21.507770671445623,20.5,21.5
1730.0,21.107171220713813,21.30086862499578,6.996269596843733,21.0,0,-0.30086862499577904,22.45460312149511,20.5,21.5
1731.0,21.10434904038904,21.397585135597392,6.996375386508983,21.0,0,-0.3975851355973923,22.364750241613525,20.5,21.5
1732.0,21.101527445658263,21.422472342760596,6.996479655847531,21.0,0,-0.42247234276059586,21.67134441439263,20.5,21.5
1733.0,21.0987064361003,21.445057666848054,6.996582404779971,21.0,0,-0.44505766684805437,21.67091090772264,20.5,21.5
1734.0,21.095886011294038,21.437480266776042,6.996683633228057,21.0,0,-0.437480266776042,21.36170626605592,20.5,21.5
1735.0,21.093066170818425,21.42092613509491,6.996783341114698,21.0,0,-0.42092613509490917,21.25538481828358,20.5,21.5
1736.0,21.090246914252482,21.462420915518628,6.9968815283639625,21.0,0,-0.46242091551862785,21.877368719755815,20.5,21.5
1737.0,21.087428241175303,21.534874085144033,6.996978194901076,21.0,0,-0.5348740851440326,22.25940578139808,20.5,21.5
1738.0,21.084610151166046,21.56767504565547,6.997073340652424,21.0,0,-0.56767504565547,21.895684650769844,20.5,21.5
1739.0,21.081792643803944,21.496539710385683,6.9971669655455475,21.0,0,-0.496539710385683,20.785186357687813,20.5,21.5
1740.0,21.078975718668293,21.467501552158403,6.9972590695091474,21.0,0,-0.46750155215840294,21.177119969885602,20.5,21.5
1741.0,21.07615937533846,21.40167883365202,6.997349652473083,21.0,0,-0.40167883365202073,20.7434516485882,20.5,21.5
1742.0,21.073343613393888,21.306420958747616,6.997438714368372,21.0,1,-0.30642095874761566,20.353842209703565,20.5,21.5
1743.0,21.090528432414082,21.294486189560818,6.997526255127189,21.0,1,-0.29448618956081773,21.17513849769284,20.5,21.5
1744.0,21.107709831978624,21.37764819718351,6.997612274682868,21.0,0,-0.37764819718351106,22.209268273410444,20.5,21.5
1745.0,21.104887812467165,21.34522453999916,6.997696772969901,21.0,0,-0.34522453999915825,21.02098796815563,20.5,21.5
1746.0,21.102066374259266,21.347796157463968,6.99777974992394,21.0,0,-0.34779615746396786,21.373512332112064,20.5,21.5
1747.0,21.0992455169344,21.35683344732381,6.997861205481794,21.0,0,-0.3568334473238117,21.44720634592225,20.5,21.5
1748.0,21.096425240072108,21.282519601123305,6.997941139581429,21.0,0,-0.28251960112330465,20.539381139118234,20.5,21.5
1749.0,21.09360554325201,21.28990755676999,6.998019552161975,21.0,0,-0.2899075567699896,21.36378711323684,20.5,21.5
1750.0,21.090786426053793,21.30459053168956,6.998096443163716,21.0,0,-0.3045905316895592,21.451420280885255,20.5,21.5
1751.0,21.087967888057214,21.278890959651072,6.998171812528096,21.0,0,-0.278890959651072,21.0218952392662,20.5,21.5
1752.0,21.08514992884211,21.329731028575168,6.998245660197717,21.0,0,-0.3297310285751678,21.838131717816125,20.5,21.5
1753.0,21.082332547988383,21.45310637251517,6.9983179861163425,21.0,0,-0.45310637251516894,22.68685981191518,20.5,21.5
1754.0,21.07951574507601,21.4335381989246,6.998388790228892,21.0,0,-0.43353819892460166,21.23785646301893,20.5,21.5
1755.0,21.07669951968504,21.48619916450931,6.998458072481446,21.0,0,-0.48619916450930845,22.012808820356376,20.5,21.5
1756.0,21.073883871395598,21.570184554875826,6.998525832821242,21.0,0,-0.5701845548758264,22.410038458541006,20.5,21.5
1757.0,21.071068799787884,21.517130456818514,6.998592071196679,21.0,0,-0.5171304568185136,20.986589476245385,20.5,21.5
1758.0,21.068254304442167,21.436900439032677,6.998656787557312,21.0,0,-0.4369004390326765,20.634600261174306,20.5,21.5
1759.0,21.06544038493879,21.39818633629708,6.998719981853858,21.0,0,-0.3981863362970799,21.011045308941114,20.5,21.5
1760.0,21.06262704085817,21.32759013424104,6.998781654038192,21.0,0,-0.32759013424103856,20.621628113680625,20.5,21.5
1761.0,21.05981427178081,21.229671229825513,6.998841804063346,21.0,1,-0.22967122982551302,20.250482185670258,20.5,21.5
1762.0,21.077002077287265,21.254005340178953,6.998900431883515,21.0,1,-0.2540053401789528,21.49734644371335,20.5,21.5
1763.0,21.094186456958184,21.300876280453007,6.99895753745405,21.0,0,-0.3008762804530072,21.76958568319355,20.5,21.5
1764.0,21.091367411174282,21.339363884317066,6.999013120731464,21.0,0,-0.3393638843170663,21.724239922957658,20.5,21.5
1765.0,21.088548940316194,21.397276197638476,6.999067181673426,21.0,0,-0.397276197638476,21.976399330852573,20.5,21.5
1766.0,21.085731043964465,21.454400308887152,6.9991197202387685,21.0,0,-0.454400308887152,22.025641421373912,20.5,21.5
1767.0,21.082913721699718,21.46000566751526,6.999170736387479,21.0,0,-0.4600056675152615,21.516059253796357,20.5,21.5
1768.0,21.080096973102656,21.345848244901372,6.9992202300807085,21.0,1,-0.3458482449013722,20.20427401876248,20.5,21.5
1769.0,21.097280797754053,21.321272791299837,6.999268201280764,21.0,1,-0.32127279129983677,21.075518255284482,20.5,21.5
1770.0,21.114461195234757,21.331019403316077,6.999314649951114,21.0,1,-0.33101940331607693,21.42848552347848,20.5,21.5
1771.0,21.1316381659257,21.306949439393428,6.999359576056387,21.0,1,-0.3069494393934278,21.066249800166936,20.5,21.5
1772.0,21.148811710207728,21.290131748592792,6.999402979562366,21.0,1,-0.2901317485927919,21.121954840586433,20.5,21.5
1773.0,21.1659818284616,21.394691225073295,6.999444860436001,21.0,0,-0.394691225073295,22.440285989878326,20.5,21.5
1774.0,21.163148521067995,21.417786481795854,6.999485218645397,21.0,0,-0.4177864817958543,21.648739049021447,20.5,21.5
1775.0,21.160315788407512,21.407565260729676,6.999524054159818,21.0,0,-0.407565260729676,21.305353050067893,20.5,21.5
1776.0,21.157483630060664,21.44257588430218,6.999561366949691,21.0,0,-0.44257588430217965,21.792682120027216,20.5,21.5
1777.0,21.154652045608042,21.475141083874014,6.999597156986599,21.0,0,-0.4751410838740142,21.80079307959236,20.5,21.5
1778.0,21.151821034630316,21.469872151639233,6.999631424243288,21.0,0,-0.46987215163923324,21.417182829291423,20.5,21.5
1779.0,21.148990596708238,21.469673120476095,6.999664168693662,21.0,0,-0.4696731204760951,21.467682808844714,20.5,21.5
1780.0,21.146160731422636,21.57832365355674,6.999695390312782,21.0,0,-0.5783236535567404,22.664828984363194,20.5,21.5
1781.0,21.143331438354416,21.58940061809665,6.9997250890768745,21.0,0,-0.5894006180966507,21.700170263495753,20.5,21.5
1782.0,21.14050271708456,21.56591991590832,6.999753264963321,21.0,0,-0.5659199159083208,21.331112894025022,20.5,21.5
1783.0,21.137674567194136,21.515965274638205,6.999779917950665,21.0,0,-0.5159652746382051,21.016418861937048,20.5,21.5
1784.0,21.134846988264286,21.500661399747923,6.999805048018608,21.0,0,-0.5006613997479228,21.3476226508451,20.5,21.5
1785.0,21.132019979876237,21.426127910459837,6.999828655148014,21.0,0,-0.42612791045983656,20.680793017578974,20.5,21.5
1786.0,21.12919354161129,21.413619502111,6.9998507393209035,21.0,0,-0.4136195021110005,21.28853541862264,20.5,21.5
1787.0,21.126367673050833,21.394142101094825,6.99987130052046,21.0,0,-0.3941421010948254,21.199368090933074,20.5,21.5
1788.0,21.123542373776328,21.469300773129355,6.999890338731024,21.0,0,-0.4693007731293548,22.22088749347465,20.5,21.5
1789.0,21.120717643369318,21.476359707592202,6.9999078539380974,21.0,0,-0.47635970759220214,21.546949052220675,20.5,21.5
1790.0,21.117893481411432,21.401832310981803,6.999923846128342,21.0,0,-0.4018323109818027,20.65655834487781,20.5,21.5
1791.0,21.115069887484374,21.404748576120717,6.9999383152895795,21.0,0,-0.404748576120717,21.43391122750986,20.5,21.5
1792.0,21.112246861169936,21.43981610700641,6.999951261410789,21.0,0,-0.43981610700641127,21.790491415863354,20.5,21.5
1793.0,21.109424402049985,21.44026076441886,6.999962684482114,21.0,0,-0.4402607644188592,21.44470733854334,20.5,21.5
1794.0,21.106602509706473,21.50786916566178,6.999972584494854,21.0,0,-0.5078691656617806,22.183953178090995,20.5,21.5
1795.0,21.10378118372143,21.632034011520965,6.999980961441469,21.0,0,-0.6320340115209646,22.873682470112804,20.5,21.5
1796.0,21.100960423676973,21.622988235098152,6.999987815315581,21.0,0,-0.6229882350981519,21.532530470870025,20.5,21.5
1797.0,21.0981402291553,21.57196715305103,6.9999931461119695,21.0,0,-0.5719671530510304,21.061756332579815,20.5,21.5
1798.0,21.09532059973869,21.484208857324944,6.999996953826575,21.0,0,-0.4842088573249441,20.60662590006408,20.5,21.5
1799.0,21.09250153500951,21.460598686516455,6.999999238456499,21.0,0,-0.4605986865164553,21.224496978431567,20.5,21.5
1800.0,21.0896830345502,21.350682940269394,7.0,21.0,1,-0.35068294026939384,20.25152547779878,20.5,21.5
1801.0,21.10686509794329,21.352048203178995,6.999999238456499,21.0,1,-0.3520482031789953,21.36570083227501,20.5,21.5
1802.0,21.124043724771393,21.364362364755483,6.999996953826575,21.0,1,-0.36436236475548256,21.487503980520355,20.5,21.5
1803.0,21.141218915417205,21.419568659018015,6.9999931461119695,21.0,0,-0.4195686590180152,21.97163160164334,20.5,21.5
1804.0,21.138390670263345,21.277538097333224,6.999987815315581,21.0,1,-0.277538097333224,19.85723248048531,20.5,21.5
1805.0,21.155562989692356,21.370524053155922,6.999980961441469,21.0,0,-0.37052405315592196,22.3003836113829,20.5,21.5
1806.0,21.152731873286704,21.330793985071402,6.999972584494854,21.0,0,-0.3307939850714021,20.933493304226204,20.5,21.5
1807.0,21.149901321428946,21.330614748246084,6.999962684482114,21.0,0,-0.3306147482460844,21.328822379992907,20.5,21.5
1808.0,21.147071333701557,21.28078566650172,6.999951261410789,21.0,0,-0.2807856665017212,20.78249484905809,20.5,21.5
1809.0,21.1442419096871,21.40107808238236,6.9999383152895795,21.0,0,-0.40107808238235876,22.604002241188734,20.5,21.5
1810.0,21.14141304896822,21.26990852742755,6.999923846128342,21.0,1,-0.26990852742754967,19.95821297787946,20.5,21.5
1811.0,21.158584751127652,21.339469929992042,6.9999078539380974,21.0,0,-0.33946992999204184,22.035083955636964,20.5,21.5
1812.0,21.155753015748214,21.339762229121895,6.999890338731024,21.0,0,-0.33976222912189513,21.342685220420428,20.5,21.5
1813.0,21.15292184321281,21.359057389042327,6.999871300520461,21.0,0,-0.3590573890423272,21.552008988246648,20.5,21.5
1814.0,21.15009123310427,21.368697792340374,6.9998507393209035,21.0,0,-0.3686977923403738,21.46510182532084,20.5,21.5
1815.0,21.14726118500551,21.432671343643385,6.999828655148014,21.0,0,-0.4326713436433849,22.072406856673496,20.5,21.5
1816.0,21.14443169849954,21.373604194400503,6.999805048018608,21.0,0,-0.3736041944005031,20.782932701971685,20.5,21.5
1817.0,21.141602773169446,21.409561594895894,6.999779917950665,21.0,0,-0.4095615948958944,21.769135599849808,20.5,21.5
1818.0,21.1387744085984,21.42176433494639,6.999753264963321,21.0,0,-0.42176433494638843,21.54379173545133,20.5,21.5
1819.0,21.135946604369675,21.405456621306392,6.9997250890768745,21.0,0,-0.40545662130639215,21.24237948490643,20.5,21.5
1820.0,21.133119360066615,21.44653294956533,6.999695390312782,21.0,0,-0.44653294956533074,21.857296232154717,20.5,21.5
1821.0,21.130292675272663,21.522520466606647,6.999664168693662,21.0,0,-0.5225204666066467,22.282395637019807,20.5,21.5
1822.0,21.12746654957135,21.47828946217885,6.999631424243288,21.0,0,-0.47828946217885004,21.035979417900883,20.5,21.5
1823.0,21.124640982546282,21.51634022659947,6.999597156986599,21.0,0,-0.5163402265994712,21.896847870805683,20.5,21.5
1824.0,21.12181597378117,21.546128398307115,6.999561366949691,21.0,0,-0.5461283983071148,21.84401011538355,20.5,21.5
1825.0,21.118991522859805,21.55960718132724,6.999524054159818,21.0,0,-0.559607181327241,21.694395011528503,20.5,21.5
1826.0,21.116167629366064,21.547380435744934,6.999485218645397,21.0,0,-0.5473804357449339,21.425112979921863,20.5,21.5
1827.0,21.11334429288392,21.516111501011274,6.999444860436001,21.0,0,-0.5161115010112738,21.203422153674673,20.5,21.5
1828.0,21.11052151299743,21.42722050109115,6.999402979562366,21.0,0,-0.4272205010911492,20.538310501889903,20.5,21.5
1829.0,21.107699289290743,21.413097682878835,6.999359576056387,21.0,0,-0.41309768287883486,21.27186950075569,20.5,21.5
1830.0,21.104877621348095,21.361846489481884,6.999314649951114,21.0,0,-0.36184648948188425,20.849334555512378,20.5,21.5
1831.0,21.102056508753815,21.274356803269548,6.999268201280764,21.0,1,-0.2743568032695478,20.399459941146183,20.5,21.5
1832.0,21.11923595109232,21.38238305611967,6.9992202300807085,21.0,0,-0.3823830561196715,22.46264558462091,20.5,21.5
1833.0,21.11641194794812,21.395893022111874,6.999170736387479,21.0,0,-0.39589302211187416,21.5309926820339,20.5,21.5
1834.0,21.113588499705806,21.39013225542184,6.9991197202387685,21.0,0,-0.3901322554218396,21.332524588521494,20.5,21.5
1835.0,21.11076560594991,21.362847297407875,6.999067181673426,21.0,0,-0.3628472974078747,21.089997717268226,20.5,21.5
1836.0,21.107943266265057,21.430382671949147,6.999013120731464,21.0,0,-0.4303826719491468,22.105736417361868,20.5,21.5
1837.0,21.10512148023595,21.358234498635813,6.99895753745405,21.0,0,-0.358234498635813,20.636752765502475,20.5,21.5
1838.0,21.102300247447396,21.425213467034975,6.998900431883515,21.0,0,-0.4252134670349754,22.0950031510266,20.5,21.5
1839.0,21.099479567484284,21.407632110001707,6.998841804063346,21.0,0,-0.40763211000170685,21.23181853966902,20.5,21.5
1840.0,21.0966594399316,21.351693187473977,6.998781654038192,21.0,0,-0.3516931874739768,20.792303962196677,20.5,21.5
1841.0,21.09383986437442,21.29277858436505,6.998719981853858,21.0,0,-0.292778584365049,20.70363255327577,20.5,21.5
1842.0,21.091020840397917,21.26037461784842,6.998656787557312,21.0,0,-0.2603746178484201,20.93633495268213,20.5,21.5
1843.0,21.08820236758735,21.192256644159166,6.998592071196679,21.0,0,-0.19225664415916555,20.51107690726662,20.5,21.5
1844.0,21.08538444552807,21.277958616713583,6.998525832821242,21.0,0,-0.27795861671358324,22.13497834225776,20.5,21.5
1845.0,21.082567073805528,21.400860592394586,6.998458072481446,21.0,0,-0.4008605923945865,22.62988034920462,20.5,21.5
1846.0,21.07975025200526,21.437220340035577,6.998388790228892,21.0,0,-0.4372203400355765,21.800817816445477,20.5,21.5
1847.0,21.076933979712905,21.505028408736397,6.9983179861163425,21.0,0,-0.505028408736397,22.1831090957446,20.5,21.5
1848.0,21.074118256514186,21.5168557199266,6.998245660197717,21.0,0,-0.5168557199265997,21.635128831828627,20.5,21.5
1849.0,21.071303081994923,21.410227329201724,6.998171812528096,21.0,1,-0.41022732920172444,20.34394342195297,20.5,21.5
1850.0,21.08848845574103,21.342762551096637,6.998096443163716,21.0,1,-0.3427625510966372,20.668114770045765,20.5,21.5
1851.0,21.105670377338512,21.304023628100772,6.998019552161975,21.0,1,-0.3040236281007722,20.916634398142122,20.5,21.5
1852.0,21.122848847173476,21.332190775587527,6.99794113958143,21.0,0,-0.3321907755875273,21.613862250455078,20.5,21.5
1853.0,21.120023865631957,21.33163431073826,6.997861205481794,21.0,0,-0.33163431073825933,21.32606966224558,20.5,21.5
1854.0,21.117199433099927,21.33967230050431,6.99777974992394,21.0,0,-0.3396723005043114,21.420052198164832,20.5,21.5
1855.0,21.11437554916329,21.252289020053404,6.997696772969901,21.0,1,-0.2522890200534036,20.378456215544325,20.5,21.5
1856.0,21.131552213408053,21.364650226643597,6.997612274682869,21.0,0,-0.36465022664359736,22.488262292545535,20.5,21.5
1857.0,21.12872542542031,21.388238191645968,6.997526255127189,21.0,0,-0.38823819164596785,21.624117841669673,20.5,21.5
1858.0,21.125899185586253,21.41588430193273,6.997438714368372,21.0,0,-0.4158843019327314,21.692345404800367,20.5,21.5
1859.0,21.123073493492008,21.464212075625692,6.997349652473083,21.0,0,-0.4642120756256922,21.9474898125553,20.5,21.5
1860.0,21.120248348723806,21.609737274031122,6.9972590695091474,21.0,0,-0.6097372740311222,23.064989258085422,20.5,21.5
1861.0,21.117423750867964,21.533659311107463,6.9971669655455475,21.0,0,-0.5336593111074635,20.772879681870876,20.5,21.5
1862.0,21.1145996995109,21.43139832698894,6.997073340652424,21.0,1,-0.43139832698894054,20.40878848580371,20.5,21.5
1863.0,21.13177619423913,21.406344380513914,6.996978194901076,21.0,1,-0.4063443805139144,21.155804915763653,20.5,21.5
1864.0,21.14894923463926,21.43253916253293,6.9968815283639625,21.0,0,-0.43253916253292957,21.69448698272308,20.5,21.5
1865.0,21.146118821098007,21.301636548528787,6.996783341114698,21.0,1,-0.3016365485287871,19.992610408487362,20.5,21.5
1866.0,21.16328895400201,21.28219639029763,6.996683633228057,21.0,1,-0.28219639029763144,21.087794807986075,20.5,21.5
1867.0,21.180455632937853,21.357863297148832,6.996582404779971,21.0,0,-0.3578632971488318,22.114532365660835,20.5,21.5
1868.0,21.17761885829222,21.437196021317312,6.996479655847531,21.0,0,-0.4371960213173125,22.23052326300212,20.5,21.5
1869.0,21.17478263045173,21.448967445796004,6.9963753865089835,21.0,0,-0.4489674457960042,21.56668169058292,20.5,21.5
1870.0,21.17194694900294,21.491842601849015,6.996269596843734,21.0,0,-0.4918426018490152,21.920594162379125,20.5,21.5
1871.0,21.16911181353251,21.547262750332987,6.996162286932347,21.0,0,-0.5472627503329868,22.101464235172703,20.5,21.5
1872.0,21.16627722362719,21.556671858949503,6.996053456856544,21.0,0,-0.5566718589495032,21.650762945114668,20.5,21.5
1873.0,21.163443178873838,21.602635455116285,6.995943106699201,21.0,0,-0.6026354551162854,22.062271416784107,20.5,21.5
1874.0,21.1606096788594,21.52269917476874,6.995831236544358,21.0,0,-0.5226991747687393,20.72333637129328,20.5,21.5
1875.0,21.15777672317094,21.568404340654507,6.995717846477207,21.0,0,-0.5684043406545065,22.02545599951218,20.5,21.5
1876.0,21.154944311395603,21.56825746129018,6.9956029365841,21.0,0,-0.5682574612901803,21.566788667646918,20.5,21.5
1877.0,21.15211244312064,21.54379189110365,6.995486506952545,21.0,0,-0.5437918911036483,21.29913618923833,20.5,21.5
1878.0,21.149281117933405,21.39567733574152,6.995368557671211,21.0,1,-0.39567733574152086,19.914531782120246,20.5,21.5
1879.0,21.166450335421352,21.405894572232437,6.995249088829918,21.0,0,-0.4058945722324374,21.508066937141603,20.5,21.5
1880.0,21.163616095172035,21.42046942684924,6.995128100519649,21.0,0,-0.42046942684924105,21.566217973017277,20.5,21.5
1881.0,21.160782397573104,21.404520016429395,6.99500559283254,21.0,0,-0.4045200164293945,21.24502591223093,20.5,21.5
1882.0,21.157949242212155,21.326290128168022,6.994881565861888,21.0,0,-0.32629012816802216,20.5439912455543,20.5,21.5
1883.0,21.155116628676886,21.425505814036967,6.994756019702144,21.0,0,-0.42550581403696697,22.417662672726415,20.5,21.5
1884.0,21.15228455655509,21.42412081575502,6.994628954448916,21.0,0,-0.42412081575502114,21.410270832935563,20.5,21.5
1885.0,21.14945302543467,21.363226256776887,6.994500370198971,21.0,0,-0.3632262567768869,20.754280666995545,20.5,21.5
1886.0,21.146622034903622,21.32768094737484,6.994370267050232,21.0,0,-0.32768094737484077,20.97222785335438,20.5,21.5
1887.0,21.14379158455005,21.407795353324886,6.994238645101776,21.0,0,-0.4077953533248859,22.208939412825337,20.5,21.5
1888.0,21.140961673962163,21.375175287082367,6.994105504453841,21.0,0,-0.37517528708236725,21.04897462465718,20.5,21.5
1889.0,21.138132302728263,21.379498354957338,6.9939708452078175,21.0,0,-0.3794983549573381,21.422729033707046,20.5,21.5
1890.0,21.13530347043676,21.330454617493096,6.993834667466256,21.0,0,-0.33045461749309624,20.840017242850678,20.5,21.5
1891.0,21.132475176676166,21.33598419074876,6.993696971332861,21.0,0,-0.3359841907487606,21.391279923305405,20.5,21.5
1892.0,21.1296474210351,21.296831034766598,6.9935577569124945,21.0,0,-0.29683103476659767,20.905299474944968,20.5,21.5
1893.0,21.126820203102273,21.275367014478935,6.9934170243111735,21.0,0,-0.27536701447893464,21.060726811602304,20.5,21.5
1894.0,21.123993522466513,21.267747144437642,6.993274773636073,21.0,0,-0.26774714443764225,21.19154844402472,20.5,21.5
1895.0,21.12116737871675,21.37710254909884,6.993131004995523,21.0,0,-0.37710254909884,22.470656595710818,20.5,21.5
1896.0,21.118341771442005,21.43365148647801,6.992985718499009,21.0,0,-0.4336514864780092,21.9991408602697,20.5,21.5
1897.0,21.115516700231417,21.458845035686,6.992838914257173,21.0,0,-0.4588450356860001,21.71078052776591,20.5,21.5
1898.0,21.112692164674222,21.43204275127302,6.992690592381813,21.0,0,-0.43204275127301983,21.164019907143217,20.5,21.5
1899.0,21.109868164359764,21.49099904206524,6.9925407529858825,21.0,0,-0.4909990420652406,22.080561949987448,20.5,21.5
1900.0,21.107044698877488,21.41492544329005,6.992389396183491,21.0,0,-0.41492544329004843,20.654189455538127,20.5,21.5
1901.0,21.10422176781695,21.353594620333052,6.992236522089903,21.0,0,-0.3535946203330518,20.740286390763085,20.5,21.5
1902.0,21.101399370767805,21.3266081228253,6.992082130821539,21.0,0,-0.3266081228252986,21.056743147747767,20.5,21.5
1903.0,21.098577507319817,21.36648210731591,6.991926222495975,21.0,0,-0.36648210731591035,21.765221952222028,20.5,21.5
1904.0,21.095756177062853,21.28434972133758,6.9917687972319404,21.0,1,-0.2843497213375805,20.463025861554282,20.5,21.5
1905.0,21.112935379586887,21.351958315556864,6.991609855149323,21.0,0,-0.35195831555686397,22.0280442577497,20.5,21.5
1906.0,21.110111114482,21.371580197948024,6.991449396369164,21.0,0,-0.371580197948024,21.567799021859624,20.5,21.5
1907.0,21.107287382138377,21.389331822140967,6.991287421013659,21.0,0,-0.3893318221409672,21.5668480640704,20.5,21.5
1908.0,21.104464182146152,21.419935722660433,6.99112392920616,21.0,0,-0.41993572266043344,21.725974727855096,20.5,21.5
1909.0,21.101641514095565,21.433743093212705,6.990958921071172,21.0,0,-0.4337430932127049,21.57181679873542,20.5,21.5
1910.0,21.09881937757696,21.364605416505434,6.990792396734358,21.0,0,-0.36460541650543377,20.673228649432723,20.5,21.5
1911.0,21.09599777218079,21.401399614588716,6.990624356322531,21.0,0,-0.40139961458871554,21.769341595421533,20.5,21.5
1912.0,21.09317669749762,21.41058214062841,6.990454799963662,21.0,0,-0.41058214062841003,21.502407401025355,20.5,21.5
1913.0,21.090356153118112,21.45150528041261,6.990283727786877,21.0,0,-0.4515052804126114,21.860736678254625,20.5,21.5
1914.0,21.087536138633045,21.50792359709873,6.990111139922453,21.0,0,-0.5079235970987312,22.07210676395993,20.5,21.5
1915.0,21.084716653633304,21.595340435856713,6.989937036501823,21.0,0,-0.5953404358567127,22.469508823436527,20.5,21.5
1916.0,21.081897697709877,21.645684656537657,6.989761417657577,21.0,0,-0.6456846565376573,22.149126863347103,20.5,21.5
1917.0,21.079079270453867,21.608878999844308,6.9895842835234525,21.0,0,-0.6088789998443076,21.24082243291081,20.5,21.5
1918.0,21.076261371456482,21.630783150218953,6.989405634234348,21.0,0,-0.6307831502189529,21.849824653965406,20.5,21.5
1919.0,21.07344400030904,21.620723611819848,6.989225469926312,21.0,0,-0.620723611819848,21.5201282278288,20.5,21.5
1920.0,21.070627156602963,21.609452344095807,6.989043790736547,21.0,0,-0.6094523440958071,21.496739666855397,20.5,21.5
1921.0,21.06781083992979,21.507368280705254,6.988860596803409,21.0,1,-0.5073682807052542,20.486527646799725,20.5,21.5
1922.0,21.084995049881165,21.502690492453507,6.9886758882664095,21.0,1,-0.5026904924535067,21.455912609936032,20.5,21.5
1923.0,21.102175786048843,21.358077474672864,6.988489665266211,21.0,1,-0.3580774746728643,19.91194729686644,20.5,21.5
1924.0,21.119353048824685,21.38010769375048,6.988301927944631,21.0,0,-0.3801076937504817,21.600409884526655,20.5,21.5
1925.0,21.11652683860051,21.36243963119329,6.988112676444639,21.0,0,-0.3624396311932898,21.18575900562137,20.5,21.5
1926.0,21.11370115576808,21.390385270241477,6.98792191091036,21.0,0,-0.3903852702414774,21.669841660723353,20.5,21.5
1927.0,21.11087599991911,21.335670436092162,6.987729631487068,21.0,0,-0.33567043609216185,20.788522094599006,20.5,21.5
1928.0,21.108051370645423,21.356148361887513,6.987535838321193,21.0,0,-0.356148361887513,21.560927619841024,20.5,21.5
1929.0,21.105227267538957,21.302229360698462,6.987340531560317,21.0,0,-0.30222936069846185,20.76303934880795,20.5,21.5
1930.0,21.10240369019176,21.280642312442346,6.987143711353175,21.0,0,-0.28064231244234605,21.064771829881188,20.5,21.5
1931.0,21.09958063819599,21.250395198778726,6.986945377849654,21.0,0,-0.25039519877872607,20.947924062142526,20.5,21.5
1932.0,21.096758111143924,21.374238877243794,6.986745531200793,21.0,0,-0.3742388772437941,22.612675661894475,20.5,21.5
1933.0,21.093936108627936,21.387209482590983,6.986544171558784,21.0,0,-0.38720948259098265,21.516915536062868,20.5,21.5
1934.0,21.091114630240522,21.377079244519923,6.986341299076972,21.0,0,-0.3770792445199227,21.275776863809323,20.5,21.5
1935.0,21.08829367557429,21.46902519198879,6.986136913909853,21.0,0,-0.46902519198879133,22.388484666677478,20.5,21.5
1936.0,21.085473244221955,21.50950411688212,6.985931016213074,21.0,0,-0.5095041168821197,21.914293365815404,20.5,21.5
1937.0,21.082653335776353,21.510361779204494,6.985723606143436,21.0,0,-0.5103617792044943,21.51893840242824,20.5,21.5
1938.0,21.079833949830427,21.556198888137498,6.9855146838588915,21.0,0,-0.556198888137498,22.014569977467534,20.5,21.5
1939.0,21.077015085977234,21.45764646536572,6.985304249518542,21.0,1,-0.45764646536571973,20.472122237647937,20.5,21.5
1940.0,21.094196743809942,21.3990031110143,6.985092303282644,21.0,1,-0.39900311101429864,20.812569567500088,20.5,21.5
1941.0,21.111374922921836,21.358888942786017,6.984878845312603,21.0,1,-0.3588889427860167,20.957747260503197,20.5,21.5
1942.0,21.128549623706313,21.29496908667247,6.984663875770977,21.0,1,-0.2949690866724701,20.655770525537005,20.5,21.5
1943.0,21.145720846556724,21.351103101925403,6.9844473948214745,21.0,0,-0.3511031019254034,21.912443254454736,20.5,21.5
1944.0,21.142888591866377,21.480121715061657,6.984229402628956,21.0,0,-0.4801217150616566,22.77030784642419,20.5,21.5
1945.0,21.14005686002853,21.431176482224558,6.98400989935943,21.0,0,-0.43117648222455784,20.94172415385357,20.5,21.5
1946.0,21.137225650636395,21.442500458484574,6.98378888518006,21.0,0,-0.44250045848457376,21.555740221084733,20.5,21.5
1947.0,21.134394963283302,21.486682780730867,6.983566360259156,21.0,0,-0.4866827807308667,21.928506003193796,20.5,21.5
1948.0,21.131564797562696,21.3391697757716,6.9833423247661806,21.0,1,-0.3391697757716017,19.86403972617895,20.5,21.5
1949.0,21.148735153068138,21.294018466123116,6.983116778871748,21.0,1,-0.29401846612311644,20.842505369638264,20.5,21.5
1950.0,21.165902029393298,21.363878828679184,6.982889722747621,21.0,0,-0.36387882867918364,22.062482454239856,20.5,21.5
1951.0,21.16306542693197,21.448287313938437,6.982661156566712,21.0,0,-0.4482873139384367,22.292372166530967,20.5,21.5
1952.0,21.160229346077895,21.439162793600246,6.982431080503083,21.0,0,-0.43916279360024646,21.347917590218344,20.5,21.5
1953.0,21.15739378642478,21.517710217700216,6.982199494731949,21.0,0,-0.5177102177002162,22.303184458699914,20.5,21.5
1954.0,21.15455874756644,21.551335568046618,6.981966399429672,21.0,0,-0.5513355680466177,21.887589071510632,20.5,21.5
1955.0,21.151724229096814,21.534339230362967,6.981731794773765,21.0,0,-0.534339230362967,21.36437585352646,20.5,21.5
1956.0,21.14889023060995,21.449364062550927,6.981495680942887,21.0,0,-0.4493640625509272,20.59961238443053,20.5,21.5
1957.0,21.146056751700016,21.472024145851577,6.981258058116851,21.0,0,-0.47202414585157726,21.698624978858078,20.5,21.5
1958.0,21.1432237919613,21.439425127767976,6.981018926476618,21.0,0,-0.4394251277679757,21.11343494693196,20.5,21.5
1959.0,21.140391350988203,21.453519784066465,6.980778286204295,21.0,0,-0.4535197840664651,21.59446634705136,20.5,21.5
1960.0,21.137559428375248,21.395350103404766,6.98053613748314,21.0,0,-0.3953501034047662,20.813653296787777,20.5,21.5
1961.0,21.13472802371707,21.45114387014349,6.980292480497562,21.0,0,-0.4511438701434898,22.009081537530726,20.5,21.5
1962.0,21.131897136608426,21.355329918677118,6.980047315433115,21.0,1,-0.3553299186771177,20.397190404013397,20.5,21.5
1963.0,21.149066766644193,21.376702313448828,6.979800642476503,21.0,0,-0.37670231344882765,21.590426261165927,20.5,21.5
1964.0,21.14623291341936,21.352744260301385,6.979552461815578,21.0,0,-0.3527442603013853,21.11316372882696,20.5,21.5
1965.0,21.143399577329042,21.39997050982781,6.979302773639341,21.0,0,-0.3999705098278099,21.872233005092056,20.5,21.5
1966.0,21.140566757968305,21.376961167743083,6.979051578137939,21.0,0,-0.3769611677430831,21.146867746895815,20.5,21.5
1967.0,21.13773445493234,21.41631848595599,6.97879887550267,21.0,0,-0.4163184859559905,21.809891668085065,20.5,21.5
1968.0,21.13490266781645,21.500636974958105,6.978544665925977,21.0,0,-0.5006369749581054,22.343821864979255,20.5,21.5
1969.0,21.132071396216073,21.586661301120536,6.978288949601452,21.0,0,-0.5866613011205359,22.44690456274484,20.5,21.5
1970.0,21.12924063972675,21.55498981325872,6.978031726723834,21.0,0,-0.5549898132587217,21.23827493464058,20.5,21.5
1971.0,21.12641039794415,21.513020212795606,6.9777729974890095,21.0,0,-0.5130202127956061,21.09332420816445,20.5,21.5
1972.0,21.123580670464058,21.49204423699483,6.977512762094012,21.0,0,-0.492044236994829,21.28228447898706,20.5,21.5
1973.0,21.120751456882385,21.340262854284138,6.977251020737022,21.0,1,-0.3402628542841377,19.822449027177225,20.5,21.5
1974.0,21.137922756795156,21.26353836631042,6.976987773617367,21.0,1,-0.2635383663104207,20.49629348657325,20.5,21.5
1975.0,21.15509056979852,21.302749471914375,6.9767230209355215,21.0,0,-0.3027494719143746,21.694860527953914,20.5,21.5
1976.0,21.15225489628875,21.281952443475927,6.976456762893106,21.0,0,-0.28195244347592663,21.073982159091447,20.5,21.5
1977.0,21.14941973666207,21.34308685127571,6.976188999692887,21.0,0,-0.3430868512757108,21.954430929273553,20.5,21.5
1978.0,21.146585090514677,21.38878464549929,6.975919731538778,21.0,0,-0.38878464549928893,21.84576258773507,20.5,21.5
1979.0,21.143750957442883,21.37836944933301,6.975648958635839,21.0,0,-0.378369449333011,21.27421748767023,20.5,21.5
1980.0,21.14091733704312,21.36747108482057,6.9753766811902755,21.0,0,-0.36747108482056845,21.258487439696143,20.5,21.5
1981.0,21.13808422891195,21.399953538435955,6.975102899409437,21.0,0,-0.3999535384359554,21.724778074589825,20.5,21.5
1982.0,21.13525163264605,21.405808182127373,6.974827613501823,21.0,0,-0.40580818212737313,21.46435461904155,20.5,21.5
1983.0,21.132419547842222,21.365676508597783,6.974550823677073,21.0,0,-0.3656765085977831,20.964359773301883,20.5,21.5
1984.0,21.12958797409739,21.373406243619335,6.974272530145976,21.0,0,-0.3734062436193355,21.45070359383486,20.5,21.5
1985.0,21.1267569110086,21.323714629141488,6.973992733120464,21.0,0,-0.3237146291414881,20.826798484363014,20.5,21.5
1986.0,21.123926358173023,21.352568619592788,6.973711432813614,21.0,0,-0.3525686195927875,21.641108524105782,20.5,21.5
1987.0,21.121096315187952,21.376250996775543,6.973428629439651,21.0,0,-0.37625099677554275,21.613074768603095,20.5,21.5
1988.0,21.118266781650803,21.49021746381738,6.973144323213939,21.0,0,-0.4902174638173804,22.629882134235757,20.5,21.5
1989.0,21.115437757159114,21.514997347930017,6.972858514352991,21.0,0,-0.5149973479300165,21.762796189056377,20.5,21.5
1990.0,21.112609241310555,21.59088821212907,6.972571203074462,21.0,0,-0.5908882121290695,22.3497968541196,20.5,21.5
1991.0,21.109781233702908,21.556759384091613,6.972282389597154,21.0,0,-0.5567593840916132,21.21547110371705,20.5,21.5
1992.0,21.106953733934088,21.523122483192694,6.97199207414101,21.0,0,-0.5231224831926937,21.1867534742035,20.5,21.5
1993.0,21.10412674160213,21.370719367749267,6.971700256927117,21.0,1,-0.37071936774926684,19.846688213314998,20.5,21.5
1994.0,21.121300256305194,21.411938149365444,6.971406938177707,21.0,0,-0.4119381493654437,21.824125965527212,20.5,21.5
1995.0,21.118470277641567,21.385241839343422,6.971112118116156,21.0,0,-0.38524183934342204,21.118278739123205,20.5,21.5
1996.0,21.11564080600966,21.353549995368457,6.97081579696698,21.0,0,-0.3535499953684571,21.036631555618808,20.5,21.5
1997.0,21.112811841007854,21.37000209512584,6.970517974955843,21.0,0,-0.3700020951258409,21.53452309269968,20.5,21.5
1998.0,21.109983382234645,21.46421998750506,6.970218652309548,21.0,0,-0.46421998750506077,22.40639891129726,20.5,21.5
1999.0,21.10715542928866,21.380989825632557,6.969917829256042,21.0,0,-0.38098982563255746,20.548688206907524,20.5,21.5
2000.0,21.104327981768655,21.32912353041822,6.969615506024416,21.0,0,-0.32912353041821873,20.81046057827483,20.5,21.5
2001.0,21.101501039273508,21.4015732247937,6.969311682844902,21.0,0,-0.40157322479370094,22.126070168548523,20.5,21.5
2002.0,21.098674601402223,21.43731063279931,6.969006359948873,21.0,0,-0.43731063279930993,21.7946847128554,20.5,21.5
2003.0,21.095848667753934,21.4756739906343,6.968699537568848,21.0,0,-0.4756739906342986,21.859307568984185,20.5,21.5
2004.0,21.0930232379279,21.454862842785094,6.9683912159384835,21.0,0,-0.4548628427850936,21.246751364293043,20.5,21.5
2005.0,21.0901983115235,21.48421652214556,6.9680813952925815,21.0,0,-0.48421652214555877,21.77775331575021,20.5,21.5
2006.0,21.087373888140256,21.439008943048997,6.967770075867083,21.0,0,-0.4390089430489965,20.986933152083374,20.5,21.5
2007.0,21.0845499673778,21.394526569497966,6.967457257899071,21.0,0,-0.39452656949796605,20.94970283398766,20.5,21.5
2008.0,21.081726548835903,21.367252024376803,6.967142941626772,21.0,0,-0.3672520243768034,21.094506573165177,20.5,21.5
2009.0,21.07890363211446,21.359740538896943,6.966827127289549,21.0,0,-0.35974053889694346,21.284625684098344,20.5,21.5
2010.0,21.076081216813495,21.353618190229632,6.9665098151279095,21.0,0,-0.35361819022963203,21.292394703556518,20.5,21.5
2011.0,21.07325930253316,21.350107091572642,6.9661910053835,21.0,0,-0.3501070915726423,21.314996105002745,20.5,21.5
2012.0,21.07043788887373,21.324325401165453,6.965870698299108,21.0,0,-0.32432540116545283,21.066508497093558,20.5,21.5
2013.0,21.067616975435616,21.396664609024704,6.965548894118663,21.0,0,-0.3966646090247039,22.120056687617215,20.5,21.5
2014.0,21.064796561819353,21.376270239861718,6.96522559308723,21.0,0,-0.3762702398617179,21.172326548231858,20.5,21.5
2015.0,21.061976647625606,21.329461860689015,6.964900795451019,21.0,0,-0.3294618606890154,20.86137806896199,20.5,21.5
2016.0,21.05915723245517,21.368010120440697,6.964574501457378,21.0,0,-0.36801012044069736,21.753492717957517,20.5,21.5
2017.0,21.05633831590897,21.38170233974883,6.964246711354791,21.0,0,-0.3817023397488306,21.518624532830163,20.5,21.5
2018.0,21.05351989758806,21.356785914508734,6.9639174253928875,21.0,0,-0.356785914508734,21.107621662107768,20.5,21.5
2019.0,21.05070197709362,21.472231904906916,6.963586643822431,21.0,0,-0.47223190490691636,22.62669180888874,20.5,21.5
2020.0,21.047884554026965,21.539537890067383,6.9632543668953275,21.0,0,-0.5395378900673826,22.212597741672045,20.5,21.5
2021.0,21.04506762798954,21.49014542774183,6.96292059486462,21.0,0,-0.49014542774182956,20.9962208044863,20.5,21.5
2022.0,21.042251198582914,21.39412094678587,6.96258532798449,21.0,1,-0.3941209467858684,20.433876137226257,20.5,21.5
2023.0,21.059435265408794,21.319368845288185,6.962248566510258,21.0,1,-0.3193688452881851,20.571847830311352,20.5,21.5
2024.0,21.076615828069013,21.210025957904598,6.961910310698383,21.0,1,-0.21002595790459822,20.11659708406873,20.5,21.5
2025.0,21.093792886965538,21.22372928764893,6.961570560806461,21.0,1,-0.2237292876489292,21.36076258509224,20.5,21.5
2026.0,21.110966442500306,21.253485984425616,6.961229317093226,21.0,0,-0.2534859844256161,21.551052952192485,20.5,21.5
2027.0,21.108136495075225,21.41828774340938,6.960886579818551,21.0,0,-0.4182877434093797,23.066305333247016,20.5,21.5
2028.0,21.105307045092175,21.475421584043623,6.960542349243443,21.0,0,-0.4754215840436231,22.046759990386057,20.5,21.5
2029.0,21.102478092153007,21.52988518176778,6.9601966256300525,21.0,0,-0.5298851817677814,22.074521159009365,20.5,21.5
2030.0,21.099649635859702,21.519899952983632,6.959849409241659,21.0,0,-0.5198999529836321,21.42004766514214,20.5,21.5
2031.0,21.09682167581438,21.474960080161335,6.959500700342685,21.0,0,-0.47496008016133473,21.02556135193836,20.5,21.5
2032.0,21.093994211619286,21.357992448893423,6.959150499198688,21.0,1,-0.3579924488934232,20.188316136214308,20.5,21.5
2033.0,21.111167242876803,21.360618820313583,6.95879880607636,21.0,1,-0.36061882031358294,21.38688253451518,20.5,21.5
2034.0,21.128336769189442,21.42157788306509,6.9584456212435315,21.0,0,-0.4215778830650905,22.031168510580166,20.5,21.5
2035.0,21.125502790959853,21.438033158818776,6.958090944969168,21.0,0,-0.4380331588187758,21.60258591635563,20.5,21.5
2036.0,21.122669308590655,21.49261782563935,6.95773477752337,21.0,0,-0.49261782563934986,22.03846449384509,20.5,21.5
2037.0,21.119836321684442,21.619201285170455,6.957377119177376,21.0,0,-0.6192012851704547,22.885035880481503,20.5,21.5
2038.0,21.11700382984394,21.57744234465739,6.957017970203557,21.0,0,-0.5774423446573884,21.159852939526726,20.5,21.5
2039.0,21.114171832672014,21.535760712438258,6.956657330875421,21.0,0,-0.5357607124382575,21.11894439024695,20.5,21.5
2040.0,21.111340329771654,21.48001775689424,6.956295201467611,21.0,0,-0.48001775689424164,20.922588201454083,20.5,21.5
2041.0,21.10850932074599,21.432735133829418,6.9559315822559045,21.0,0,-0.43273513382941786,20.95990890318118,20.5,21.5
2042.0,21.105678805198295,21.27750825334211,6.955566473517212,21.0,1,-0.27750825334210916,19.725239448469022,20.5,21.5
2043.0,21.122848782731957,21.231179548353364,6.955199875529582,21.0,1,-0.23117954835336363,20.76789249846591,20.5,21.5
2044.0,21.140015252950516,21.226762921270556,6.954831788572192,21.0,1,-0.22676292127055575,21.182596650442477,20.5,21.5
2045.0,21.15717821625764,21.269749708434915,6.954462212925358,21.0,0,-0.2697497084349152,21.69961758007851,20.5,21.5
2046.0,21.154337673056975,21.331636877035116,6.9540911488705275,21.0,0,-0.33163687703511613,21.950508563037125,20.5,21.5
2047.0,21.15149762375214,21.365821821046648,6.9537185966902815,21.0,0,-0.36582182104664795,21.707671261161966,20.5,21.5
2048.0,21.148658067946727,21.392430590469502,6.953344556668336,21.0,0,-0.3924305904695018,21.65851828469804,20.5,21.5
2049.0,21.14581900524447,21.38594992580877,6.952969029089537,21.0,0,-0.3859499258087702,21.321143279201454,20.5,21.5
2050.0,21.14298043524924,21.42303272293654,6.952592014239867,21.0,0,-0.42303272293654004,21.79386069421424,20.5,21.5
2051.0,21.140142357565036,21.399935112056742,6.952213512406438,21.0,0,-0.3999351120567418,21.16895900325876,20.5,21.5
2052.0,21.137304771796003,21.45686907904357,6.951833523877495,21.0,0,-0.456869079043571,22.026208748911863,20.5,21.5
2053.0,21.134467677546418,21.469321569638012,6.951452048942417,21.0,0,-0.4693215696380122,21.593846475582424,20.5,21.5
2054.0,21.131631074420696,21.503852899020306,6.951069087891713,21.0,0,-0.5038528990203055,21.84916619284324,20.5,21.5
2055.0,21.12879496202339,21.446548795270918,6.950684641017025,21.0,0,-0.4465487952709175,20.873507757777038,20.5,21.5
2056.0,21.12595933995919,21.48776122647674,6.950298708611126,21.0,0,-0.4877612264767386,21.89988553853495,20.5,21.5
2057.0,21.123124207832923,21.44702421542705,6.949911290967921,21.0,0,-0.4470242154270494,21.039654104930158,20.5,21.5
2058.0,21.12028956524955,21.427625022847607,6.9495223883824435,21.0,0,-0.4276250228476073,21.233633097053186,20.5,21.5
2059.0,21.117455411814177,21.365853777824167,6.949132001150861,21.0,0,-0.3658537778241673,20.748141327589767,20.5,21.5
2060.0,21.114621747132045,21.34556074556006,6.948740129570471,21.0,0,-0.34556074556006067,21.142630422918995,20.5,21.5
2061.0,21.11178857080853,21.356832853562228,6.948346773939699,21.0,0,-0.3568328535622278,21.4695539335839,20.5,21.5
2062.0,21.10895588244916,21.37497839775485,6.947951934558104,21.0,0,-0.37497839775485176,21.55643383968109,20.5,21.5
2063.0,21.106123681659582,21.427043930808555,6.947555611726371,21.0,0,-0.42704393080855496,21.947699261345587,20.5,21.5
2064.0,21.103291968045596,21.37965527811801,6.94715780574632,21.0,0,-0.37965527811800825,20.90576875121254,20.5,21.5
2065.0,21.100460741213137,21.386330348403312,6.946758516920897,21.0,0,-0.3863303484033125,21.453081051256355,20.5,21.5
2066.0,21.09763000076828,21.333643224114375,6.9463577455541765,21.0,0,-0.3336432241143754,20.806771981225005,20.5,21.5
2067.0,21.094799746317236,21.37501552413904,6.945955491951364,21.0,0,-0.37501552413904093,21.788738524385696,20.5,21.5
2068.0,21.091969977466363,21.398614271159317,6.945551756418793,21.0,0,-0.39861427115931747,21.634601741362083,20.5,21.5
2069.0,21.089140693822152,21.443750976405997,6.945146539263926,21.0,0,-0.4437509764059975,21.895118028872798,20.5,21.5
2070.0,21.08631189499124,21.487000935436363,6.944739840795354,21.0,0,-0.48700093543636314,21.91950052574002,20.5,21.5
2071.0,21.083483580580403,21.48441102348449,6.944331661322793,21.0,0,-0.4844110234844905,21.458511903965764,20.5,21.5
2072.0,21.080655750196552,21.48648907203808,6.943922001157093,21.0,0,-0.48648907203807923,21.507269557573967,20.5,21.5
2073.0,21.077828403446745,21.399955313250707,6.943510860610225,21.0,0,-0.39995531325070743,20.53461772537699,20.5,21.5
2074.0,21.075001539938178,21.434799923522004,6.943098239995292,21.0,0,-0.4347999235220037,21.783246026234966,20.5,21.5
2075.0,21.07217515927819,21.393013712970376,6.942684139626523,21.0,0,-0.3930137129703759,20.975151607454098,20.5,21.5
2076.0,21.069349261074258,21.41138618243577,6.942268559819272,21.0,0,-0.41138618243576985,21.59511087708971,20.5,21.5
2077.0,21.066523844934007,21.435080507256128,6.941851500890023,21.0,0,-0.4350805072561279,21.67202375545971,20.5,21.5
2078.0,21.0636989104652,21.48406884575132,6.941432963156382,21.0,0,-0.48406884575132025,21.973952230703244,20.5,21.5
2079.0,21.060874457275737,21.406777081792853,6.941012946937085,21.0,0,-0.4067770817928533,20.633859442208184,20.5,21.5
2080.0,21.05805048497367,21.357776017799065,6.940591452551993,21.0,0,-0.35777601779906476,20.86776537786118,20.5,21.5
2081.0,21.055226993167185,21.33147251716289,6.940168480322092,21.0,0,-0.33147251716289006,21.068437510801143,20.5,21.5
2082.0,21.052403981464614,21.275974381080257,6.939744030569494,21.0,0,-0.27597438108025685,20.720993020253925,20.5,21.5
2083.0,21.049581449474434,21.240053244779798,6.939318103617435,21.0,0,-0.24005324477979784,20.880841881775208,20.5,21.5
2084.0,21.046759396805264,21.32209234779743,6.938890699790278,21.0,0,-0.32209234779742957,22.142483377973747,20.5,21.5
2085.0,21.04393782306586,21.387534807566162,6.938461819413509,21.0,0,-0.387534807566162,22.041959405253486,20.5,21.5
2086.0,21.04111672786513,21.41537992383551,6.938031462813739,21.0,0,-0.41537992383550915,21.69383108652898,20.5,21.5
2087.0,21.03829611081212,21.433407992374,6.9375996303187035,21.0,0,-0.43340799237400063,21.613688677758915,20.5,21.5
2088.0,21.03547597151602,21.458499541650745,6.937166322257262,21.0,0,-0.45849954165074536,21.709415034418193,20.5,21.5
2089.0,21.03265630958617,21.459860459056706,6.936731538959397,21.0,0,-0.45986045905670636,21.473469633116316,20.5,21.5
2090.0,21.029837124632046,21.49527499891149,6.936295280756216,21.0,0,-0.4952749989114906,21.849420397459333,20.5,21.5
2091.0,21.02701841626327,21.477718525313485,6.935857547979946,21.0,0,-0.4777185253134846,21.302153789333424,20.5,21.5
2092.0,21.024200184089615,21.416029167523014,6.935418340963943,21.0,0,-0.4160291675230141,20.79913558961831,20.5,21.5
2093.0,21.02138242772099,21.332380754010725,6.934977660042679,21.0,1,-0.33238075401072464,20.49589661888783,20.5,21.5
2094.0,21.038565146767453,21.336296093173445,6.934535505551754,21.0,1,-0.3362960931734449,21.375449484800647,20.5,21.5
2095.0,21.05574434083921,21.321005477993573,6.934091877827886,21.0,1,-0.32100547799357315,21.168099326194856,20.5,21.5
2096.0,21.07292001034661,21.298897651651753,6.933646777208919,21.0,1,-0.2988976516517532,21.077819388233554,20.5,21.5
2097.0,21.090092155699985,21.333431076445066,6.933200204033815,21.0,0,-0.3334310764450663,21.678765324378197,20.5,21.5
2098.0,21.087260777309652,21.37621852383316,6.932752158642659,21.0,0,-0.3762185238331597,21.804092997714093,20.5,21.5
2099.0,21.08442987558592,21.349402599555034,6.932302641376657,21.0,0,-0.3494025995550345,21.081243356773783,20.5,21.5
2100.0,21.081599450139077,21.302397842497864,6.931851652578136,21.0,0,-0.3023978424978644,20.832350271926163,20.5,21.5
2101.0,21.078769500579565,21.3386726068628,6.931399192590545,21.0,0,-0.33867260686280076,21.701420250512165,20.5,21.5
2102.0,21.075940026517966,21.267198783286986,6.93094526175845,21.0,0,-0.267198783286986,20.552460547528838,20.5,21.5
2103.0,21.073111027565012,21.263840759060066,6.9304898604275404,21.0,0,-0.26384075906006643,21.23026051679087,20.5,21.5
2104.0,21.070282503331583,21.25158096608925,6.930032988944623,21.0,0,-0.25158096608925007,21.128983036381086,20.5,21.5
2105.0,21.067454453428706,21.234073964711435,6.929574647657626,21.0,0,-0.2340739647114347,21.05900395093328,20.5,21.5
2106.0,21.064626877467553,21.24065075423693,6.929114836915597,21.0,0,-0.24065075423693116,21.306418649491896,20.5,21.5
2107.0,21.06179977505944,21.333681520381656,6.928653557068699,21.0,0,-0.3336815203816563,22.263989181828908,20.5,21.5
2108.0,21.058973145815845,21.40224793414745,6.92819080846822,21.0,0,-0.4022479341474501,22.087912071805388,20.5,21.5
2109.0,21.056146989348374,21.441177327614074,6.927726591466562,21.0,0,-0.44117732761407424,21.830471262280316,20.5,21.5
2110.0,21.0533213052688,21.452646928314675,6.927260906417246,21.0,0,-0.45264692831467457,21.567342935320678,20.5,21.5
2111.0,21.05049609318903,21.414028698518088,6.926793753674912,21.0,0,-0.4140286985180879,21.02784640055222,20.5,21.5
2112.0,21.047671352721125,21.417754617556547,6.926325133595316,21.0,0,-0.41775461755654675,21.455013807941135,20.5,21.5
2113.0,21.0448470834773,21.33727614342191,6.925855046535334,21.0,0,-0.33727614342191004,20.532491402075543,20.5,21.5
2114.0,21.042023285069913,21.248756611707783,6.925383492852958,21.0,1,-0.2487566117077833,20.363561294566516,20.5,21.5
2115.0,21.05919995711147,21.293931525249704,6.924910472907294,21.0,0,-0.2939315252497039,21.74568066066891,20.5,21.5
2116.0,21.05637309921463,21.26289008648958,6.924435987058571,21.0,0,-0.26289008648958045,20.952475698888346,20.5,21.5
2117.0,21.053546711792197,21.184282592410348,6.923960035668127,21.0,1,-0.18428259241034795,20.398207651618023,20.5,21.5
2118.0,21.07072079445697,21.275010989920712,6.923482619098422,21.0,0,-0.2750109899207125,22.182294965024358,20.5,21.5
2119.0,21.0678913468219,21.345809115623915,6.92300373771303,21.0,0,-0.3458091156239149,22.05379037265594,20.5,21.5
2120.0,21.065062369300076,21.436534939967284,6.922523391876638,21.0,0,-0.43653493996728443,22.34379318340098,20.5,21.5
2121.0,21.06223386150459,21.510412076343766,6.922041581955051,21.0,0,-0.5104120763437656,22.249183440108578,20.5,21.5
2122.0,21.05940582304868,21.587690073125227,6.921558308315188,21.0,0,-0.587690073125227,22.36047004093984,20.5,21.5
2123.0,21.056578253545734,21.577147074024857,6.921073571325084,21.0,0,-0.5771470740248574,21.47171708302116,20.5,21.5
2124.0,21.05375115260929,21.51347297373002,6.920587371353886,21.0,0,-0.5134729737300212,20.87673197078166,20.5,21.5
2125.0,21.05092451985304,21.418510473935225,6.920099708771858,21.0,1,-0.4185104739352248,20.46888547598726,20.5,21.5
2126.0,21.068098354890825,21.425324993751115,6.919610583950374,21.0,1,-0.425324993751115,21.493470191910017,20.5,21.5
2127.0,21.085268657336638,21.45068878085236,6.919119997261925,21.0,0,-0.4506887808523601,21.70432665186481,20.5,21.5
2128.0,21.082435427604622,21.439852479295922,6.918627949080115,21.0,0,-0.4398524792959222,21.331489463731543,20.5,21.5
2129.0,21.07960266610892,21.445080753839335,6.918134439779659,21.0,0,-0.4450807538393349,21.49736349927346,20.5,21.5
2130.0,21.076770372463653,21.417575926900405,6.917639469736386,21.0,0,-0.4175759269004047,21.142527657511103,20.5,21.5
2131.0,21.073938546283106,21.394859558642853,6.917143039327238,21.0,0,-0.39485955864285316,21.167695876067338,20.5,21.5
2132.0,21.071107187181713,21.337610013947135,6.916645148930266,21.0,0,-0.33761001394713475,20.76511456698995,20.5,21.5
2133.0,21.068276294774062,21.24046022735326,6.916145798924639,21.0,1,-0.24046022735326034,20.268962361414516,20.5,21.5
2134.0,21.085445868674892,21.32834793567463,6.91564498969063,21.0,0,-0.3283479356746284,22.20722501888831,20.5,21.5
2135.0,21.082611908499096,21.38835187169445,6.915142721609629,21.0,0,-0.38835187169445007,21.988391231892667,20.5,21.5
2136.0,21.079778414661718,21.383860454054762,6.914638995064134,21.0,0,-0.3838604540547621,21.338946277657882,20.5,21.5
2137.0,21.076945386777798,21.369917323855308,6.9141338104377565,21.0,0,-0.36991732385530796,21.230486021860766,20.5,21.5
2138.0,21.074112824462528,21.472109970344057,6.913627168115215,21.0,0,-0.4721099703440572,22.49403643523155,20.5,21.5
2139.0,21.07128072733126,21.45834258879561,6.91311906848234,21.0,0,-0.45834258879560963,21.320668773311134,20.5,21.5
2140.0,21.06844909499949,21.41828693250462,6.912609511926071,21.0,0,-0.41828693250462123,21.017730369594737,20.5,21.5
2141.0,21.065617927082876,21.43211259184158,6.9120984988344585,21.0,0,-0.43211259184158024,21.57036918521117,20.5,21.5
2142.0,21.062787223197226,21.41797557813274,6.91158602959666,21.0,0,-0.4179755781327401,21.27660544104434,20.5,21.5
2143.0,21.059956982958507,21.342784149282544,6.911072104602945,21.0,0,-0.34278414928254364,20.59086986078058,20.5,21.5
2144.0,21.057127205982837,21.303974572397475,6.910556724244687,21.0,0,-0.3039745723974754,20.915878803546793,20.5,21.5
2145.0,21.05429789188649,21.254018053710446,6.9100398889143735,21.0,0,-0.25401805371044617,20.754452866840154,20.5,21.5
2146.0,21.051469040285895,21.287532823053265,6.909521599005595,21.0,0,-0.2875328230532652,21.622680516481456,20.5,21.5
2147.0,21.048640650797637,21.224275613275303,6.909001854913052,21.0,0,-0.224275613275303,20.59170351549568,20.5,21.5
2148.0,21.04581272303846,21.31913209417892,6.908480657032554,21.0,0,-0.31913209417891863,22.267696903215075,20.5,21.5
2149.0,21.042985256625258,21.33784401437692,6.907958005761014,21.0,0,-0.3378440143769197,21.52496321635693,20.5,21.5
2150.0,21.040158251175086,21.386493347738885,6.907433901496454,21.0,0,-0.38649334773888455,21.872986681358533,20.5,21.5
2151.0,21.03733170630515,21.345946362488995,6.906908344638002,21.0,0,-0.3459463624889949,20.9404765099901,20.5,21.5
2152.0,21.034505621632817,21.41196638624472,6.906381335585894,21.0,0,-0.41196638624472115,22.072166623801984,20.5,21.5
2153.0,21.03167999677561,21.339596556159986,6.905852874741469,21.0,0,-0.33959655615998585,20.615898255312633,20.5,21.5
2154.0,21.0288548313512,21.38419570416826,6.905322962507173,21.0,0,-0.38419570416825977,21.830187184251,20.5,21.5
2155.0,21.02603012497743,21.306902469022752,6.904791599286557,21.0,0,-0.3069024690227522,20.533970117567677,20.5,21.5
2156.0,21.023205877272293,21.25896251791601,6.904258785484277,21.0,0,-0.2589625179160109,20.779563006848598,20.5,21.5
2157.0,21.020382087853935,21.27382255096527,6.903724521506096,21.0,0,-0.27382255096527075,21.42242288145787,20.5,21.5
2158.0,21.017558756340666,21.250480485778077,6.903188807758877,21.0,0,-0.2504804857780769,21.01705983390614,20.5,21.5
2159.0,21.014735882350948,21.2066685204859,6.9026516446505894,21.0,0,-0.20666852048589845,20.768548867564114,20.5,21.5
2160.0,21.011913465503408,21.321874262366844,6.902113032590307,21.0,0,-0.321874262366844,22.4739316811763,20.5,21.5
2161.0,21.009091505416826,21.35436352251418,6.901572971988207,21.0,0,-0.3543635225141806,21.679256123987546,20.5,21.5
2162.0,21.006270001710142,21.340180416570373,6.901031463255567,21.0,0,-0.340180416570373,21.198349357132297,20.5,21.5
2163.0,21.00344895400245,21.37527122577277,6.900488506804772,21.0,0,-0.37527122577277083,21.72617931779675,20.5,21.5
2164.0,21.000628361913012,21.353131366509523,6.899944103049306,21.0,0,-0.3531313665095226,21.13173277387704,20.5,21.5
2165.0,20.997808225061238,21.345045213711394,6.8993982524037545,21.0,0,-0.3450452137113942,21.26418368573011,20.5,21.5
2166.0,20.994988543066707,21.34504905504494,6.898850955283808,21.0,0,-0.34504905504493877,21.345087468380385,20.5,21.5
2167.0,20.99216931554915,21.361984988346094,6.898302212106257,21.0,0,-0.3619849883460944,21.53134432135765,20.5,21.5
2168.0,20.989350542128463,21.400158502317858,6.8977520232889935,21.0,0,-0.40015850231785777,21.78189364203549,20.5,21.5
2169.0,20.986532222424696,21.410306859832325,6.89720038925101,21.0,0,-0.41030685983232473,21.511790434976994,20.5,21.5
2170.0,20.983714356058062,21.358607771526902,6.896647310412399,21.0,0,-0.35860777152690204,20.841616888472675,20.5,21.5
2171.0,20.980896942648933,21.353345365249083,6.896092787194355,21.0,0,-0.35334536524908344,21.300721302470897,20.5,21.5
2172.0,20.978079981817842,21.29233138751521,6.895536820019172,21.0,0,-0.29233138751520826,20.682191610176456,20.5,21.5
2173.0,20.975263473185482,21.27919645247326,6.894979409310242,21.0,0,-0.2791964524732613,21.14784710205379,20.5,21.5
2174.0,20.972447416372706,21.341523585837393,6.894420555492058,21.0,0,-0.3415235858373933,21.964794919478713,20.5,21.5
2175.0,20.96963181100053,21.366579228352798,6.893860258990212,21.0,0,-0.36657922835279777,21.617135653506843,20.5,21.5
2176.0,20.966816656690128,21.38603859544677,6.893298520231393,21.0,0,-0.3860385954467702,21.580632266386495,20.5,21.5
2177.0,20.964001953062837,21.378943344002842,6.892735339643391,21.0,0,-0.3789433440028418,21.307990829563558,20.5,21.5
2178.0,20.961187699740154,21.400878131906065,6.892170717655091,21.0,0,-0.40087813190606525,21.6202260109383,20.5,21.5
2179.0,20.958373896343737,21.3381300700581,6.8916046546964775,21.0,0,-0.33813007005809936,20.71064945157844,20.5,21.5
2180.0,20.95556054249541,21.23954850332318,6.891037151198634,21.0,1,-0.23954850332318145,20.253732835974002,20.5,21.5
2181.0,20.97274763781715,21.175893487029917,6.890468207593736,21.0,1,-0.17589348702991714,20.539343324097274,20.5,21.5
2182.0,20.989931181931105,21.313515387112233,6.889897824315062,21.0,0,-0.3135153871122327,22.68973438793539,20.5,21.5
2183.0,20.98711117525958,21.311679289485863,6.889326001796981,21.0,0,-0.31167928948586265,21.293318313222162,20.5,21.5
2184.0,20.98429161822489,21.345256407248918,6.888752740474962,21.0,0,-0.34525640724891815,21.681027584879473,20.5,21.5
2185.0,20.98147251044934,21.436335807156276,6.888178040785569,21.0,0,-0.43633580715627573,22.34712980622985,20.5,21.5
2186.0,20.978653851555407,21.45055956315049,6.887601903166459,21.0,0,-0.4505595631504917,21.59279712309265,20.5,21.5
2187.0,20.97583564116573,21.38612465906637,6.887024328056388,21.0,0,-0.3861246590663683,20.741775618225134,20.5,21.5
2188.0,20.973017878903107,21.323413088294757,6.886445315895202,21.0,0,-0.3234130882947568,20.696297380578642,20.5,21.5
2189.0,20.970200564390506,21.280761297794403,6.885864867123846,21.0,0,-0.2807612977944025,20.85424339279086,20.5,21.5
2190.0,20.96738369725105,21.231929214403046,6.885282982184357,21.0,0,-0.2319292144030456,20.743608380489476,20.5,21.5
2191.0,20.96456727710804,21.35688165092409,6.884699661519864,21.0,0,-0.3568816509240911,22.606406016134546,20.5,21.5
2192.0,20.961751303584922,21.331690202859217,6.884114905574593,21.0,0,-0.33169020285921746,21.07977572221048,20.5,21.5
2193.0,20.95893577630532,21.353561718159426,6.883528714793861,21.0,0,-0.35356171815942616,21.572276871161513,20.5,21.5
2194.0,20.95612069489302,21.337394260119503,6.882941089624076,21.0,0,-0.3373942601195026,21.175719679720267,20.5,21.5
2195.0,20.953306058971965,21.417241705082706,6.882352030512742,21.0,0,-0.41724170508270575,22.215716154714737,20.5,21.5
2196.0,20.950491868166274,21.293703924846607,6.881761537908451,21.0,1,-0.2937039248466071,20.05832612248562,20.5,21.5
2197.0,20.967678122100224,21.222154707697037,6.881169612260891,21.0,1,-0.2221547076970367,20.506662536201333,20.5,21.5
2198.0,20.984860820398257,21.22921007752271,6.880576254020838,21.0,1,-0.2292100775227084,21.299763775779425,20.5,21.5
2199.0,21.002039963484982,21.239730560857772,6.87998146364016,21.0,1,-0.23973056085777245,21.344935394208413,20.5,21.5
2200.0,21.019215551785013,21.22719354514899,6.879385241571817,21.0,1,-0.22719354514898882,21.101823388061153,20.5,21.5
2201.0,21.03638758572297,21.177796364294405,6.878787588269857,21.0,1,-0.17779636429440515,20.68382455574857,20.5,21.5
2202.0,21.05355606572348,21.27612528402611,6.878188504189419,21.0,0,-0.2761252840261115,22.259414481343175,20.5,21.5
2203.0,21.050720992211172,21.29337865248743,6.877587989786731,21.0,0,-0.29337865248743,21.465912337100615,20.5,21.5
2204.0,21.047886365610687,21.239148051025005,6.8769860455191125,21.0,0,-0.2391480510250048,20.696842036400753,20.5,21.5
2205.0,21.04505218554667,21.18337563642255,6.8763826718449685,21.0,0,-0.18337563642255006,20.625651490398003,20.5,21.5
2206.0,21.04221845164393,21.3036867503497,6.875777869223795,21.0,0,-0.3036867503497014,22.506797889621215,20.5,21.5
2207.0,21.039385163527445,21.320211741819758,6.875171638116177,21.0,0,-0.3202117418197581,21.485461656520325,20.5,21.5
2208.0,21.036552320822363,21.32257153924548,6.874563978983783,21.0,0,-0.3225715392454802,21.3461695135027,20.5,21.5
2209.0,21.033719923153996,21.47598550161257,6.873954892289374,21.0,0,-0.4759855016125698,23.010125125283466,20.5,21.5
2210.0,21.030887970147823,21.440524167158323,6.873344378496795,21.0,0,-0.44052416715832265,21.08591082261585,20.5,21.5
2211.0,21.028056461429493,21.368367279558658,6.8727324380709796,21.0,0,-0.3683672795586581,20.646798403562013,20.5,21.5
2212.0,21.025225396624823,21.32247826994608,6.872119071477947,21.0,0,-0.32247826994608175,20.863588173820318,20.5,21.5
2213.0,21.022394775359793,21.349776799719507,6.871504279184801,21.0,0,-0.3497767997195069,21.62276209745376,20.5,21.5
2214.0,21.01956459726056,21.222455064926503,6.870888061659734,21.0,1,-0.22245506492650335,19.949237716996468,20.5,21.5
2215.0,21.036734861953438,21.278755028687435,6.870270419372023,21.0,0,-0.27875502868743496,21.84175466629675,20.5,21.5
2216.0,21.03390156906492,21.372891223108105,6.869651352792029,21.0,0,-0.3728912231081054,22.31425316731481,20.5,21.5
2217.0,21.031068719021665,21.398395899271232,6.869030862391197,21.0,0,-0.3983958992712324,21.653442660902503,20.5,21.5
2218.0,21.02823631145034,21.33471637610052,6.86840894864206,21.0,0,-0.33471637610051985,20.697921144393394,20.5,21.5
2219.0,21.025404345977776,21.379514832631564,6.867785612018229,21.0,0,-0.37951483263156405,21.827499397942006,20.5,21.5
2220.0,21.022572822230984,21.46619599698787,6.867160852994403,21.0,0,-0.46619599698787084,22.33300764055094,20.5,21.5
2221.0,21.019741739837137,21.45961228689772,6.866534672046365,21.0,0,-0.4596122868977197,21.39377518599621,20.5,21.5
2222.0,21.01691109842358,21.463028067435154,6.865907069650978,21.0,0,-0.4630280674351539,21.497185872809496,20.5,21.5
2223.0,21.014080897617827,21.417141296320732,6.865278046286188,21.0,0,-0.4171412963207324,20.958273585176517,20.5,21.5
2224.0,21.011251137047562,21.4354737068441,6.864647602431024,21.0,0,-0.4354737068440997,21.618797812077773,20.5,21.5
2225.0,21.00842181634064,21.336409901890004,6.864015738565597,21.0,1,-0.3364099018900042,20.34577185234905,20.5,21.5
2226.0,21.025592935125086,21.29516723677699,6.863382455171098,21.0,1,-0.2951672367769902,20.88274058564685,20.5,21.5
2227.0,21.042760493029096,21.255329839768745,6.8627477527298,21.0,1,-0.2553298397687449,20.856955869686292,20.5,21.5
2228.0,21.059924490481038,21.274662340753746,6.862111631725057,21.0,1,-0.2746623407537463,21.46798735060376,20.5,21.5
2229.0,21.077084927909286,21.284589628394166,6.861474092641302,21.0,1,-0.2845896283941656,21.38386250479836,20.5,21.5
2230.0,21.094241805742232,21.287668006892382,6.860835135964049,21.0,1,-0.2876680068923818,21.318451791874544,20.5,21.5
2231.0,21.111395124408276,21.22516581626307,6.860194762179892,21.0,1,-0.2251658162630683,20.600143909969933,20.5,21.5
2232.0,21.12854488433583,21.278442389567235,6.859552971776503,21.0,0,-0.27844238956723544,21.811208122608907,20.5,21.5
2233.0,21.12569108595332,21.276270332563534,6.8589097652426325,21.0,0,-0.2762703325635343,21.254549762526523,20.5,21.5
2234.0,21.122837729689177,21.234902061636483,6.858265143068112,21.0,0,-0.23490206163648253,20.821219352365965,20.5,21.5
2235.0,21.119984815171854,21.325622264823163,6.857619105743849,21.0,0,-0.3256222648231635,22.232824296689973,20.5,21.5
2236.0,21.11713234202997,21.394820254060896,6.856971653761827,21.0,0,-0.39482025406089605,22.08680014643822,20.5,21.5
2237.0,21.114280309892315,21.44399388818892,6.856322787615111,21.0,0,-0.4439938881889205,21.935730229469165,20.5,21.5
2238.0,21.11142871838786,21.49476425642677,6.8556725077978395,21.0,0,-0.4947642564267696,22.00246793880526,20.5,21.5
2239.0,21.10857756714574,21.488085483966948,6.85502081480523,21.0,0,-0.4880854839669482,21.421297759368734,20.5,21.5
2240.0,21.10572685579527,21.4008407807924,6.854367709133575,21.0,0,-0.40084078079240015,20.52839374904692,20.5,21.5
2241.0,21.10287658396594,21.352278047254035,6.853713191280241,21.0,0,-0.35227804725403544,20.86665071187039,20.5,21.5
2242.0,21.100026751287402,21.289495104142333,6.8530572617436745,21.0,0,-0.2894951041423326,20.661665673025304,20.5,21.5
2243.0,21.097177357389494,21.349011174613103,6.852399921023393,21.0,0,-0.3490111746131035,21.944171879320812,20.5,21.5
2244.0,21.09432840190222,21.39494181188982,6.85174116961999,21.0,0,-0.3949418118898187,21.85424818465697,20.5,21.5
2245.0,21.091479884455765,21.34932148203436,6.851081008035133,21.0,0,-0.34932148203435887,20.89311818347976,20.5,21.5
2246.0,21.08863180468048,21.34980549578349,6.850419436771564,21.0,0,-0.34980549578348885,21.35464563327479,20.5,21.5
2247.0,21.0857841622069,21.297074991058537,6.8497564563330995,21.0,0,-0.29707499105853685,20.769769943809017,20.5,21.5
2248.0,21.082936956665723,21.16398541774389,6.8490920672246265,21.0,1,-0.1639854177438913,19.833089684597436,20.5,21.5
2249.0,21.100090187687833,21.19913118268824,6.848426269952107,21.0,0,-0.19913118268824093,21.550588832131737,20.5,21.5
2250.0,21.097239854904284,21.272602452192654,6.847759065022574,21.0,0,-0.272602452192654,22.007315147236785,20.5,21.5
2251.0,21.09438995874631,21.225729708710208,6.847090452944133,21.0,0,-0.22572970871020814,20.75700227388575,20.5,21.5
2252.0,21.09154049884515,21.351028954512145,6.846420434225962,21.0,0,-0.3510289545121452,22.604021412531516,20.5,21.5
2253.0,21.088691474832224,21.442341591422082,6.845749009378308,21.0,0,-0.44234159142208185,22.355467960521448,20.5,21.5
2254.0,21.085842886339133,21.40298635713618,6.8450761789124925,21.0,0,-0.4029863571361787,21.009434014277147,20.5,21.5
2255.0,21.082994732997648,21.464851283018373,6.844401943340904,21.0,0,-0.46485128301837264,22.083500541840312,20.5,21.5
2256.0,21.080147014439717,21.575342712858507,6.843726303177001,21.0,0,-0.5753427128585074,22.680257011259854,20.5,21.5
2257.0,21.077299730297465,21.558660411061602,6.843049258935315,21.0,0,-0.5586604110616022,21.39183739309255,20.5,21.5
2258.0,21.074452880203193,21.546310785449798,6.842370811131443,21.0,0,-0.5463107854497977,21.422814529331752,20.5,21.5
2259.0,21.07160646378938,21.54864725436112,6.841690960282053,21.0,0,-0.5486472543611214,21.572011943474358,20.5,21.5
2260.0,21.068760480688677,21.47037826753622,6.841009706904881,21.0,0,-0.47037826753621914,20.687688399287197,20.5,21.5
2261.0,21.06591493053392,21.425715527323533,6.840327051518731,21.0,0,-0.4257155273235327,20.979088125196668,20.5,21.5
2262.0,21.06306981295812,21.33756617351323,6.839642994643476,21.0,1,-0.33756617351323115,20.456072635410216,20.5,21.5
2263.0,21.080225127594456,21.335293647812982,6.838957536800052,21.0,1,-0.335293647812982,21.31256839081049,20.5,21.5
2264.0,21.097376874076296,21.22814521733665,6.838270678510469,21.0,1,-0.2281452173366496,20.156660912573326,20.5,21.5
2265.0,21.114525052837184,21.212464631026187,6.837582420297797,21.0,1,-0.21246463102618662,21.055658767921557,20.5,21.5
2266.0,21.131669664310675,21.224082364987073,6.836892762686174,21.0,1,-0.22408236498707268,21.340259704595933,20.5,21.5
2267.0,21.14881070893035,21.216997076435828,6.836201706200806,21.0,1,-0.21699707643582755,21.146144190923376,20.5,21.5
2268.0,21.165948187129803,21.213608519665563,6.835509251367963,21.0,1,-0.21360851966556282,21.179722951962916,20.5,21.5
2269.0,21.183082099342652,21.37906476496736,6.8348153987149765,21.0,0,-0.3790647649673602,23.033627217985334,20.5,21.5
2270.0,21.18021244600253,21.43324391084081,6.834120148770248,21.0,0,-0.4332439108408117,21.975035369575327,20.5,21.5
2271.0,21.177343227543084,21.475352056581038,6.833423502063241,21.0,0,-0.47535205658103763,21.896433513983297,20.5,21.5
2272.0,21.174474443597987,21.571905253116235,6.832725459124479,21.0,0,-0.5719052531162347,22.537437218468206,20.5,21.5
2273.0,21.171606093801092,21.614956688167844,6.832026020485555,21.0,0,-0.6149566881678439,22.045471038683935,20.5,21.5
2274.0,21.16873817778643,21.493203147156184,6.8313251866791225,21.0,1,-0.4932031471561835,20.27566773703958,20.5,21.5
2275.0,21.18587069518821,21.416057780409925,6.830622958238894,21.0,1,-0.41605778040992547,20.644604112947345,20.5,21.5
2276.0,21.20299964564082,21.381325518534844,6.82991933569965,21.0,1,-0.38132551853484387,21.034002899784028,20.5,21.5
2277.0,21.22012502957883,21.40413486175933,6.829214319597227,21.0,0,-0.40413486175933144,21.632228294004207,20.5,21.5
2278.0,21.217246847436837,21.345357398240917,6.828507910468527,21.0,0,-0.3453573982409175,20.757582763056778,20.5,21.5
2279.0,21.214369099649442,21.390985362291456,6.827800108851512,21.0,0,-0.3909853622914561,21.847265002796842,20.5,21.5
2280.0,21.211491785851283,21.463658202112747,6.8270909152852015,21.0,0,-0.46365820211274666,22.190386600325652,20.5,21.5
2281.0,21.20861490567717,21.473823116011552,6.8263803303096795,21.0,0,-0.4738231160115518,21.575472254999603,20.5,21.5
2282.0,21.205738458762095,21.44468976366717,6.825668354466085,21.0,0,-0.4446897636671707,21.15335624022336,20.5,21.5
2283.0,21.202862444741235,21.48747386812596,6.824954988296621,21.0,0,-0.48747386812596005,21.915314912713853,20.5,21.5
2284.0,21.199986863249947,21.5049841022497,6.824240232344546,21.0,0,-0.5049841022497006,21.680086443487106,20.5,21.5
2285.0,21.197111713923768,21.501859583124673,6.823524087154177,21.0,0,-0.5018595831246735,21.470614391874403,20.5,21.5
2286.0,21.194236996398413,21.492185697925464,6.82280655327089,21.0,0,-0.4921856979254642,21.39544684593337,20.5,21.5
2287.0,21.191362710309786,21.501497890932225,6.82208763124112,21.0,0,-0.5014978909322245,21.594619820999828,20.5,21.5
2288.0,21.188488855293972,21.468077098827973,6.821367321612354,21.0,0,-0.46807709882797255,21.133869177785453,20.5,21.5
2289.0,21.185615430987237,21.412957493752252,6.820645624933142,21.0,0,-0.412957493752252,20.861761442995046,20.5,21.5
2290.0,21.182742437026025,21.411086912472356,6.819922541753087,21.0,0,-0.4110869124723564,21.3923810996734,20.5,21.5
2291.0,21.17986987304697,21.398038361646023,6.8191980726228465,21.0,0,-0.398038361646023,21.26755285338269,20.5,21.5
2292.0,21.176997738686886,21.374447873335992,6.818472218094137,21.0,0,-0.37444787333599194,21.13854299023568,20.5,21.5
2293.0,21.174126033582766,21.384083046226763,6.817744978719729,21.0,0,-0.38408304622676326,21.480434775134476,20.5,21.5
2294.0,21.171254757371795,21.472300581244205,6.817016355053443,21.0,0,-0.4723005812442054,22.354475931418627,20.5,21.5
2295.0,21.168383909691332,21.49767238505449,6.816286347650163,21.0,0,-0.4976723850544893,21.75139042315733,20.5,21.5
2296.0,21.165513490178924,21.588884157374743,6.815554957065817,21.0,0,-0.5888841573747428,22.501001880577277,20.5,21.5
2297.0,21.162643498472303,21.53689414440781,6.814822183857394,21.0,0,-0.5368941444078104,21.016994014738486,20.5,21.5
2298.0,21.15977393420938,21.50501907092447,6.81408802858293,21.0,0,-0.5050190709244688,21.186268336091054,20.5,21.5
2299.0,21.156904797028254,21.482521662051035,6.813352491801518,21.0,0,-0.48252166205103464,21.257547573316693,20.5,21.5
2300.0,21.15403608656721,21.499960276820776,6.8126155740733,21.0,0,-0.4999602768207758,21.674346424518188,20.5,21.5
2301.0,21.151167802464713,21.435545054445036,6.811877275959472,21.0,0,-0.43554505444503633,20.79139283068764,20.5,21.5
2302.0,21.14829994435941,21.44482664499403,6.811137598022279,21.0,0,-0.4448266449940306,21.537642550483973,20.5,21.5
2303.0,21.145432511890146,21.474458479585056,6.810396540825019,21.0,0,-0.4744584795850564,21.770776825495314,20.5,21.5
2304.0,21.142565504695934,21.448503585136024,6.809654104932039,21.0,0,-0.44850358513602373,21.188954640645697,20.5,21.5
2305.0,21.13969892241598,21.39651095918726,6.808910290908736,21.0,0,-0.3965109591872604,20.876584699699627,20.5,21.5
2306.0,21.13683276468968,21.37249668718607,6.808165099321557,21.0,0,-0.37249668718607154,21.132353967174183,20.5,21.5
2307.0,21.133967031156605,21.38732022298408,6.807418530737998,21.0,0,-0.38732022298408,21.535555580964164,20.5,21.5
2308.0,21.13110172145652,21.405040600254726,6.806670585726602,21.0,0,-0.40504060025472555,21.58224437296118,20.5,21.5
2309.0,21.128236835229373,21.374408613589843,6.805921264856963,21.0,0,-0.3744086135898428,21.068088746941015,20.5,21.5
2310.0,21.125372372115297,21.3380536116542,6.8051705686997215,21.0,0,-0.33805361165419967,20.97450359229777,20.5,21.5
2311.0,21.122508331754613,21.329453290556792,6.804418497826565,21.0,0,-0.32945329055679196,21.243450079582715,20.5,21.5
2312.0,21.119644713787828,21.361443037219185,6.803665052810228,21.0,0,-0.36144303721918547,21.68134050384312,20.5,21.5
2313.0,21.11678151785563,21.327519688515785,6.802910234224491,21.0,0,-0.3275196885157854,20.988286201481785,20.5,21.5
2314.0,21.113918743598905,21.356322594032385,6.802154042644183,21.0,0,-0.35632259403238464,21.644351649198377,20.5,21.5
2315.0,21.111056390658714,21.383579876210476,6.8013964786451755,21.0,0,-0.38357987621047585,21.656152697991388,20.5,21.5
2316.0,21.108194458676312,21.478364722685406,6.800637542804387,21.0,0,-0.47836472268540575,22.426213187434705,20.5,21.5
2317.0,21.10533294729314,21.459607251187247,6.79987723569978,21.0,0,-0.4596072511872471,21.27203253620566,20.5,21.5
2318.0,21.10247185615082,21.541879957326728,6.799115557910361,21.0,0,-0.5418799573267279,22.364607018721536,20.5,21.5
2319.0,21.099611184891174,21.604285722996217,6.798352510016181,21.0,0,-0.6042857229962166,22.228343379691104,20.5,21.5
2320.0,21.096750933156198,21.657555999526146,6.7975880925983345,21.0,0,-0.6575559995261457,22.190258764825437,20.5,21.5
2321.0,21.093891100588085,21.593516635952845,6.7968223062389574,21.0,0,-0.5935166359528452,20.95312300021984,20.5,21.5
2322.0,21.091031686829215,21.600293552549257,6.796055151521231,21.0,0,-0.6002935525492568,21.668062718513372,20.5,21.5
2323.0,21.088172691522153,21.518085233744294,6.795286629029377,21.0,0,-0.5180852337442943,20.69600204569467,20.5,21.5
2324.0,21.085314114309654,21.50455373134406,6.794516739348657,21.0,0,-0.5045537313440605,21.369238707341722,20.5,21.5
2325.0,21.08245595483466,21.488758965812178,6.7937454830653765,21.0,0,-0.4887589658121776,21.33081131049335,20.5,21.5
2326.0,21.079598212740308,21.477688287250338,6.792972860766881,21.0,0,-0.47768828725033785,21.36698150163194,20.5,21.5
2327.0,21.076740887669914,21.431718659643668,6.7921988730415555,21.0,0,-0.43171865964366773,20.972022383576967,20.5,21.5
2328.0,21.073883979266988,21.468885440622522,6.791423520478826,21.0,0,-0.4688854406225218,21.840553250411062,20.5,21.5
2329.0,21.07102748717523,21.415417040946785,6.790646803669156,21.0,0,-0.4154170409467852,20.88073304418942,20.5,21.5
2330.0,21.068171411038527,21.395872222665325,6.78986872320405,21.0,0,-0.39587222266532507,21.200424039850724,20.5,21.5
2331.0,21.06531575050096,21.36873916757411,6.78908927967605,21.0,0,-0.36873916757410896,21.097408616661948,20.5,21.5
2332.0,21.062460505206797,21.386880129806713,6.788308473678736,21.0,0,-0.3868801298067126,21.56828975213275,20.5,21.5
2333.0,21.05960567480049,21.374017161820934,6.787526305806726,21.0,0,-0.3740171618209338,21.245387481963146,20.5,21.5
2334.0,21.056751258926692,21.36269837804165,6.786742776655675,21.0,0,-0.3626983780416495,21.249510540248806,20.5,21.5
2335.0,21.053897257230236,21.33497978602876,6.785957886822274,21.0,0,-0.3349797860287609,21.057793865899875,20.5,21.5
2336.0,21.051043669356154,21.36600988791244,6.785171636904251,21.0,0,-0.3660098879124405,21.676310906749237,20.5,21.5
2337.0,21.048190494949665,21.360771652348284,6.784384027500369,21.0,0,-0.36077165234828357,21.308389296706714,20.5,21.5
2338.0,21.045337733656176,21.37475783106442,6.783595059210429,21.0,0,-0.3747578310644215,21.5146196182258,20.5,21.5
2339.0,21.042485385121285,21.30263563136129,6.782804732635261,21.0,0,-0.3026356313612908,20.581413634329984,20.5,21.5
2340.0,21.039633448990788,21.34224818987958,6.782013048376736,21.0,0,-0.34224818987958017,21.738373775062474,20.5,21.5
2341.0,21.036781924910667,21.283905033332307,6.781220007037755,21.0,0,-0.28390503333230654,20.70047346785957,20.5,21.5
2342.0,21.033930812527093,21.312331326378967,6.780425609222253,21.0,0,-0.3123313263789669,21.59659425684557,20.5,21.5
2343.0,21.031080111486432,21.298984981807095,6.7796298555352,21.0,0,-0.2989849818070951,21.165521536088377,20.5,21.5
2344.0,21.028229821435243,21.331787741811127,6.778832746582595,21.0,0,-0.3317877418111266,21.65981534185144,20.5,21.5
2345.0,21.025379942020272,21.385352869737755,6.778034282971473,21.0,0,-0.38535286973775484,21.921004149004037,20.5,21.5
2346.0,21.022530472888462,21.348157861884086,6.777234465309897,21.0,0,-0.3481578618840864,20.9762077833474,20.5,21.5
2347.0,21.019681413686946,21.247855735049768,6.776433294206965,21.0,1,-0.2478557350497681,20.244834466706585,20.5,21.5
2348.0,21.03683276406305,21.21859715524294,6.7756307702728025,21.0,1,-0.21859715524293932,20.92601135717465,20.5,21.5
2349.0,21.053980523664293,21.213126331263503,6.774826894118567,21.0,1,-0.21312633126350278,21.158418091469137,20.5,21.5
2350.0,21.071124692938383,21.12250888625139,6.774021666356443,21.0,1,-0.12250888625138856,20.216334436130246,20.5,21.5
2351.0,21.088265272333068,21.195732558482696,6.77321508759965,21.0,0,-0.1957325584826961,21.92796928079577,20.5,21.5
2352.0,21.08540226229612,21.282526447138967,6.772407158462429,21.0,0,-0.2825264471389666,22.15046533370167,20.5,21.5
2353.0,21.082539663275355,21.3596536924446,6.771597879560057,21.0,0,-0.3596536924445992,22.130926145500926,20.5,21.5
2354.0,21.07967747491861,21.438343408726297,6.770787251508832,21.0,0,-0.43834340872629696,22.225240571543274,20.5,21.5
2355.0,21.07681569687393,21.491396901426366,6.769975274926084,21.0,0,-0.4913969014263664,22.02193182842706,20.5,21.5
2356.0,21.07395432878954,21.47319607524837,6.769161950430168,21.0,0,-0.4731960752483708,21.291187813468415,20.5,21.5
2357.0,21.071093370313868,21.429595438212594,6.768347278640467,21.0,0,-0.42959543821259416,20.993589067854828,20.5,21.5
2358.0,21.068232821095535,21.34824775392071,6.767531260177387,21.0,0,-0.3482477539207096,20.534770911001864,20.5,21.5
2359.0,21.06537268078335,21.309640819687992,6.766713895662363,21.0,0,-0.30964081968799206,20.923571477360817,20.5,21.5
2360.0,21.062512949026328,21.2514699672334,6.765895185717854,21.0,0,-0.2514699672334011,20.66976144268749,20.5,21.5
2361.0,21.059653625473665,21.292586483147534,6.765075130967342,21.0,0,-0.29258648314753444,21.703751642288868,20.5,21.5
2362.0,21.056794709774763,21.35325014566618,6.7642537320353355,21.0,0,-0.3532501456661805,21.95988677085264,20.5,21.5
2363.0,21.053936201579216,21.375171225365584,6.7634309895473645,21.0,0,-0.3751712253655839,21.594382022359618,20.5,21.5
2364.0,21.05107810053681,21.31656663133427,6.762606904129985,21.0,0,-0.3165666313342683,20.730520691021113,20.5,21.5
2365.0,21.048220406297528,21.3223307516786,6.761781476410771,21.0,0,-0.32233075167859937,21.37997195512191,20.5,21.5
2366.0,21.04536311851155,21.266458552664012,6.760954707018324,21.0,0,-0.2664585526640124,20.707736562518143,20.5,21.5
2367.0,21.04250623682925,21.235302210364722,6.760126596582264,21.0,0,-0.235302210364722,20.923738787371818,20.5,21.5
2368.0,21.039649760901202,21.216864032193126,6.759297145733233,21.0,0,-0.21686403219312567,21.032482250477162,20.5,21.5
2369.0,21.03679369037817,21.248880567085642,6.758466355102895,21.0,0,-0.2488805670856422,21.569045916010808,20.5,21.5
2370.0,21.033938024911112,21.280260568155477,6.7576342253239305,21.0,0,-0.2802605681554766,21.59406057885382,20.5,21.5
2371.0,21.031082764151193,21.29840503349785,6.756800757030046,21.0,0,-0.2984050334978505,21.47984968692159,20.5,21.5
2372.0,21.02822790774977,21.25064992479002,6.755965950855961,21.0,0,-0.25064992479002157,20.773098837711732,20.5,21.5
2373.0,21.02537345535839,21.278627128982833,6.755129807437418,21.0,0,-0.2786271289828335,21.558399170910953,20.5,21.5
2374.0,21.022519406628806,21.2977833986972,6.754292327411178,21.0,0,-0.2977833986971987,21.48934609584085,20.5,21.5
2375.0,21.019665761212963,21.197864825763027,6.753453511415016,21.0,1,-0.19786482576302689,20.19867909642131,20.5,21.5
2376.0,21.036812518763004,21.15499820660389,6.752613360087727,21.0,1,-0.15499820660388863,20.726332015012506,20.5,21.5
2377.0,21.053955678931267,21.141659451829714,6.751771874069124,21.0,1,-0.14165945182971384,21.008271904087966,20.5,21.5
2378.0,21.071095242170294,21.141582264332744,6.750929054000036,21.0,1,-0.1415822643327438,21.140810389363043,20.5,21.5
2379.0,21.088231208932662,21.237442350087548,6.750084900522305,21.0,0,-0.237442350087548,22.19604320763559,20.5,21.5
2380.0,21.08536357967098,21.320585943615743,6.749239414278792,21.0,0,-0.3205859436157432,22.152021878897695,20.5,21.5
2381.0,21.0824963548379,21.371442170677355,6.748392595913371,21.0,0,-0.37144217067735497,21.880004441293472,20.5,21.5
2382.0,21.079629534086116,21.459936390834674,6.747544446070931,21.0,0,-0.45993639083467386,22.344878592407863,20.5,21.5
2383.0,21.076763117068513,21.4806380997781,6.746694965397375,21.0,0,-0.48063809977810124,21.687655189212375,20.5,21.5
2384.0,21.073897103438178,21.395955376519233,6.74584415453962,21.0,0,-0.3959553765192325,20.549128143930545,20.5,21.5
2385.0,21.071031492848398,21.370938742554458,6.744992014145594,21.0,0,-0.3709387425544577,21.12077240290671,20.5,21.5
2386.0,21.068166284952657,21.387777271941296,6.744138544864241,21.0,0,-0.38777727194129596,21.55616256580968,20.5,21.5
2387.0,21.06530147940464,21.36020575542927,6.743283747345514,21.0,0,-0.3602057554292699,21.08449059030901,20.5,21.5
2388.0,21.062437075858227,21.323701009956682,6.742427622240379,21.0,0,-0.3237010099566824,20.958653555230807,20.5,21.5
2389.0,21.059573073967503,21.365741195244894,6.741570170200812,21.0,0,-0.3657411952448939,21.78614304812701,20.5,21.5
2390.0,21.05670947338675,21.440069614344484,6.740711391879799,21.0,0,-0.440069614344484,22.183353805340385,20.5,21.5
2391.0,21.05384627377045,21.491397523202036,6.739851287931339,21.0,0,-0.49139752320203556,22.00467661177755,20.5,21.5
2392.0,21.050983474773282,21.44775672634997,6.738989859010438,21.0,0,-0.44775672634996866,21.0113487578293,20.5,21.5
2393.0,21.04812107605013,21.47302564315144,6.738127105773111,21.0,0,-0.47302564315144124,21.725714811166167,20.5,21.5
2394.0,21.045259077256073,21.435819103226333,6.737263028876383,21.0,0,-0.43581910322633277,21.063753703975248,20.5,21.5
2395.0,21.042397478046396,21.425493695945505,6.736397628978285,21.0,0,-0.4254936959455051,21.32223962313723,20.5,21.5
2396.0,21.039536278076582,21.310927130723183,6.735530906737857,21.0,1,-0.3109271307231829,20.16526147849996,20.5,21.5
2397.0,21.056675477002315,21.325142741209323,6.734662862815146,21.0,1,-0.32514274120932285,21.467298846070722,20.5,21.5
2398.0,21.07381107447948,21.380438280658375,6.733793497871206,21.0,0,-0.3804382806583746,21.933393675148892,20.5,21.5
2399.0,21.07094307096416,21.387874381725865,6.732922812568095,21.0,0,-0.3878743817258652,21.46223539240077,20.5,21.5
2400.0,21.06807546691248,21.327057312378344,6.732050807568878,21.0,0,-0.32705731237834357,20.718886618903127,20.5,21.5
2401.0,21.06520826198061,21.407867749063524,6.731177483537624,21.0,0,-0.40786774906352363,22.215972115915324,20.5,21.5
2402.0,21.062341455824924,21.377976421672596,6.730302841139409,21.0,0,-0.3779764216725958,21.079063147763318,20.5,21.5
2403.0,21.059475048101987,21.280237768946286,6.72942688104031,21.0,1,-0.2802377689462858,20.302851241683186,20.5,21.5
2404.0,21.076609038468575,21.307486028078095,6.7285496039074095,21.0,0,-0.30748602807809533,21.57996861939619,20.5,21.5
2405.0,21.073739426581664,21.344979568644085,6.727671010408791,21.0,0,-0.3449795686440851,21.719914974303983,20.5,21.5
2406.0,21.07087021289843,21.359805210992654,6.726791101213544,21.0,0,-0.35980521099265417,21.508061634478345,20.5,21.5
2407.0,21.068001397076095,21.48607942623028,6.7259098769917545,21.0,0,-0.48607942623027967,22.748821578606535,20.5,21.5
2408.0,21.065132978772077,21.464747911473683,6.725027338414515,21.0,0,-0.4647479114736832,21.25143276390772,20.5,21.5
2409.0,21.062264957644004,21.44213832429676,6.724143486153917,21.0,0,-0.44213832429676003,21.216042452527528,20.5,21.5
2410.0,21.059397333349708,21.459908332553624,6.723258320883052,21.0,0,-0.4599083325536242,21.637608415122266,20.5,21.5
2411.0,21.056530105547214,21.411098829075662,6.722371843276012,21.0,0,-0.4110988290756623,20.923003794296044,20.5,21.5
2412.0,21.05366327389476,21.357675453799036,6.721484054007887,21.0,0,-0.3576754537990361,20.823441701032774,20.5,21.5
2413.0,21.050796838050783,21.408603948630013,6.72059495375477,21.0,0,-0.40860394863001304,21.917888896939782,20.5,21.5
2414.0,21.047930797673924,21.381575831278816,6.719704543193747,21.0,0,-0.3815758312788162,21.111294657766848,20.5,21.5
2415.0,21.045065152423028,21.34388944132728,6.718812823002906,21.0,0,-0.3438894413272813,20.967025541811932,20.5,21.5
2416.0,21.042199901957144,21.353576261432263,6.717919793861329,21.0,0,-0.35357626143226284,21.45044446248208,20.5,21.5
2417.0,21.039335045935523,21.363460368185976,6.7170254564490985,21.0,0,-0.3634603681859758,21.462301435723106,20.5,21.5
2418.0,21.036470584017625,21.33317169115018,6.7161298114472885,21.0,0,-0.33317169115018075,21.03028492079223,20.5,21.5
2419.0,21.03360651586311,21.35273554221989,6.715232859537975,21.0,0,-0.35273554221988945,21.548374052916976,20.5,21.5
2420.0,21.030742841131843,21.355498842346957,6.714334601404225,21.0,0,-0.3554988423469574,21.383131843617637,20.5,21.5
2421.0,21.027879559483896,21.272535846487465,6.7134350377300995,21.0,1,-0.27253584648746454,20.442905887892536,20.5,21.5
2422.0,21.045016670579546,21.235913350177974,6.712534169200657,21.0,1,-0.23591335017797377,20.869688387083066,20.5,21.5
2423.0,21.06215017407927,21.339685534642115,6.711631996501946,21.0,0,-0.3396855346421148,22.377407379283525,20.5,21.5
2424.0,21.059280070443755,21.383792039233878,6.710728520321013,21.0,0,-0.38379203923387806,21.82485708515151,20.5,21.5
2425.0,21.056410360133732,21.318923097846383,6.709823741345893,21.0,0,-0.3189230978463833,20.670233683971436,20.5,21.5
2426.0,21.053541042809975,21.344268304249972,6.708917660265614,21.0,0,-0.34426830424997235,21.597720368285863,20.5,21.5
2427.0,21.050672118133466,21.452239112927483,6.708010277770199,21.0,0,-0.452239112927483,22.53194719970259,20.5,21.5
2428.0,21.047803585765394,21.35863106375318,6.707101594550655,21.0,1,-0.35863106375317955,20.422550572010145,20.5,21.5
2429.0,21.06493544536715,21.32349438102073,6.706191611298986,21.0,1,-0.3234943810207298,20.972127553696232,20.5,21.5
2430.0,21.082063696600336,21.32184407584686,6.705280328708184,21.0,1,-0.3218440758468617,21.30534102410818,20.5,21.5
2431.0,21.09918833992676,21.38363033505379,6.704367747472231,21.0,0,-0.38363033505379107,22.001492927123085,20.5,21.5
2432.0,21.096309375808268,21.381579681179616,6.703453868286095,21.0,0,-0.38157968117961616,21.361073142437867,20.5,21.5
2433.0,21.093430804706763,21.36444131703552,6.702538691845737,21.0,0,-0.36444131703552074,21.193057675594567,20.5,21.5
2434.0,21.09055262628419,21.29943839148408,6.701622218848103,21.0,0,-0.299438391484081,20.649409135969684,20.5,21.5
2435.0,21.087674840202702,21.300710443807684,6.700704449991126,21.0,0,-0.3007104438076844,21.31343096704372,20.5,21.5
2436.0,21.08479744612466,21.27323778727861,6.699785385973728,21.0,0,-0.27323778727861026,20.99851122198787,20.5,21.5
2437.0,21.08192044371263,21.15988459944617,6.698865027495816,21.0,1,-0.15988459944616906,20.026352721121757,20.5,21.5
2438.0,21.099043832629388,21.238795437234995,6.6979433752582835,21.0,0,-0.23879543723499452,22.02790381512325,20.5,21.5
2439.0,21.096163612537914,21.29739806497037,6.697020429963008,21.0,0,-0.2973980649703698,21.883424342324123,20.5,21.5
2440.0,21.0932837839014,21.313591042403058,6.696096192312853,21.0,0,-0.3135910424030577,21.475520816729937,20.5,21.5
2441.0,21.09040434638308,21.30912147277505,6.695170663011664,21.0,0,-0.3091214727750504,21.264425776494978,20.5,21.5
2442.0,21.08752529964641,21.348941385512678,6.6942438427642745,21.0,0,-0.3489413855126777,21.74714051288895,20.5,21.5
2443.0,21.084646643355033,21.27719486571501,6.6933157322764965,21.0,0,-0.2771948657150105,20.55972966773834,20.5,21.5
2444.0,21.081768377172818,21.215384835735712,6.692386332255128,21.0,0,-0.215384835735712,20.597284535942727,20.5,21.5
2445.0,21.078890500763833,21.30789940606599,6.691455643407947,21.0,0,-0.30789940606598876,22.233045109368756,20.5,21.5
2446.0,21.076013013792362,21.342454868564058,6.690523666443712,21.0,0,-0.34245486856405805,21.68800949354475,20.5,21.5
2447.0,21.073135915922894,21.370809467199045,6.689590402072167,21.0,0,-0.3708094671990452,21.654355453548916,20.5,21.5
2448.0,21.070259206820122,21.415697922017177,6.688655851004031,21.0,0,-0.41569792201717704,21.864582470198496,20.5,21.5
2449.0,21.06738288614896,21.503675091745887,6.687720013951005,21.0,0,-0.5036750917458868,22.383446789032984,20.5,21.5
2450.0,21.06450695357452,21.468580057910664,6.686782891625771,21.0,0,-0.46858005791066404,21.117629719558437,20.5,21.5
2451.0,21.06163140876213,21.49538165842376,6.685844484741988,21.0,0,-0.49538165842376003,21.76339766355472,20.5,21.5
2452.0,21.058756251377325,21.47306394862151,6.684904794014295,21.0,0,-0.47306394862150825,21.24988685059899,20.5,21.5
2453.0,21.05588148108585,21.488169763128354,6.683963820158305,21.0,0,-0.48816976312835436,21.639227908196816,20.5,21.5
2454.0,21.053007097553667,21.503197776370666,6.6830215638906125,21.0,0,-0.5031977763706657,21.65347790879378,20.5,21.5
2455.0,21.050133100446935,21.53643535811893,6.682078025928785,21.0,0,-0.5364353581189292,21.868811175601564,20.5,21.5
2456.0,21.047259489432033,21.444300124426924,6.681133206991369,21.0,0,-0.444300124426924,20.522947787506872,20.5,21.5
2457.0,21.044386264175547,21.38876002602071,6.6801871077978845,21.0,0,-0.3887600260207087,20.833359041958555,20.5,21.5
2458.0,21.04151342434427,21.391219381119036,6.679239729068827,21.0,0,-0.3912193811190363,21.415812932102313,20.5,21.5
2459.0,21.038640969605215,21.384021189288234,6.678291071525666,21.0,0,-0.3840211892882337,21.312039270980208,20.5,21.5
2460.0,21.035768899625598,21.374081649870757,6.677341135890849,21.0,0,-0.37408164987075665,21.274686255695986,20.5,21.5
2461.0,21.03289721407285,21.464335762397088,6.676389922887788,21.0,0,-0.46433576239708785,22.3668768876604,20.5,21.5
2462.0,21.03002591261461,21.429123949045213,6.6754374332408775,21.0,0,-0.4291239490452128,21.077005815526462,20.5,21.5
2463.0,21.027154994918735,21.36969863464934,6.674483667675478,21.0,0,-0.36969863464933894,20.7754454906906,20.5,21.5
2464.0,21.024284460653288,21.260867481143087,6.673528626917923,21.0,1,-0.26086748114308733,20.17255594608057,20.5,21.5
2465.0,21.04141430948654,21.250681595002064,6.672572311695519,21.0,1,-0.2506815950020638,21.148822733591828,20.5,21.5
2466.0,21.058540541086984,21.19829313129143,6.671614722736541,21.0,1,-0.1982931312914289,20.67440849418508,20.5,21.5
2467.0,21.075663155923312,21.37397475219064,6.670655860770234,21.0,0,-0.3739747521906409,23.13079096118276,20.5,21.5
2468.0,21.07278215446428,21.400930053639247,6.669695726526814,21.0,0,-0.4009300536392466,21.670483068125304,20.5,21.5
2469.0,21.069901537178694,21.462181442374384,6.668734320737463,21.0,0,-0.4621814423743835,22.074695329725753,20.5,21.5
2470.0,21.067021303735405,21.41704847526234,6.667771644134336,21.0,0,-0.4170484752623409,20.965718804141915,20.5,21.5
2471.0,21.064141453803487,21.461325109531597,6.666807697450553,21.0,0,-0.46132510953159667,21.904091452224154,20.5,21.5
2472.0,21.061261987052216,21.317313595093708,6.665842481420199,21.0,1,-0.31731359509370805,19.877198450714822,20.5,21.5
2473.0,21.07838290315109,21.36788228390693,6.6648759967783295,21.0,0,-0.3678822839069298,21.873569172039147,20.5,21.5
2474.0,21.075500201769817,21.336996946522326,6.663908244260965,21.0,0,-0.33699694652232637,21.028143572676292,20.5,21.5
2475.0,21.072617883378314,21.369376399115716,6.66293922460509,21.0,0,-0.3693763991157155,21.693170925049607,20.5,21.5
2476.0,21.06973594764656,21.364295161098504,6.6619689385486565,21.0,0,-0.3642951610985037,21.313482780926385,20.5,21.5
2477.0,21.06685439424474,21.459882343625985,6.660997386830578,21.0,0,-0.4598823436259849,22.415754168900797,20.5,21.5
2478.0,21.063973222843256,21.44174237593203,6.6600245701907355,21.0,0,-0.44174237593203003,21.26034269899248,20.5,21.5
2479.0,21.061092433112726,21.503229923361353,6.659050489369968,21.0,0,-0.5032299233613529,22.11810539765458,20.5,21.5
2480.0,21.05821202472398,21.589640068104377,6.658075145110083,21.0,0,-0.5896400681043765,22.453741515534613,20.5,21.5
2481.0,21.055331997348055,21.59888921070022,6.657098538153847,21.0,0,-0.5988892107002215,21.69138063665867,20.5,21.5
2482.0,21.052452350656218,21.56476145894988,6.656120669244989,21.0,0,-0.5647614589498815,21.22348394144648,20.5,21.5
2483.0,21.049573084319935,21.520793147017585,6.655141539128198,21.0,0,-0.5207931470175851,21.08111002769462,20.5,21.5
2484.0,21.046694198010897,21.521446382747456,6.654161148549123,21.0,0,-0.521446382747456,21.527978740046166,20.5,21.5
2485.0,21.043815691401004,21.438174902709065,6.653179498254377,21.0,0,-0.4381749027090649,20.605460102325154,20.5,21.5
2486.0,21.040937564162377,21.362239626565533,6.6521965889915275,21.0,0,-0.36223962656553255,20.60288686513021,20.5,21.5
2487.0,21.038059815967344,21.33767345521394,6.651212421509103,21.0,0,-0.33767345521394176,21.092011741698034,20.5,21.5
2488.0,21.035182446488452,21.367708420461263,6.65022699655659,21.0,0,-0.3677084204612626,21.66805807293447,20.5,21.5
2489.0,21.032305455398465,21.30290898461798,6.649240314884433,21.0,0,-0.30290898461797866,20.65491462618514,20.5,21.5
2490.0,21.02942884237036,21.262005856230587,6.648252377244032,21.0,0,-0.26200585623058714,20.852974572356672,20.5,21.5
2491.0,21.026552607077335,21.276496342290528,6.647263184387744,21.0,0,-0.2764963422905282,21.42140120288994,20.5,21.5
2492.0,21.0236767491928,21.249113646767235,6.646272737068884,21.0,0,-0.2491136467672348,20.9752866915343,20.5,21.5
2493.0,21.020801268390375,21.197881306667547,6.64528103604172,21.0,0,-0.1978813066675471,20.68555790567067,20.5,21.5
2494.0,21.017926164343905,21.249087127367762,6.644288082061475,21.0,0,-0.24908712736776195,21.76114533436991,20.5,21.5
2495.0,21.015051436727447,21.283168721589607,6.643293875884328,21.0,0,-0.2831687215896075,21.623984663808063,20.5,21.5
2496.0,21.012177085215278,21.285744706156233,6.6422984182674085,21.0,0,-0.28574470615623326,21.31150455182249,20.5,21.5
2497.0,21.009303109481888,21.33963382844795,6.641301709968801,21.0,0,-0.3396338284479512,21.87852505136513,20.5,21.5
2498.0,21.006429509201986,21.390304156675167,6.640303751747544,21.0,0,-0.3903041566751675,21.89700743894733,20.5,21.5
2499.0,21.003556284050497,21.376083452524792,6.639304544363625,21.0,0,-0.37608345252479225,21.23387641102104,20.5,21.5
2500.0,21.00068343370256,21.361871746963544,6.638304088577984,21.0,0,-0.3618717469635442,21.219754691351064,20.5,21.5
2501.0,20.997810957833533,21.339102402917753,6.637302385152511,21.0,0,-0.33910240291775295,21.11140896245984,20.5,21.5
2502.0,20.994938856118996,21.28323517271422,6.636299434850047,21.0,0,-0.28323517271422105,20.724562870678902,20.5,21.5
2503.0,20.99206712823474,21.220258432692486,6.635295238434383,21.0,0,-0.22025843269248568,20.590491032475132,20.5,21.5
2504.0,20.989195773856782,21.24146545199316,6.634289796670258,21.0,0,-0.24146545199316094,21.453535644999914,20.5,21.5
2505.0,20.986324792661346,21.245682269731464,6.633283110323358,21.0,0,-0.24568226973146423,21.287850447114497,20.5,21.5
2506.0,20.983454184324877,21.364940117759627,6.63227518016032,21.0,0,-0.36494011775962676,22.557518598041252,20.5,21.5
2507.0,20.980583948524043,21.375109959497514,6.631266006948728,21.0,0,-0.37510995949751447,21.47680837687639,20.5,21.5
2508.0,20.977714084935727,21.340258770547802,6.630255591457108,21.0,0,-0.34025877054780196,20.991746881050677,20.5,21.5
2509.0,20.97484459323703,21.342206586780556,6.629243934454938,21.0,0,-0.3422065867805557,21.361684749108093,20.5,21.5
2510.0,20.971975473105275,21.38043853862082,6.628231036712639,21.0,0,-0.3804385386208189,21.76275805702345,20.5,21.5
2511.0,20.969106724217998,21.30311305787448,6.627216899001574,21.0,0,-0.30311305787448006,20.529858250411092,20.5,21.5
2512.0,20.966238346252954,21.290846725404332,6.626201522094055,21.0,0,-0.2908467254043323,21.168183400702855,20.5,21.5
2513.0,20.963370338888122,21.344790240648404,6.6251849067633355,21.0,0,-0.344790240648404,21.88422539308912,20.5,21.5
2514.0,20.960502701801698,21.302473854290426,6.624167053783612,21.0,0,-0.30247385429042595,20.879309990710645,20.5,21.5
2515.0,20.957635434672095,21.293399739643142,6.623147963930025,21.0,0,-0.29339973964314225,21.202658593170305,20.5,21.5
2516.0,20.954768537177948,21.33270972392966,6.622127637978653,21.0,0,-0.3327097239296606,21.725809566794844,20.5,21.5
2517.0,20.951902008998108,21.33701781803946,6.621106076706521,21.0,0,-0.3370178180394596,21.38009875913745,20.5,21.5
2518.0,20.94903584981165,21.424564373694793,6.620083280891592,21.0,0,-0.4245643736947926,22.300029930248122,20.5,21.5
2519.0,20.946170059297867,21.442741041085256,6.619059251312769,21.0,0,-0.4427410410852559,21.62450771498989,20.5,21.5
2520.0,20.94330463713627,21.413189210192623,6.618033988749895,21.0,0,-0.41318921019262334,21.117670901266298,20.5,21.5
2521.0,20.94043958300659,21.326462706264447,6.617007493983753,21.0,1,-0.3264627062644472,20.459197666982686,20.5,21.5
2522.0,20.957574896588785,21.353861023027925,6.615979767796061,21.0,0,-0.35386102302792466,21.6278441906627,20.5,21.5
2523.0,20.954706577563027,21.298250804710694,6.61495081096948,21.0,0,-0.298250804710694,20.742148621538387,20.5,21.5
2524.0,20.951838626409707,21.316837632215613,6.613920624287604,21.0,0,-0.3168376322156128,21.5027059072648,20.5,21.5
2525.0,20.948971042809283,21.333172973795456,6.612889208534965,21.0,0,-0.3331729737954561,21.49652638959389,20.5,21.5
2526.0,20.946103826442428,21.324491941082886,6.611856564497032,21.0,0,-0.32449194108288637,21.23768161395719,20.5,21.5
2527.0,20.94323697699004,21.301654787705917,6.610822692960206,21.0,0,-0.30165478770591747,21.07328325393623,20.5,21.5
2528.0,20.940370494133234,21.267786229955504,6.609787594711828,21.0,0,-0.2677862299555045,20.929100652451375,20.5,21.5
2529.0,20.93750437755335,21.152822359793834,6.60875127054017,21.0,1,-0.1528223597938343,20.003183658177132,20.5,21.5
2530.0,20.954638626931946,21.022939247254758,6.607713721234434,21.0,1,-0.022939247254758044,19.724108121863996,20.5,21.5
2531.0,20.971769241950806,21.05758631774635,6.606674947584764,21.0,1,-0.057586317746348925,21.404057022662258,20.5,21.5
2532.0,20.988896223091935,20.97303875067139,6.605634950382229,21.0,1,0.026961249328611103,20.12756307992179,20.5,21.5
2533.0,21.006019570837392,20.998712496713676,6.6045937304188325,21.0,1,0.0012875032863242097,21.255449957136545,20.5,21.5
2534.0,21.02313928566931,21.078832167831813,6.603551288487509,21.0,0,-0.07883216783181268,21.88002887901318,20.5,21.5
2535.0,21.020255368069872,21.176473271628943,6.602507625382121,21.0,0,-0.176473271628943,22.152884309600246,20.5,21.5
2536.0,21.017371818521333,21.215994812837828,6.601462741897468,21.0,0,-0.2159948128378275,21.611210224926673,20.5,21.5
2537.0,21.01448863670601,21.258776257549943,6.6004166388292695,21.0,0,-0.25877625754994327,21.6865907046711,20.5,21.5
2538.0,21.011605822306432,21.2469428463089,6.599369316974181,21.0,0,-0.24694284630890095,21.128608733898478,20.5,21.5
2539.0,21.008723375005367,21.264077943908553,6.598320777129784,21.0,0,-0.26407794390855344,21.43542891990508,20.5,21.5
2540.0,21.00584129448579,21.216012649317438,6.5972710200945865,21.0,0,-0.21601264931743813,20.735359703406285,20.5,21.5
2541.0,21.00295958043091,21.19609388170325,6.596220046668023,21.0,0,-0.19609388170324848,20.996906205561352,20.5,21.5
2542.0,21.00007823252416,21.322497589232036,6.595167857650457,21.0,0,-0.32249758923203586,22.58653466451991,20.5,21.5
2543.0,20.997197250449187,21.332784238702864,6.594114453843176,21.0,0,-0.3327842387028639,21.435650733411144,20.5,21.5
2544.0,20.994316633889866,21.31149075179632,6.5930598360483925,21.0,0,-0.31149075179632035,21.098555882730885,20.5,21.5
2545.0,20.9914363825303,21.336860362123492,6.592004005069244,21.0,0,-0.3368603621234918,21.590556465395206,20.5,21.5
2546.0,20.988556496054805,21.395585513481542,6.5909469617097916,21.0,0,-0.39558551348154225,21.982837027062047,20.5,21.5
2547.0,20.985676974147935,21.317529227240243,6.589888706775021,21.0,0,-0.317529227240243,20.53696636482725,20.5,21.5
2548.0,20.98279781649446,21.320786256176376,6.588829241070837,21.0,0,-0.32078625617637613,21.353356545537707,20.5,21.5
2549.0,20.979919022779377,21.340814252580508,6.587768565404069,21.0,0,-0.34081425258050757,21.541094216621822,20.5,21.5
2550.0,20.977040592687903,21.3473464203226,6.58670668058247,21.0,0,-0.34734642032260155,21.41266809774354,20.5,21.5
2551.0,20.97416252590548,21.28876415068133,6.58564358741471,21.0,0,-0.288764150681331,20.702941454268625,20.5,21.5
2552.0,20.97128482211778,21.31099393351857,6.584579286710381,21.0,0,-0.31099393351857074,21.53329176189097,20.5,21.5
2553.0,20.9684074810107,21.305029164522818,6.583513779279995,21.0,0,-0.3050291645228178,21.24538147456529,20.5,21.5
2554.0,20.965530502270354,21.30515264268943,6.58244706593498,21.0,0,-0.30515264268942843,21.306387424355535,20.5,21.5
2555.0,20.962653885583087,21.272303141797416,6.581379147487687,21.0,0,-0.27230314179741555,20.943808132877287,20.5,21.5
2556.0,20.959777630635468,21.26862682223569,6.580310024751381,21.0,0,-0.2686268222356887,21.23186362661842,20.5,21.5
2557.0,20.95690173711429,21.260952119446205,6.5792396985402455,21.0,0,-0.26095211944620544,21.184205091551373,20.5,21.5
2558.0,20.954026204706576,21.127718170793422,6.5781681696693814,21.0,1,-0.12771817079342185,19.795378684265586,20.5,21.5
2559.0,20.97115103309957,21.134327519990954,6.577095438954804,21.0,1,-0.13432751999095416,21.200421011966277,20.5,21.5
2560.0,20.98827222198074,21.24463576143918,6.576021507213444,21.0,0,-0.24463576143918075,22.347718175921447,20.5,21.5
2561.0,20.985389771837788,21.24781972759727,6.574946375263147,21.0,0,-0.2478197275972711,21.279659389178175,20.5,21.5
2562.0,20.982507683158474,21.200933859947927,6.573870043922675,21.0,0,-0.20093385994792712,20.732075183454487,20.5,21.5
2563.0,20.979625955630627,21.326296155096617,6.572792514011699,21.0,0,-0.32629615509661747,22.57991910658352,20.5,21.5
2564.0,20.976744588942303,21.263886547793184,6.571713786350804,21.0,0,-0.26388654779318443,20.639790474758854,20.5,21.5
2565.0,20.973863582781785,21.17952065306039,6.570633861761491,21.0,1,-0.1795206530603899,20.335861705732444,20.5,21.5
2566.0,20.990982936837582,21.106671317092157,6.569552741066166,21.0,1,-0.10667131709215738,20.378177957409832,20.5,21.5
2567.0,21.008098650798427,21.109518856279983,6.568470425088153,21.0,1,-0.10951885627998337,21.137994248158243,20.5,21.5
2568.0,21.025210725153286,21.12932311587908,6.56738691465168,21.0,1,-0.12932311587908174,21.327365711870065,20.5,21.5
2569.0,21.042319160391187,21.19460319902826,6.566302210581888,21.0,0,-0.1946031990282613,21.847404030520057,20.5,21.5
2570.0,21.039423957001226,21.31164350084084,6.565216313704828,21.0,0,-0.3116435008408409,22.482046518966637,20.5,21.5
2571.0,21.036529115472568,21.468789192580985,6.564129224847456,21.0,0,-0.46878919258098506,23.040246109982427,20.5,21.5
2572.0,21.033634635494444,21.501049209080605,6.5630409448376374,21.0,0,-0.5010492090806054,21.82364937407681,20.5,21.5
2573.0,21.030740516756314,21.43985551004979,6.561951474504146,21.0,0,-0.43985551004978873,20.827918519741623,20.5,21.5
2574.0,21.027846758947863,21.457866569199098,6.560860814676659,21.0,0,-0.45786656919909774,21.637977160692188,20.5,21.5
2575.0,21.02495336175901,21.457811841559526,6.559768966185763,21.0,0,-0.4578118415595256,21.457264565163804,20.5,21.5
2576.0,21.022060324879895,21.341907711493214,6.5586759298629485,21.0,1,-0.34190771149321364,20.182866410830094,20.5,21.5
2577.0,21.03916764800089,21.36986170988972,6.557581706540608,21.0,0,-0.3698617098897188,21.64940169385477,20.5,21.5
2578.0,21.0362713308126,21.451420832049525,6.556486297052042,21.0,0,-0.451420832049525,22.267012053647587,20.5,21.5
2579.0,21.033375373805846,21.473481946806924,6.555389702231452,21.0,0,-0.473481946806924,21.694093094380914,20.5,21.5
2580.0,21.03047977667153,21.403293793598433,6.554291922913942,21.0,0,-0.40329379359843287,20.70141226151352,20.5,21.5
2581.0,21.02758453910078,21.482171930914586,6.55319295993552,21.0,0,-0.48217193091458554,22.270953304076112,20.5,21.5
2582.0,21.024689660784947,21.43667674332553,6.552092814133092,21.0,0,-0.4366767433255312,20.981724867434988,20.5,21.5
2583.0,21.021795141415616,21.38686469344102,6.5509914863444685,21.0,0,-0.38686469344101937,20.8887441945959,20.5,21.5
2584.0,21.018900980684602,21.38390632521655,6.54988897740836,21.0,0,-0.3839063252165502,21.35432264297186,20.5,21.5
2585.0,21.016007178283946,21.397428897987318,6.548785288164371,21.0,0,-0.39742889798731795,21.532654625694995,20.5,21.5
2586.0,21.01311373390592,21.41308140009389,6.5476804194530125,21.0,0,-0.4130814000938905,21.569606421159616,20.5,21.5
2587.0,21.01022064724303,21.456714976624994,6.546574372115688,21.0,0,-0.45671497662499405,21.89305074193603,20.5,21.5
2588.0,21.007327917988004,21.405068247215922,6.545467146994702,21.0,0,-0.4050682472159224,20.888600953125206,20.5,21.5
2589.0,21.004435545833804,21.383537288807645,6.544358744933254,21.0,0,-0.3835372888076449,21.16822770472487,20.5,21.5
2590.0,21.001543530473622,21.22068485434972,6.543249166775441,21.0,1,-0.22068485434972018,19.592160509770473,20.5,21.5
2591.0,21.018651871600884,21.12916732100664,6.542138413366253,21.0,1,-0.12916732100664063,20.213991987575845,20.5,21.5
2592.0,21.03575656890924,21.161307580013357,6.541026485551578,21.0,1,-0.1613075800133572,21.482710170080523,20.5,21.5
2593.0,21.052857622892567,21.2578929283292,6.539913384178199,21.0,0,-0.2578929283291984,22.22374641148761,20.5,21.5
2594.0,21.049955034044824,21.16638376632325,6.53879911009379,21.0,1,-0.16638376632324992,20.251292146263765,20.5,21.5
2595.0,21.067052802860033,21.261723488937182,6.537683664146919,21.0,0,-0.2617234889371822,22.215120715076505,20.5,21.5
2596.0,21.06414692903229,21.324692265390613,6.536567047187047,21.0,0,-0.32469226539061324,21.954380029924923,20.5,21.5
2597.0,21.06124141305592,21.324911622060448,6.535449260064525,21.0,0,-0.32491162206044777,21.327105188758793,20.5,21.5
2598.0,21.058336254625324,21.323450478166787,6.5343303036305995,21.0,0,-0.3234504781667873,21.308839039230183,20.5,21.5
2599.0,21.055431453435126,21.376981064594965,6.533210178737401,21.0,0,-0.3769810645949647,21.91228692887674,20.5,21.5
2600.0,21.052527009180185,21.334499069960874,6.532088886237956,21.0,0,-0.33449906996087364,20.909679123619963,20.5,21.5
2601.0,21.049622921555596,21.237387337410183,6.5309664269861765,21.0,1,-0.23738733741018336,20.26627001190328,20.5,21.5
2602.0,21.06671919025668,21.15202101222851,6.529842801836864,21.0,1,-0.15202101222850928,20.29835776041177,20.5,21.5
2603.0,21.083811814978997,21.151633698729466,6.528718011645708,21.0,1,-0.15163369872946575,21.14776056373903,20.5,21.5
2604.0,21.10090079621833,21.18090474266787,6.527592057269285,21.0,1,-0.18090474266787027,21.473615182051915,20.5,21.5
2605.0,21.11798613447054,21.23133891294204,6.526464939565058,21.0,0,-0.23133891294203934,21.73568061568373,20.5,21.5
2606.0,21.11506783023156,21.287721659782644,6.525336659391377,21.0,0,-0.28772165978264397,21.85154912818869,20.5,21.5
2607.0,21.112149883997393,21.33863872509118,6.524207217607476,21.0,0,-0.33863872509117954,21.847809378176535,20.5,21.5
2608.0,21.109232295464114,21.369231709173796,6.5230766150734745,21.0,0,-0.3692317091737962,21.675161549999963,20.5,21.5
2609.0,21.106315064328037,21.374549241996,6.521944852650374,21.0,0,-0.37454924199600015,21.42772457021804,20.5,21.5
2610.0,21.103398190285702,21.475067975940004,6.520811931200062,21.0,0,-0.4750679759400036,22.480255315380038,20.5,21.5
2611.0,21.100481673033887,21.470846211634086,6.519677851585308,21.0,0,-0.47084621163408613,21.42862856857491,20.5,21.5
2612.0,21.097565512269597,21.435984075874327,6.518542614669761,21.0,0,-0.43598407587432675,21.087362718276733,20.5,21.5
2613.0,21.094649707690078,21.36735849815249,6.517406221317957,21.0,0,-0.3673584981524911,20.681102720934135,20.5,21.5
2614.0,21.091734258992805,21.30675723476866,6.516268672395305,21.0,0,-0.3067572347686607,20.700744600930356,20.5,21.5
2615.0,21.088819165875485,21.14429832423436,6.515129968768099,21.0,1,-0.1442983242343594,19.519709218891347,20.5,21.5
2616.0,21.105904428036062,21.244325720240813,6.513990111303513,21.0,0,-0.24432572024081267,22.244599680305345,20.5,21.5
2617.0,21.102986045172717,21.257344335373368,6.512849100869596,21.0,0,-0.257344335373368,21.38753048669892,20.5,21.5
2618.0,21.100068017783855,21.31718716576268,6.51170693833528,21.0,0,-0.3171871657626788,21.915615469655787,20.5,21.5
2619.0,21.097150345567965,21.413369692433555,6.510563624570367,21.0,0,-0.41336969243355526,22.37519495914232,20.5,21.5
2620.0,21.094233028223766,21.532588762075648,6.509419160445544,21.0,0,-0.5325887620756475,22.72477945849657,20.5,21.5
2621.0,21.09131606545021,21.4322806057816,6.508273546832369,21.0,1,-0.43228060578159955,20.42919904284112,20.5,21.5
2622.0,21.108399456946486,21.410058922297203,6.507126784603276,21.0,1,-0.4100589222972033,21.18784208745324,20.5,21.5
2623.0,21.125479202412016,21.31385689767842,6.505978874631575,21.0,1,-0.31385689767841995,20.351836651490586,20.5,21.5
2624.0,21.14255530234646,21.25436736675414,6.50482981779145,21.0,1,-0.2543673667541384,20.659472057511323,20.5,21.5
2625.0,21.15962775724955,21.23289951092224,6.503679614957955,21.0,1,-0.23289951092224115,21.01822095260327,20.5,21.5
2626.0,21.17669656762109,21.357133340925724,6.502528267007023,21.0,0,-0.35713334092572424,22.599471640960555,20.5,21.5
2627.0,21.173761733960966,21.396810651044117,6.501375774815453,21.0,0,-0.3968106510441167,21.79358375222804,20.5,21.5
2628.0,21.170827256769137,21.489865961796873,6.500222139260918,21.0,0,-0.48986596179687325,22.42041906932444,20.5,21.5
2629.0,21.167893135745636,21.5643516903484,6.499067361221965,21.0,0,-0.5643516903483992,22.30920897586366,20.5,21.5
2630.0,21.164959370590733,21.59973770951964,6.497911441578005,21.0,0,-0.5997377095196406,21.953597901232055,20.5,21.5
2631.0,21.16202596100493,21.493071071634606,6.49675438120932,21.0,1,-0.4930710716346063,20.426404692784264,20.5,21.5
2632.0,21.179092906688968,21.463910502244133,6.4955961809970635,21.0,1,-0.46391050224413277,21.172304808339398,20.5,21.5
2633.0,21.19615620734383,21.460878053264764,6.494436841823256,21.0,1,-0.4608780532647643,21.43055356347108,20.5,21.5
2634.0,21.213215863470726,21.441945604107072,6.493276364570782,21.0,1,-0.4419456041070724,21.252621112530154,20.5,21.5
2635.0,21.230271875570946,21.437495691024235,6.492114750123399,21.0,1,-0.43749569102423536,21.392996560195865,20.5,21.5
2636.0,21.247324244145855,21.41188388232074,6.490951999365724,21.0,1,-0.41188388232074047,21.15576579528579,20.5,21.5
2637.0,21.264372969696897,21.51350456826528,6.489788113183245,21.0,0,-0.5135045682652795,22.52971142771067,20.5,21.5
2638.0,21.261418052725595,21.47656264522953,6.4886230924623085,21.0,0,-0.4765626452295315,21.107143414872052,20.5,21.5
2639.0,21.258463493733544,21.46973030430281,6.48745693809013,21.0,0,-0.4697303043028107,21.401406895035603,20.5,21.5
2640.0,21.255509292422413,21.46538747117321,6.486289650954789,21.0,0,-0.46538747117320867,21.42195913987719,20.5,21.5
2641.0,21.25255544849412,21.457986948446273,6.4851212319452225,21.0,0,-0.45798694844627263,21.383981721176912,20.5,21.5
2642.0,21.24960196165081,21.46047456658001,6.483951681951233,21.0,0,-0.46047456658001096,21.485350747917394,20.5,21.5
2643.0,21.24664883159487,21.546531288446168,6.482781001863485,21.0,0,-0.5465312884461682,22.40709850710774,20.5,21.5
2644.0,21.243696058028924,21.424677259807364,6.4816091925735,21.0,1,-0.42467725980736404,20.206136973419323,20.5,21.5
2645.0,21.260743640655832,21.396332080718246,6.480436254973664,21.0,1,-0.39633208071824555,21.11288028982706,20.5,21.5
2646.0,21.277787579178696,21.53028209700843,6.47926218995722,21.0,0,-0.5302820970084312,22.869782259910288,20.5,21.5
2647.0,21.27482787410085,21.49088124929454,6.478086998418268,21.0,0,-0.4908812492945387,21.096872772155614,20.5,21.5
2648.0,21.271868525925715,21.41583592719862,6.476910681251768,21.0,0,-0.4158359271986214,20.66538270623945,20.5,21.5
2649.0,21.26890953435678,21.639253794922737,6.475733239353537,21.0,0,-0.6392537949227375,23.8734324721639,20.5,21.5
2650.0,21.265950899097778,21.63783033898704,6.474554673620248,21.0,0,-0.6378303389870403,21.62359577963007,20.5,21.5
2651.0,21.26299261985268,21.53290208958965,6.473374984949431,21.0,1,-0.5329020895896512,20.48361959561576,20.5,21.5
2652.0,21.2800346963257,21.525555393543232,6.472194174239469,21.0,1,-0.5255553935432324,21.452088433079044,20.5,21.5
2653.0,21.29707312822128,21.55409342043567,6.471012242389601,21.0,0,-0.5540934204356702,21.839473689360048,20.5,21.5
2654.0,21.294107916044116,21.493248941965938,6.4698291902999205,21.0,0,-0.4932489419659376,20.88480415726861,20.5,21.5
2655.0,21.291143060298968,21.554474064498287,6.468645018871371,21.0,0,-0.5544740644982866,22.166725289821777,20.5,21.5
2656.0,21.28817856069068,21.690271064969114,6.4674597290057525,21.0,0,-0.6902710649691137,23.048241069677385,20.5,21.5
2657.0,21.285214416924344,21.74002386810843,6.4662733216057156,21.0,0,-0.7400238681084303,22.237551899501597,20.5,21.5
2658.0,21.28225062870528,21.700323182632243,6.4650857975747575,21.0,0,-0.7003231826322427,21.303316327870366,20.5,21.5
2659.0,21.279287195739055,21.6810128610364,6.463897157817232,21.0,0,-0.6810128610364004,21.487909645077977,20.5,21.5
2660.0,21.27632411773147,21.649285183906425,6.462707403238341,21.0,0,-0.6492851839064251,21.332008412606672,20.5,21.5
2661.0,21.27336139438857,21.60124931213861,6.461516534744132,21.0,0,-0.6012493121386093,21.12089059446045,20.5,21.5
2662.0,21.27039902541664,21.594201024702446,6.460324553241505,21.0,0,-0.5942010247024463,21.523718150340816,20.5,21.5
2663.0,21.267437010522205,21.69852886060155,6.459131459638204,21.0,0,-0.6985288606015487,22.741807219592573,20.5,21.5
2664.0,21.264475349412027,21.746962366282638,6.4579372548428235,21.0,0,-0.7469623662826379,22.23129742309353,20.5,21.5
2665.0,21.261514041793113,21.69510689565548,6.4567419397648,21.0,0,-0.6951068956554813,21.176552189383916,20.5,21.5
2666.0,21.258553087372707,21.66189574325267,6.455545515314421,21.0,0,-0.6618957432526713,21.32978421922457,20.5,21.5
2667.0,21.255592485858294,21.632128899197163,6.454347982402814,21.0,0,-0.6321288991971628,21.334460458642077,20.5,21.5
2668.0,21.252632236957602,21.481113711620424,6.453149341941952,21.0,1,-0.4811137116204236,19.970961835853032,20.5,21.5
2669.0,21.269672340378598,21.454447583261548,6.451949594844653,21.0,1,-0.45444758326154755,21.187786299672787,20.5,21.5
2670.0,21.28670879582949,21.531145851725384,6.450748742024576,21.0,0,-0.531145851725384,22.29812853636375,20.5,21.5
2671.0,21.28374160381873,21.535791859951356,6.4495467843962215,21.0,0,-0.535791859951356,21.582251942211077,20.5,21.5
2672.0,21.280774764854844,21.60492060609453,6.4483437228749345,21.0,0,-0.6049206060945309,22.29620806752628,20.5,21.5
2673.0,21.277808278646447,21.682195524088407,6.447139558376899,21.0,0,-0.6821955240884066,22.454944704027163,20.5,21.5
2674.0,21.274842144902394,21.692844419160146,6.445934291819137,21.0,0,-0.6928444191601457,21.799333369877537,20.5,21.5
2675.0,21.271876363331778,21.64574377457227,6.444727924119511,21.0,0,-0.6457437745722707,21.17473732869352,20.5,21.5
2676.0,21.268910933643934,21.629633393524067,6.443520456196724,21.0,0,-0.6296333935240668,21.468529583042027,20.5,21.5
2677.0,21.265945855548445,21.553815952085305,6.442311888970316,21.0,0,-0.553815952085305,20.795641537697687,20.5,21.5
2678.0,21.26298112875513,21.53743281904095,6.4411022233606605,21.0,0,-0.5374328190409514,21.373601488597416,20.5,21.5
2679.0,21.26001675297405,21.56570225246267,6.439891460288974,21.0,0,-0.5657022524626711,21.84839658667987,20.5,21.5
2680.0,21.25705272791551,21.6203700429384,6.438679600677303,21.0,0,-0.6203700429384007,22.167047947695696,20.5,21.5
2681.0,21.254089053290063,21.62905181555457,6.437466645448531,21.0,0,-0.6290518155545683,21.715869541716245,20.5,21.5
2682.0,21.251125728808493,21.67513984331527,6.436252595526378,21.0,0,-0.6751398433152715,22.136020120922304,20.5,21.5
2683.0,21.248162754181838,21.734079051682833,6.435037451835394,21.0,0,-0.7340790516828335,22.323471135358453,20.5,21.5
2684.0,21.24520012912137,21.678254828932943,6.4338212153009655,21.0,0,-0.6782548289329426,21.120012601434034,20.5,21.5
2685.0,21.242237853338604,21.67315812389527,6.432603886849309,21.0,0,-0.67315812389527,21.622191073518543,20.5,21.5
2686.0,21.239275926545307,21.70966054997487,6.4313854674074715,21.0,0,-0.7096605499748705,22.074684810770876,20.5,21.5
2687.0,21.23631434845348,21.651858309836552,6.430165957903335,21.0,0,-0.6518583098365518,21.073835908453365,20.5,21.5
2688.0,21.23335311877537,21.60632119204718,6.428945359265606,21.0,0,-0.6063211920471794,21.150950014153455,20.5,21.5
2689.0,21.230392237223466,21.549361220979243,6.427723672423827,21.0,0,-0.5493612209792431,20.97976151029988,20.5,21.5
2690.0,21.227431703510504,21.590861391190536,6.426500898308364,21.0,0,-0.5908613911905363,22.005863093303468,20.5,21.5
2691.0,21.224471517349464,21.568780947631303,6.425277037850411,21.0,0,-0.5687809476313035,21.347976512038976,20.5,21.5
2692.0,21.221511678453563,21.569160262154675,6.424052091981993,21.0,0,-0.569160262154675,21.57295340738839,20.5,21.5
2693.0,21.218552186536268,21.52604721407355,6.422826061635959,21.0,0,-0.5260472140735502,21.094916733262302,20.5,21.5
2694.0,21.215593041311287,21.60087582736919,6.421598947745984,21.0,0,-0.6008758273691903,22.349161960325592,20.5,21.5
2695.0,21.212634242492573,21.54740390701046,6.420370751246571,21.0,0,-0.5474039070104588,21.012684703423144,20.5,21.5
2696.0,21.209675789794325,21.532108584394162,6.419141473073042,21.0,0,-0.5321085843941624,21.3791553582312,20.5,21.5
2697.0,21.206717682930982,21.527498908367175,6.417911114161547,21.0,0,-0.5274989083671748,21.4814021480973,20.5,21.5
2698.0,21.203759921617227,21.55455490153722,6.416679675449058,21.0,0,-0.5545549015372195,21.825114833237667,20.5,21.5
2699.0,21.200802505567992,21.501132426886414,6.415447157873368,21.0,0,-0.5011324268864144,20.966907680378362,20.5,21.5
2700.0,21.197845434498454,21.52467143984362,6.414213562373095,21.0,0,-0.524671439843619,21.760061569415665,20.5,21.5
2701.0,21.19488870812403,21.506815536648475,6.412978889887674,21.0,0,-0.5068155366484746,21.32825650469703,20.5,21.5
2702.0,21.191932326160384,21.539087691199427,6.411743141357363,21.0,0,-0.5390876911994269,21.86180923670895,20.5,21.5
2703.0,21.188976288323424,21.55946287361378,6.410506317723236,21.0,0,-0.5594628736137786,21.763214697757295,20.5,21.5
2704.0,21.186020594329303,21.55593635143547,6.409268419927189,21.0,0,-0.55593635143547,21.520671129652385,20.5,21.5
2705.0,21.183065243894422,21.500451727110818,6.408029448911936,21.0,0,-0.5004517271108178,20.945605483864295,20.5,21.5
2706.0,21.180110236735427,21.570775279536168,6.406789405621009,21.0,0,-0.5707752795361678,22.27401080378967,20.5,21.5
2707.0,21.177155572569205,21.439776057764607,6.40554829099875,21.0,1,-0.4397760577646075,20.129783840049004,20.5,21.5
2708.0,21.19420125111289,21.41399419343031,6.404306105990325,21.0,1,-0.41399419343030885,21.156175550087323,20.5,21.5
2709.0,21.211243272083866,21.47368865196099,6.403062851541712,21.0,0,-0.4736886519609911,22.070633237267813,20.5,21.5
2710.0,21.208281635999757,21.51785411379214,6.401818528599701,21.0,0,-0.51785411379214,21.95950873210363,20.5,21.5
2711.0,21.205320343378276,21.417247006723052,6.400573138111902,21.0,1,-0.41724700672305204,20.411175936032173,20.5,21.5
2712.0,21.22235939393722,21.523209535431505,6.399326681026731,21.0,0,-0.523209535431505,22.582834822516034,20.5,21.5
2713.0,21.219394787394638,21.5450003345467,6.39807915829342,21.0,0,-0.5450003345466996,21.762908325698646,20.5,21.5
2714.0,21.216430524268816,21.481285992937124,6.3968305708620115,21.0,0,-0.48128599293712426,20.84414257684137,20.5,21.5
2715.0,21.213466604278135,21.447611969127923,6.39558091968336,21.0,0,-0.447611969127923,21.11087173103591,20.5,21.5
2716.0,21.21050302714122,21.522888313322944,6.394330205709129,21.0,0,-0.5228883133229445,22.27565175527316,20.5,21.5
2717.0,21.20753979257693,21.545869036374835,6.3930784298917915,21.0,0,-0.5458690363748353,21.775676266893743,20.5,21.5
2718.0,21.204576900304392,21.588268778981284,6.391825593184629,21.0,0,-0.5882687789812842,22.012266205045773,20.5,21.5
2719.0,21.20161435004297,21.597037165025515,6.390571696541731,21.0,0,-0.5970371650255153,21.684721025467827,20.5,21.5
2720.0,21.19865214151227,21.606688697604206,6.3893167409179945,21.0,0,-0.6066886976042056,21.70320402339111,20.5,21.5
2721.0,21.19569027443215,21.61695821120893,6.3880607272691226,21.0,0,-0.6169582112089316,21.71965334725619,20.5,21.5
2722.0,21.192728748522715,21.578433641407816,6.386803656551626,21.0,0,-0.5784336414078162,21.193187943396662,20.5,21.5
2723.0,21.189767563504322,21.486903992924095,6.385545529722817,21.0,0,-0.4869039929240948,20.57160750808688,20.5,21.5
2724.0,21.186806719097564,21.445094068548624,6.384286347740813,21.0,0,-0.44509406854862377,21.026994824793913,20.5,21.5
2725.0,21.183846215023294,21.4426970170259,6.383026111564539,21.0,0,-0.4426970170258997,21.41872650179866,20.5,21.5
2726.0,21.180886051002602,21.392782455996137,6.381764822153717,21.0,0,-0.39278245599613726,20.893636845698513,20.5,21.5
2727.0,21.17792622675683,21.40411570071613,6.3805024804688735,21.0,0,-0.40411570071612957,21.517448147916053,20.5,21.5
2728.0,21.174966742007573,21.48116437343926,6.3792390874713405,21.0,0,-0.48116437343925966,22.25165110067056,20.5,21.5
2729.0,21.172007596476664,21.552402689147108,6.377974644123242,21.0,0,-0.5524026891471081,22.264785846225593,20.5,21.5
2730.0,21.169048789886194,21.553505830493428,6.376709151387508,21.0,0,-0.5535058304934282,21.56453724395663,20.5,21.5
2731.0,21.166090321958492,21.58731873148951,6.375442610227868,21.0,0,-0.5873187314895105,21.925447741450334,20.5,21.5
2732.0,21.163132192416146,21.624473445065004,6.3741750216088455,21.0,0,-0.6244734450650036,21.996020580819934,20.5,21.5
2733.0,21.160174400981983,21.570098070940258,6.372906386495767,21.0,0,-0.5700980709402579,21.0263443296928,20.5,21.5
2734.0,21.157216947379087,21.49124430501533,6.371636705854753,21.0,0,-0.49124430501532856,20.702706645766035,20.5,21.5
2735.0,21.154259831330783,21.4498323917074,6.370365980652719,21.0,0,-0.44983239170739964,21.03571325862811,20.5,21.5
2736.0,21.15130305256065,21.389817366818995,6.3690942118573775,21.0,0,-0.3898173668189955,20.789667117934954,20.5,21.5
2737.0,21.148346610792508,21.367793128203083,6.367821400437236,21.0,0,-0.36779312820308263,21.147550742043954,20.5,21.5
2738.0,21.145390505750438,21.409498670963934,6.3665475473615984,21.0,0,-0.40949867096393433,21.82655409857245,20.5,21.5
2739.0,21.14243473715876,21.545030929592613,6.365272653600557,21.0,0,-0.5450309295926132,22.900353515879402,20.5,21.5
2740.0,21.139479304742046,21.594978510483934,6.363996720124997,21.0,0,-0.5949785104839336,22.094454319397137,20.5,21.5
2741.0,21.136524208225122,21.635676609768574,6.362719747906601,21.0,0,-0.6356766097685735,22.042657602614973,20.5,21.5
2742.0,21.13356944733306,21.616984678704085,6.361441737917836,21.0,0,-0.6169846787040854,21.430065368059203,20.5,21.5
2743.0,21.130615021791176,21.603021274147046,6.360162691131963,21.0,0,-0.6030212741470464,21.463387228576657,20.5,21.5
2744.0,21.127660931325043,21.467910707265666,6.358882608523032,21.0,1,-0.4679107072656663,20.116805038451865,20.5,21.5
2745.0,21.144707175660482,21.490853727392086,6.357601491065884,21.0,0,-0.49085372739208566,21.72028392865628,20.5,21.5
2746.0,21.141749754523563,21.52449638432693,6.3563193397361415,21.0,0,-0.5244963843269304,21.860922953675377,20.5,21.5
2747.0,21.138792668440605,21.507416070497747,6.35503615551022,21.0,0,-0.5074160704977473,21.336612932205917,20.5,21.5
2748.0,21.135835917138017,21.350060517573162,6.3537519393653215,21.0,1,-0.35006051757316214,19.77650498832731,20.5,21.5
2749.0,21.15287950034246,21.342652752664332,6.352466692279431,21.0,1,-0.3426527526643319,21.26857510357603,20.5,21.5
2750.0,21.16991941778085,21.30583622893356,6.351180415231321,21.0,1,-0.3058362289335612,20.937670991625854,20.5,21.5
2751.0,21.18695566998034,21.236119306477505,6.349893109200546,21.0,1,-0.23611930647750512,20.538950081916944,20.5,21.5
2752.0,21.203988257468183,21.178267773848624,6.348604775167447,21.0,1,-0.17826777384862424,20.599752447559815,20.5,21.5
2753.0,21.22101718077172,21.345988351830023,6.347315414113146,21.0,0,-0.3459883518300231,23.02319413164401,20.5,21.5
2754.0,21.21804244041839,21.38288360541359,6.346025027019547,21.0,0,-0.3828836054135891,21.75183614124925,20.5,21.5
2755.0,21.215068036935712,21.393672565875498,6.344733614869336,21.0,0,-0.39367256587549804,21.501562170494587,20.5,21.5
2756.0,21.2120939700513,21.364393460330888,6.343441178645981,21.0,0,-0.3643934603308878,21.071602404884786,20.5,21.5
2757.0,21.209120239493018,21.45745847268068,6.342147719333726,21.0,0,-0.4574584726806812,22.388108596178615,20.5,21.5
2758.0,21.206146844988986,21.463849927225567,6.340853237917599,21.0,0,-0.46384992722556717,21.527764472674427,20.5,21.5
2759.0,21.203173786267573,21.519373427219737,6.339557735383401,21.0,0,-0.5193734272197368,22.074608427161433,20.5,21.5
2760.0,21.200201063057396,21.485519611852958,6.3382612127177165,21.0,0,-0.48551961185295767,21.146981458185167,20.5,21.5
2761.0,21.197228675087327,21.511460149857438,6.3369636709079025,21.0,0,-0.511460149857438,21.77086552990224,20.5,21.5
2762.0,21.194256622086492,21.462776873594954,6.335665110942093,21.0,0,-0.46277687359495445,20.97594411097012,20.5,21.5
2763.0,21.19128490378426,21.44009200875199,6.3343655338091995,21.0,0,-0.4400920087519893,21.213243360322338,20.5,21.5
2764.0,21.188313519910267,21.44689725482921,6.333064940498905,21.0,0,-0.44689725482921006,21.514949715601418,20.5,21.5
2765.0,21.185342470194385,21.448999915029155,6.331763332001668,21.0,0,-0.44899991502915526,21.470026517028607,20.5,21.5
2766.0,21.182371754366745,21.454871592822876,6.330460709308721,21.0,0,-0.4548715928228759,21.513588370760083,20.5,21.5
2767.0,21.179401372157734,21.463684782753383,6.329157073412068,21.0,0,-0.46368478275338276,21.55181668205845,20.5,21.5
2768.0,21.176431323297987,21.455927061049035,6.327852425304483,21.0,0,-0.45592706104903513,21.37834984400556,20.5,21.5
2769.0,21.173461607518387,21.352908885926716,6.326546765979514,21.0,1,-0.3529088859267162,20.322727134703527,20.5,21.5
2770.0,21.19049222455008,21.34724650501595,6.325240096431475,21.0,1,-0.3472465050159492,21.29062269590828,20.5,21.5
2771.0,21.207519174124457,21.336665273743417,6.323932417655453,21.0,1,-0.33666527374341726,21.230852961018098,20.5,21.5
2772.0,21.22454245677316,21.356423335928657,6.3226237306473045,21.0,0,-0.3564233359286568,21.554003957781052,20.5,21.5
2773.0,21.221562073027936,21.39843228974081,6.321314036403647,21.0,0,-0.3984322897408106,21.818521827862348,20.5,21.5
2774.0,21.218582023420613,21.44630786263044,6.320003335921873,21.0,0,-0.44630786263044087,21.925063591526744,20.5,21.5
2775.0,21.215602307683113,21.46682757642668,6.318691630200138,21.0,0,-0.46682757642668093,21.67202471438908,20.5,21.5
2776.0,21.212622925547617,21.48426784344169,6.317378920237361,21.0,0,-0.48426784344168894,21.65867051359177,20.5,21.5
2777.0,21.209643876746554,21.525323189144977,6.316065207033229,21.0,0,-0.5253231891449772,21.93587664617786,20.5,21.5
2778.0,21.206665161012612,21.536031854622493,6.3147504915881925,21.0,0,-0.5360318546224931,21.643118509397652,20.5,21.5
2779.0,21.203686778078726,21.5486065732693,6.313434774903462,21.0,0,-0.5486065732693,21.674353759737368,20.5,21.5
2780.0,21.20070872767809,21.595455277676603,6.3121180579810146,21.0,0,-0.5954552776766029,22.063942321749632,20.5,21.5
2781.0,21.197731009544153,21.635163247695488,6.310800341823588,21.0,0,-0.6351632476954876,22.032242947884335,20.5,21.5
2782.0,21.19475362341061,21.538511118871376,6.30948162743468,21.0,0,-0.5385111188713765,20.571989830630265,20.5,21.5
2783.0,21.191776569011413,21.466558447781615,6.308161915818548,21.0,0,-0.46655844778161537,20.747031736884004,20.5,21.5
2784.0,21.188799846080773,21.46719955632496,6.306841207980211,21.0,0,-0.46719955632496024,21.47361064175841,20.5,21.5
2785.0,21.18582345435315,21.3860311493002,6.305519504925446,21.0,0,-0.38603114930020155,20.574347079052615,20.5,21.5
2786.0,21.182847393563264,21.40448174813024,6.304196807660784,21.0,0,-0.40448174813024096,21.588987736430635,20.5,21.5
2787.0,21.179871663446082,21.518867949089344,6.302873117193521,21.0,0,-0.5188679490893442,22.662729958680377,20.5,21.5
2788.0,21.176896263736833,21.503505189137847,6.301548434531702,21.0,0,-0.5035051891378473,21.349877589622878,20.5,21.5
2789.0,21.17392119417099,21.529211548585817,6.300222760684132,21.0,0,-0.5292115485858169,21.786275143065513,20.5,21.5
2790.0,21.170946454484294,21.56293565286531,6.298896096660368,21.0,0,-0.5629356528653098,21.90017669566024,20.5,21.5
2791.0,21.16797204441273,21.515929245475196,6.297568443470722,21.0,0,-0.5159292454751956,21.045865171574054,20.5,21.5
2792.0,21.16499796369254,21.472487674297167,6.296239802126262,21.0,0,-0.47248767429716665,21.038071962516877,20.5,21.5
2793.0,21.162024212060224,21.544536834237952,6.294910173638804,21.0,0,-0.5445368342379524,22.26502843364581,20.5,21.5
2794.0,21.15905078925254,21.562616445769113,6.29357955902092,21.0,0,-0.5626164457691125,21.743412561080714,20.5,21.5
2795.0,21.156077695006495,21.613833693556366,6.292247959285929,21.0,0,-0.6138336935563657,22.126006171428898,20.5,21.5
2796.0,21.15310492905935,21.614816275816192,6.290915375447901,21.0,0,-0.6148162758161924,21.62464209841446,20.5,21.5
2797.0,21.15013249114863,21.540923230916405,6.28958180852166,21.0,0,-0.5409232309164054,20.801992781918536,20.5,21.5
2798.0,21.147160381012103,21.468426726943413,6.288247259522773,21.0,0,-0.46842672694341303,20.74346168721349,20.5,21.5
2799.0,21.144188598387807,21.41857317090594,6.286911729467557,21.0,0,-0.4185731709059404,20.920037610531214,20.5,21.5
2800.0,21.14121714301402,21.384195985978536,6.285575219373079,21.0,0,-0.3841959859785362,21.040424136704495,20.5,21.5
2801.0,21.138246014629292,21.37522008790451,6.284237730257146,21.0,0,-0.3752200879045091,21.285461107164238,20.5,21.5
2802.0,21.135275212972417,21.409198234698998,6.282899263138316,21.0,0,-0.40919823469899796,21.748979702643886,20.5,21.5
2803.0,21.13230473778245,21.371433493884716,6.2815598190358894,21.0,0,-0.3714334938847159,20.993786085741895,20.5,21.5
2804.0,21.129334588798702,21.313737191372564,6.280219398969911,21.0,0,-0.31373719137256373,20.736774166251042,20.5,21.5
2805.0,21.126364765760737,21.260640349298214,6.27887800396117,21.0,0,-0.2606403492982139,20.729671928554716,20.5,21.5
2806.0,21.123395268408377,21.24305557695601,6.277535635031196,21.0,0,-0.2430555769560101,21.067207853533972,20.5,21.5
2807.0,21.1204260964817,21.191858050041407,6.276192293202261,21.0,0,-0.19185805004140732,20.67988278089538,20.5,21.5
2808.0,21.117457249721046,21.19614821287095,6.2748479794973795,21.0,0,-0.1961482128709484,21.23904984116636,20.5,21.5
2809.0,21.114488727867002,21.221541934479372,6.273502694940304,21.0,0,-0.22154193447937232,21.47547915056361,20.5,21.5
2810.0,21.111520530660417,21.250407782125972,6.272156440555528,21.0,0,-0.25040778212597203,21.53906625859197,20.5,21.5
2811.0,21.108552657842395,21.2212597913808,6.270809217368282,21.0,0,-0.221259791380799,20.92977988392907,20.5,21.5
2812.0,21.1055851091543,21.27550706331375,6.269461026404536,21.0,0,-0.27550706331374997,21.81797978264326,20.5,21.5
2813.0,21.10261788433775,21.30629118685818,6.268111868690994,21.0,0,-0.3062911868581786,21.614132422302465,20.5,21.5
2814.0,21.09965098313462,21.39184936837111,6.266761745255101,21.0,0,-0.3918493683711084,22.247431183500407,20.5,21.5
2815.0,21.096684405287043,21.431158187158946,6.265410657125033,21.0,0,-0.43115818715894605,21.824246375037323,20.5,21.5
2816.0,21.09371815053741,21.497162688700552,6.264058605329702,21.0,0,-0.497162688700552,22.157207704116612,20.5,21.5
2817.0,21.090752218628367,21.507267900973623,6.262705590898756,21.0,0,-0.5072679009736234,21.608320023704337,20.5,21.5
2818.0,21.08778660930282,21.532204482074746,6.261351614862573,21.0,0,-0.5322044820747465,21.781570293085977,20.5,21.5
2819.0,21.084821322303934,21.462850367023798,6.259996678252264,21.0,0,-0.46285036702379756,20.76930921651431,20.5,21.5
2820.0,21.081856357375123,21.36135594371155,6.258640782099675,21.0,1,-0.3613559437115512,20.346411710589088,20.5,21.5
2821.0,21.09889171426007,21.2826090318091,6.257283927437378,21.0,1,-0.28260903180909835,20.49513991278457,20.5,21.5
2822.0,21.115923392702705,21.283923602413935,6.255926115298676,21.0,1,-0.2839236024139353,21.297069308462305,20.5,21.5
2823.0,21.132951393247225,21.253235966195042,6.254567346717604,21.0,1,-0.2532359661950423,20.946359604006112,20.5,21.5
2824.0,21.14997571643792,21.293693175339495,6.2532076227289215,21.0,0,-0.2936931753394951,21.698265266784023,20.5,21.5
2825.0,21.146996362819177,21.426481927571558,6.251846944368118,21.0,0,-0.4264819275715581,22.754369449892188,20.5,21.5
2826.0,21.144017332935487,21.46788314757658,6.25048531267141,21.0,0,-0.467883147576579,21.881895347626788,20.5,21.5
2827.0,21.141038626531433,21.497694069336948,6.249122728675739,21.0,0,-0.4976940693369478,21.795803286940636,20.5,21.5
2828.0,21.138060243351863,21.563268550208157,6.247759193418773,21.0,0,-0.5632685502081571,22.21901335892025,20.5,21.5
2829.0,21.135082183141876,21.506920947803824,6.246394707938901,21.0,0,-0.5069209478038239,20.94344492376049,20.5,21.5
2830.0,21.132104445646835,21.42814698728768,6.2450292732752395,21.0,0,-0.4281469872876791,20.64040738212623,20.5,21.5
2831.0,21.12912703061236,21.442049704017077,6.2436628904676255,21.0,0,-0.44204970401707655,21.58107687131105,20.5,21.5
2832.0,21.12614993778433,21.450213207765852,6.24229556055662,21.0,0,-0.4502132077658523,21.53184824525361,20.5,21.5
2833.0,21.123173166908884,21.472982406572537,6.240927284583505,21.0,0,-0.47298240657253743,21.70067439463939,20.5,21.5
2834.0,21.12019671773242,21.44575577234707,6.23955806359028,21.0,0,-0.44575577234707,21.173489430092395,20.5,21.5
2835.0,21.11722059000159,21.54614765411972,6.238187898619668,21.0,0,-0.5461476541197214,22.550066471846236,20.5,21.5
2836.0,21.114244783463313,21.545609747649603,6.236816790715109,21.0,0,-0.5456097476496033,21.540230682948422,20.5,21.5
2837.0,21.111269297864762,21.508472509285514,6.23544474092076,21.0,0,-0.5084725092855145,21.137100125644626,20.5,21.5
2838.0,21.10829413295337,21.44852856612468,6.2340717502814975,21.0,0,-0.4485285661246792,20.849089134516326,20.5,21.5
2839.0,21.10531928847684,21.547061526601894,6.2326978198429135,21.0,0,-0.5470615266018939,22.53239113137404,20.5,21.5
2840.0,21.102344764183112,21.44199757238867,6.231322950651316,21.0,1,-0.44199757238866866,20.391358030256416,20.5,21.5
2841.0,21.119370559820407,21.491735060777398,6.229947143753729,21.0,0,-0.4917350607773976,21.989109944664687,20.5,21.5
2842.0,21.116392675137195,21.46638374232585,6.228570400197886,21.0,0,-0.4663837423258492,21.212870557810366,20.5,21.5
2843.0,21.113415110682208,21.481746335293728,6.227192721032241,21.0,0,-0.4817463352937281,21.635372264972517,20.5,21.5
2844.0,21.11043786620428,21.392804816266313,6.225814107305954,21.0,0,-0.39280481626631314,20.503389625992163,20.5,21.5
2845.0,21.107460941452498,21.384392711064628,6.224434560068899,21.0,0,-0.3843927110646277,21.300271659047773,20.5,21.5
2846.0,21.10448433617622,21.356178703701314,6.2230540803716625,21.0,0,-0.356178703701314,21.074038630068177,20.5,21.5
2847.0,21.10150805012506,21.404064375651124,6.22167266926554,21.0,0,-0.4040643756511244,21.88292109514923,20.5,21.5
2848.0,21.098532083048887,21.420899460788565,6.220290327802536,21.0,0,-0.420899460788565,21.58925031216297,20.5,21.5
2849.0,21.095556434697837,21.441083565869764,6.218907057035362,21.0,0,-0.44108356586976427,21.642924616681757,20.5,21.5
2850.0,21.092581104822305,21.46315007297511,6.217522858017442,21.0,0,-0.463150072975111,21.68381514402858,20.5,21.5
2851.0,21.089606093172943,21.388501620030645,6.216137731802901,21.0,0,-0.38850162003064526,20.642017090585988,20.5,21.5
2852.0,21.086631399500668,21.361925546755156,6.214751679446573,21.0,0,-0.3619255467551561,21.096164814000264,20.5,21.5
2853.0,21.083657023556658,21.278757073305847,6.213364702003999,21.0,1,-0.2787570733058473,20.44707233881276,20.5,21.5
2854.0,21.100682965092346,21.303049109791754,6.211976800531422,21.0,0,-0.30304910979175403,21.54596947465082,20.5,21.5
2855.0,21.097705223859435,21.354465673506443,6.210587976085789,21.0,0,-0.35446567350644287,21.86863131065333,20.5,21.5
2856.0,21.09472780040988,21.495616757509758,6.20919822972475,21.0,0,-0.4956167575097581,22.90712759754291,20.5,21.5
2857.0,21.091750694495744,21.486546546273722,6.207807562506657,21.0,0,-0.48654654627372196,21.39584443391336,20.5,21.5
2858.0,21.088773905869346,21.599742413470928,6.2064159754905655,21.0,0,-0.5997424134709277,22.731701085442985,20.5,21.5
2859.0,21.08579743428327,21.559171306089237,6.2050234697362265,21.0,0,-0.5591713060892367,21.153460232272327,20.5,21.5
2860.0,21.08282127949036,21.52047936727709,6.203630046304096,21.0,0,-0.5204793672770904,21.133559979155628,20.5,21.5
2861.0,21.079845441243723,21.481198867945665,6.202235706255328,21.0,0,-0.4811988679456647,21.088393874631407,20.5,21.5
2862.0,21.076869919296726,21.439832850504587,6.200840450651768,21.0,0,-0.43983285050458676,21.026172676093807,20.5,21.5
2863.0,21.073894713402996,21.410297097998875,6.199444280555968,21.0,0,-0.4102970979988747,21.114939572941754,20.5,21.5
2864.0,21.070919823316427,21.478459533125026,6.198047197031172,21.0,0,-0.47845953312502587,22.160083884386538,20.5,21.5
2865.0,21.06794524879117,21.48973887623481,6.196649201141318,21.0,0,-0.48973887623481005,21.602532307332652,20.5,21.5
2866.0,21.06497098958164,21.407372795201326,6.195250293951043,21.0,0,-0.40737279520132574,20.583711984866483,20.5,21.5
2867.0,21.061997045442514,21.428814483484054,6.193850476525673,21.0,0,-0.4288144834840537,21.643231366311333,20.5,21.5
2868.0,21.05902341612873,21.370847587072518,6.192449749931232,21.0,0,-0.3708475870725181,20.791178622957162,20.5,21.5
2869.0,21.056050101395492,21.371643426631497,6.191048115234433,21.0,0,-0.37164342663149696,21.379601822221286,20.5,21.5
2870.0,21.05307710099826,21.31517027841219,6.189645573502682,21.0,0,-0.3151702784121895,20.750438796219115,20.5,21.5
2871.0,21.05010441469276,21.322555850469346,6.188242125804077,21.0,0,-0.322555850469346,21.39641157104091,20.5,21.5
2872.0,21.047132042234985,21.37359518503023,6.186837773207403,21.0,0,-0.37359518503022926,21.883988530639062,20.5,21.5
2873.0,21.044159983381178,21.44036327678532,6.185432516782136,21.0,0,-0.4403632767853196,22.108044194336223,20.5,21.5
2874.0,21.04118823788786,21.38372296646717,6.184026357598439,21.0,0,-0.38372296646717174,20.817319863285693,20.5,21.5
2875.0,21.0382168055118,21.330340320230658,6.1826192967271645,21.0,0,-0.3303403202306576,20.796513857865516,20.5,21.5
2876.0,21.035245686010043,21.314877845113,6.18121133523985,21.0,0,-0.3148778451129992,21.160253093936415,20.5,21.5
2877.0,21.03227487913989,21.263206475521415,6.179802474208722,21.0,0,-0.2632064755214145,20.746492779605568,20.5,21.5
2878.0,21.029304384658904,21.23392259212805,6.178392714706685,21.0,0,-0.23392259212804944,20.9410837581944,20.5,21.5
2879.0,21.026334202324914,21.262952434487836,6.176982057807334,21.0,0,-0.26295243448783623,21.553250858085704,20.5,21.5
2880.0,21.023364331896012,21.25417107052494,6.175570504584947,21.0,0,-0.25417107052494003,21.166357430895978,20.5,21.5
2881.0,21.02039477313055,21.237788789638866,6.174158056114481,21.0,0,-0.2377887896388664,21.07396598077813,20.5,21.5
2882.0,21.017425525787147,21.277011743874134,6.1727447134715785,21.0,0,-0.27701174387413374,21.669241286226807,20.5,21.5
2883.0,21.014456589624682,21.280978140649758,6.171330477732562,21.0,0,-0.2809781406497578,21.320642108406,20.5,21.5
2884.0,21.011487964402303,21.2678649561816,6.169915349974431,21.0,0,-0.2678649561816009,21.136733111500032,20.5,21.5
2885.0,21.008519649879418,21.366047464735807,6.168499331274869,21.0,0,-0.3660474647358072,22.34787255027787,20.5,21.5
2886.0,21.005551645815697,21.36763815651078,6.167082422712235,21.0,0,-0.3676381565107789,21.383545074260496,20.5,21.5
2887.0,21.002583951971076,21.329145288852537,6.165664625365567,21.0,0,-0.329145288852537,20.944216612270118,20.5,21.5
2888.0,20.999616568105754,21.318129903991593,6.164245940314579,21.0,0,-0.31812990399159347,21.207976055382158,20.5,21.5
2889.0,20.996649493980197,21.251372119936622,6.162826368639662,21.0,0,-0.25137211993662234,20.58379427938691,20.5,21.5
2890.0,20.99368272935513,21.226460120110488,6.1614059114218795,21.0,0,-0.2264601201104881,20.977340121849146,20.5,21.5
2891.0,20.99071627399154,21.21075904794732,6.159984569742974,21.0,0,-0.21075904794732025,21.05374832631564,20.5,21.5
2892.0,20.987750127650692,21.230154708089195,6.1585623446853575,21.0,0,-0.23015470808919503,21.424111309507943,20.5,21.5
2893.0,20.984784290094098,21.19334355884493,6.157139237332117,21.0,0,-0.19334355884492993,20.82523206640228,20.5,21.5
2894.0,20.981818761083545,21.22290330609484,6.155715248767011,21.0,0,-0.22290330609483888,21.51850077859393,20.5,21.5
2895.0,20.97885354038108,21.213831306538353,6.1542903800744675,21.0,0,-0.2138313065383528,21.123111310973492,20.5,21.5
2896.0,20.97588862774902,21.31495135884751,6.152864632339586,21.0,0,-0.3149513588475088,22.32615188193907,20.5,21.5
2897.0,20.972924022949936,21.353772334968536,6.151438006648138,21.0,0,-0.3537723349685358,21.741982096178806,20.5,21.5
2898.0,20.969959725746676,21.37438375431511,6.1500105040865565,21.0,0,-0.3743837543151116,21.58049794778087,20.5,21.5
2899.0,20.966995735902344,21.41652444970871,6.148582125741951,21.0,0,-0.41652444970871016,21.837931403644696,20.5,21.5
2900.0,20.96403205318031,21.47239504647997,6.147152872702093,21.0,0,-0.47239504647997066,22.031101014192576,20.5,21.5
2901.0,20.961068677344215,21.426221528047908,6.1457227460554185,21.0,0,-0.4262215280479076,20.964486343727277,20.5,21.5
2902.0,20.958105608157958,21.371337233188758,6.1442917468910325,21.0,0,-0.37133723318875766,20.82249428459726,20.5,21.5
2903.0,20.955142845385705,21.413397760650707,6.1428598762987034,21.0,0,-0.41339776065070666,21.834003035270197,20.5,21.5
2904.0,20.952180388791888,21.45973800119638,6.141427135368863,21.0,0,-0.4597380011963814,21.92314040665313,20.5,21.5
2905.0,20.949218238141203,21.373319854884674,6.139993525192606,21.0,0,-0.3733198548846737,20.509138391767596,20.5,21.5
2906.0,20.946256393198613,21.334369657005457,6.138559046861689,21.0,0,-0.33436965700545684,20.94486767821329,20.5,21.5
2907.0,20.943294853729345,21.289904598288082,6.1371237014685285,21.0,0,-0.2899045982880821,20.845254011114335,20.5,21.5
2908.0,20.940333619498894,21.22824432676483,6.135687490106202,21.0,0,-0.22824432676483042,20.611641611532313,20.5,21.5
2909.0,20.937372690273016,21.135605171897428,6.1342504138684495,21.0,1,-0.13560517189742782,20.209213623223402,20.5,21.5
2910.0,20.954412065817735,21.06431554368203,6.1328124738496665,21.0,1,-0.06431554368203152,20.35141926152807,20.5,21.5
2911.0,20.97144774589934,21.061523370025913,6.131373671144904,21.0,1,-0.06152337002591324,21.03360163346473,20.5,21.5
2912.0,20.98847973108439,21.20303056825425,6.129934006849876,21.0,0,-0.20303056825424903,22.618102550537607,20.5,21.5
2913.0,20.98550802193954,21.175997204231884,6.128493482060948,21.0,0,-0.17599720423188359,20.90566356400823,20.5,21.5
2914.0,20.982536619031567,21.204111603301357,6.1270520978751435,21.0,0,-0.20411160330135658,21.485255593996087,20.5,21.5
2915.0,20.979565522127334,21.29294525894836,6.125609855390136,21.0,0,-0.292945258948361,22.181281815418405,20.5,21.5
2916.0,20.976594730993988,21.33891921753588,6.124166755704262,21.0,0,-0.3389192175358815,21.798658803411087,20.5,21.5
2917.0,20.97362424539893,21.260782577248314,6.122722799916499,21.0,1,-0.2607825772483139,20.479416174372638,20.5,21.5
2918.0,20.990654065109833,21.24136385329933,6.121277989126483,21.0,1,-0.24136385329932963,21.047176613809487,20.5,21.5
2919.0,21.007680189894636,21.262221711779645,6.119832324434503,21.0,1,-0.26222171177964526,21.4708002965828,20.5,21.5
2920.0,21.024702620321545,21.286789674488524,6.118385806941494,21.0,0,-0.2867896744885243,21.532469301577315,20.5,21.5
2921.0,21.021721356958867,21.278479519423072,6.116938437749042,21.0,0,-0.2784795194230725,21.195377968768554,20.5,21.5
2922.0,21.018740400375027,21.236970234267247,6.115490217959381,21.0,0,-0.23697023426724684,20.82187738270899,20.5,21.5
2923.0,21.015759750338542,21.345489897667637,6.114041148675394,21.0,0,-0.3454898976676368,22.430686531671537,20.5,21.5
2924.0,21.01277940661821,21.354060718713768,6.112591231000609,21.0,0,-0.3540607187137681,21.43976892917508,20.5,21.5
2925.0,21.00979936898309,21.382830556060913,6.111140466039204,21.0,0,-0.3828305560609131,21.670528929532363,20.5,21.5
2926.0,21.0068196372025,21.448038687159546,6.109688854895999,21.0,0,-0.44803868715954565,22.10011999814587,20.5,21.5
2927.0,21.00384021104604,21.4806960956763,6.108236398676458,21.0,0,-0.48069609567630067,21.80727018084385,20.5,21.5
2928.0,21.000861090283564,21.526676871956287,6.106783098486688,21.0,0,-0.5266768719562869,21.98648463475615,20.5,21.5
2929.0,20.997882274685203,21.536990599137567,6.105328955433444,21.0,0,-0.5369905991375674,21.640127870950373,20.5,21.5
2930.0,20.994903764021352,21.521223768386886,6.103873970624116,21.0,0,-0.5212237683868857,21.363555460880068,20.5,21.5
2931.0,20.991925558062672,21.43170509293625,6.10241814516674,21.0,0,-0.4317050929362516,20.53651833842991,20.5,21.5
2932.0,20.98894765658009,21.455951241642442,6.100961480169992,21.0,0,-0.45595124164244183,21.698412728704344,20.5,21.5
2933.0,20.985970059344808,21.32367055202154,6.099503976743182,21.0,1,-0.3236705520215395,20.000863655812516,20.5,21.5
2934.0,21.002992766128287,21.242631293402265,6.098045635996264,21.0,1,-0.2426312934022654,20.432238707209525,20.5,21.5
2935.0,21.020011776702262,21.20919481118499,6.096586459039828,21.0,1,-0.2091948111849895,20.87482998901223,20.5,21.5
2936.0,21.03702709163873,21.23462469383869,6.0951264469851,21.0,1,-0.23462469383868978,21.488923520375693,20.5,21.5
2937.0,21.0540387115098,21.164126827539455,6.093665600943944,21.0,1,-0.16412682753945518,20.45914816454711,20.5,21.5
2938.0,21.071046636887687,21.17584055985277,6.092203922028858,21.0,1,-0.17584055985276947,21.292977882985912,20.5,21.5
2939.0,21.088050868344716,21.285250307135705,6.0907414113529725,21.0,0,-0.2852503071357049,22.37934777996506,20.5,21.5
2940.0,21.085051406453317,21.369743011760136,6.089278070030055,21.0,0,-0.3697430117601357,22.214670058004444,20.5,21.5
2941.0,21.08205225178603,21.42607566791577,6.0878138991745,21.0,0,-0.42607566791577156,21.98940222947213,20.5,21.5
2942.0,21.07905340411551,21.51036812667769,6.086348899901341,21.0,0,-0.5103681266776903,22.353292714296877,20.5,21.5
2943.0,21.076054863214665,21.645657848075107,6.084883073326238,21.0,0,-0.645657848075107,22.998555062049274,20.5,21.5
2944.0,21.073056628856687,21.549855394494706,6.08341642056548,21.0,0,-0.5498553944947062,20.5918308586907,20.5,21.5
2945.0,21.07005870081503,21.511064528841718,6.081948942735988,21.0,0,-0.5110645288417182,21.123155872311838,20.5,21.5
2946.0,21.067061078863414,21.452643727688045,6.08048064095531,21.0,0,-0.45264372768804506,20.868435716151314,20.5,21.5
2947.0,21.06406376277583,21.356687644374542,6.079011516341621,21.0,1,-0.35668764437454215,20.397126811239513,20.5,21.5
2948.0,21.081066752326546,21.256935442863544,6.077541570013725,21.0,1,-0.25693544286354353,20.259413427753557,20.5,21.5
2949.0,21.098066047290082,21.29163850319187,6.076070803091051,21.0,0,-0.29163850319186935,21.638669106475128,20.5,21.5
2950.0,21.09506164824124,21.252815507884453,6.074599216693648,21.0,0,-0.25281550788445273,20.864585554810287,20.5,21.5
2951.0,21.09205755575493,21.26227072323695,6.0731268119421955,21.0,0,-0.26227072323694856,21.356822876761907,20.5,21.5
2952.0,21.089053769606167,21.29126408899898,6.071653589957993,21.0,0,-0.2912640889989788,21.58119774661928,20.5,21.5
2953.0,21.086050289570238,21.33444395340451,6.070179551862965,21.0,0,-0.3344439534045094,21.766242597459815,20.5,21.5
2954.0,21.083047115422698,21.30779669852884,6.068704698779653,21.0,0,-0.30779669852883984,21.041324149772144,20.5,21.5
2955.0,21.08004424693937,21.373342835781738,6.067229031831223,21.0,0,-0.3733428357817381,22.02880420831072,20.5,21.5
2956.0,21.077041683896347,21.40987876383155,6.06575255214146,21.0,0,-0.40987876383155,21.77523804432967,20.5,21.5
2957.0,21.074039426069994,21.441774491811877,6.0642752608347665,21.0,0,-0.4417744918118771,21.76073177161515,20.5,21.5
2958.0,21.07103747323695,21.485199799798313,6.062797159036165,21.0,0,-0.4851997997983126,21.919452879662668,20.5,21.5
2959.0,21.068035825174107,21.58574044248157,6.061318247871295,21.0,0,-0.5857404424815691,22.591146869314134,20.5,21.5
2960.0,21.065034481658646,21.61664643358374,6.059838528466411,21.0,0,-0.6166464335837389,21.925706344605437,20.5,21.5
2961.0,21.062033442468007,21.564805518796245,6.058358001948381,21.0,0,-0.5648055187962449,21.046396370921304,20.5,21.5
2962.0,21.059032707379902,21.487699141038107,6.056876669444694,21.0,0,-0.48769914103810663,20.716635363456724,20.5,21.5
2963.0,21.056032276172317,21.444549442200184,6.055394532083449,21.0,0,-0.44454944220018433,21.01305245382096,20.5,21.5
2964.0,21.0530321486235,21.352877909389917,6.053911590993355,21.0,1,-0.3528779093899175,20.43616258128725,20.5,21.5
2965.0,21.070032324511974,21.24429245371357,6.05242784730374,21.0,1,-0.24429245371356956,20.15843789695009,20.5,21.5
2966.0,21.087028803616533,21.349210843540284,6.050943302144536,21.0,0,-0.3492108435402841,22.39839474180743,20.5,21.5
2967.0,21.08402158651624,21.445267381032544,6.04945795664629,21.0,0,-0.4452673810325436,22.40583275595514,20.5,21.5
2968.0,21.081014673790264,21.401406703102612,6.047971811940158,21.0,0,-0.4014067031026123,20.9627999238033,20.5,21.5
2969.0,21.078008065217894,21.424947759874556,6.046484869157903,21.0,0,-0.4249477598745557,21.66035832759399,20.5,21.5
2970.0,21.075001760578683,21.45491757952839,6.044997129431897,21.0,0,-0.4549175795283915,21.75461577606675,20.5,21.5
2971.0,21.071995759652452,21.370917020429964,6.043508593895119,21.0,0,-0.3709170204299639,20.530911429445688,20.5,21.5
2972.0,21.0689900622193,21.316854549590076,6.042019263681153,21.0,0,-0.31685454959007586,20.776229841191196,20.5,21.5
2973.0,21.065984668059592,21.33404106438366,6.040529139924188,21.0,0,-0.33404106438365844,21.505906212319484,20.5,21.5
2974.0,21.062979576953964,21.321389374449364,6.039038223759018,21.0,0,-0.3213893744493639,21.19487247510642,20.5,21.5
2975.0,21.059974788683324,21.292212146431364,6.037546516321043,21.0,0,-0.29221214643136406,21.000439866251366,20.5,21.5
2976.0,21.05697030302885,21.194521155264983,6.0360540187462615,21.0,1,-0.19452115526498304,20.217611243601173,20.5,21.5
2977.0,21.073966119771995,21.230152732616993,6.034560732171273,21.0,0,-0.2301527326169932,21.586468506137095,20.5,21.5
2978.0,21.070958238694477,21.23621393311904,6.033066657733284,21.0,0,-0.23621393311903915,21.2968259381395,20.5,21.5
2979.0,21.067950660378283,21.201349692248336,6.031571796570095,21.0,0,-0.20134969224833554,20.8527072835413,20.5,21.5
2980.0,21.06494338460552,21.257218446323595,6.030076149820108,21.0,0,-0.2572184463235949,21.81590598707619,20.5,21.5
2981.0,21.061936411158563,21.34262268815573,6.028579718622324,21.0,0,-0.3426226881557284,22.196665106477063,20.5,21.5
2982.0,21.058929739820055,21.36584814320539,6.027082504116341,21.0,0,-0.3658481432053904,21.59810269370201,20.5,21.5
2983.0,21.055923370372913,21.391685212245203,6.025584507442351,21.0,0,-0.3916852122452035,21.650055902643334,20.5,21.5
2984.0,21.052917302600328,21.4193715033001,6.024085729741143,21.0,0,-0.4193715033000984,21.696234413849048,20.5,21.5
2985.0,21.049911536285755,21.483407456539606,6.022586172154105,21.0,0,-0.4834074565396058,22.12376698893468,20.5,21.5
2986.0,21.04690607121293,21.56326351887723,6.021085835823212,21.0,0,-0.5632635188772284,22.361824142253454,20.5,21.5
2987.0,21.043900907165852,21.541569909298293,6.019584721891037,21.0,0,-0.5415699092982926,21.324633813508935,20.5,21.5
2988.0,21.040896043928797,21.505947786914746,6.018082831500743,21.0,0,-0.5059477869147457,21.149726563079277,20.5,21.5
2989.0,21.037891481286312,21.483752311807486,6.016580165796086,21.0,0,-0.48375231180748557,21.261797560734884,20.5,21.5
2990.0,21.034887219023215,21.443259269710587,6.015076725921408,21.0,0,-0.4432592697105875,21.038328848741607,20.5,21.5
2991.0,21.031883256924594,21.208026798174707,6.013572513021648,21.0,1,-0.20802679817470704,18.855702082815903,20.5,21.5
2992.0,21.048879594775812,21.16604765030923,6.012067528242327,21.0,1,-0.1660476503092312,20.746256171654473,20.5,21.5
2993.0,21.065872232362505,21.13521422957154,6.0105617727295595,21.0,1,-0.13521422957154172,20.826880022194647,20.5,21.5
2994.0,21.08286117027058,21.225076824785845,6.009055247630039,21.0,0,-0.22507682478584456,22.123702776928873,20.5,21.5
2995.0,21.079846409086052,21.2768777618898,6.007547954091053,21.0,0,-0.27687776188979996,21.794887132929354,20.5,21.5
2996.0,21.076831949395054,21.468498684029832,6.00603989326047,21.0,0,-0.4684986840298322,23.384707905430155,20.5,21.5
2997.0,21.073817790983828,21.54619945586424,6.004531066286745,21.0,0,-0.5461994558642402,22.32320717420832,20.5,21.5
2998.0,21.07080393363889,21.665519419373204,6.003021474318915,21.0,0,-0.6655194193732044,22.858719054462846,20.5,21.5
2999.0,21.067790377147023,21.62633707984533,6.0015111185066,21.0,0,-0.6263370798453316,21.234513684566604,20.5,21.5
3000.0,21.064777121295297,21.47110574149718,6.0,21.0,1,-0.47110574149717976,19.91879235801566,20.5,21.5
3001.0,21.08176416587104,21.445623656518876,5.9984881199499,21.0,1,-0.44562365651887603,21.19080280673584,20.5,21.5
3002.0,21.098747510661855,21.431417904080714,5.996975479507661,21.0,1,-0.431417904080714,21.289360379699094,20.5,21.5
3003.0,21.115727156255623,21.382723777880905,5.995462079825224,21.0,1,-0.38272377788090495,20.895782515882814,20.5,21.5
3004.0,21.13270310324034,21.326176069837327,5.993947922055111,21.0,1,-0.3261760698373273,20.76069898940155,20.5,21.5
3005.0,21.149675352204103,21.411324258210982,5.992433007350417,21.0,0,-0.41132425821098195,22.26280614194753,20.5,21.5
3006.0,21.146643903735132,21.442566883993724,5.990917336864816,21.0,0,-0.4425668839937238,21.754993141821142,20.5,21.5
3007.0,21.143612758421757,21.383958162119555,5.989400911752556,21.0,0,-0.3839581621195549,20.797870943377866,20.5,21.5
3008.0,21.140581916052422,21.308521659947424,5.987883733168462,21.0,0,-0.30852165994742364,20.55415663822611,20.5,21.5
3009.0,21.137551376415846,21.323358497327963,5.986365802267932,21.0,0,-0.3233584973279626,21.471726871133352,20.5,21.5
3010.0,21.134521139301018,21.258074697625165,5.984847120206934,21.0,0,-0.25807469762516533,20.605236700597192,20.5,21.5
3011.0,21.1314912044972,21.298199148503777,5.983327688142014,21.0,0,-0.2981991485037767,21.69944365728989,20.5,21.5
3012.0,21.128461571793927,21.402820936264884,5.981807507230282,21.0,0,-0.40282093626488447,22.449038813875962,20.5,21.5
3013.0,21.125432240981016,21.397392073069277,5.980286578629423,21.0,0,-0.3973920730692768,21.3431034411132,20.5,21.5
3014.0,21.122403211848546,21.43783064699526,5.978764903497693,21.0,0,-0.4378306469952591,21.84221638625508,20.5,21.5
3015.0,21.119374484186874,21.461433958407433,5.97724248299391,21.0,0,-0.46143395840743295,21.69746707252917,20.5,21.5
3016.0,21.116346057786636,21.32522705868815,5.975719318277466,21.0,1,-0.3252270586881494,19.963158061495314,20.5,21.5
3017.0,21.133317932438736,21.29370112731271,5.974195410508315,21.0,1,-0.29370112731270837,20.978441813558298,20.5,21.5
3018.0,21.15028610793435,21.31300313945507,5.972670760846981,21.0,0,-0.31300313945506986,21.506023260878685,20.5,21.5
3019.0,21.14725058486493,21.275887188693726,5.9711453704545505,21.0,0,-0.2758871886937264,20.904727681080292,20.5,21.5
3020.0,21.14421536382205,21.337162393646523,5.9696192404926745,21.0,0,-0.3371623936465227,21.949914443174485,20.5,21.5
3021.0,21.14118044459738,21.428910855186825,5.968092372123567,21.0,0,-0.4289108551868246,22.346395470589844,20.5,21.5
3022.0,21.138145826982885,21.388337414208525,5.966564766510006,21.0,0,-0.3883374142085252,20.98260300442553,20.5,21.5
3023.0,21.13511151077079,21.378134086152734,5.9650364248153265,21.0,0,-0.37813408615273403,21.276100805594822,20.5,21.5
3024.0,21.1320774957536,21.396414879884894,5.96350734820343,21.0,0,-0.3964148798848939,21.579222817206492,20.5,21.5
3025.0,21.12904378172409,21.320261981498383,5.961977537838775,21.0,0,-0.32026198149838336,20.558732997633278,20.5,21.5
3026.0,21.126010368475313,21.34457816213335,5.960446994886379,21.0,0,-0.3445781621333488,21.587739968483003,20.5,21.5
3027.0,21.122977255800595,21.388488633071194,5.958915720511813,21.0,0,-0.3884886330711943,21.82759334244965,20.5,21.5
3028.0,21.119944443493537,21.50889172616782,5.957383715881214,21.0,0,-0.5088917261678212,22.71292265713409,20.5,21.5
3029.0,21.116911931348014,21.544354102212573,5.955850982161268,21.0,0,-0.5443541022125729,21.89897786266009,20.5,21.5
3030.0,21.113879719158177,21.543160052645995,5.954317520519217,21.0,0,-0.5431600526459945,21.53121955698021,20.5,21.5
3031.0,21.11084780671845,21.513218054366384,5.952783332122862,21.0,0,-0.5132180543663836,21.213798071570274,20.5,21.5
3032.0,21.10781619382353,21.55805955509522,5.951248418140551,21.0,0,-0.5580595550952197,22.00647456238358,20.5,21.5
3033.0,21.104784880268394,21.454099627182206,5.949712779741189,21.0,1,-0.454099627182206,20.41450034805207,20.5,21.5
3034.0,21.121753865848287,21.53848090219841,5.948176418094232,21.0,0,-0.5384809021984083,22.38229365236043,20.5,21.5
3035.0,21.118719150358736,21.599585644514956,5.946639334369687,21.0,0,-0.5995856445149563,22.210633067680437,20.5,21.5
3036.0,21.115684734395536,21.596883948372074,5.945101529738108,21.0,0,-0.5968839483720743,21.569866986943254,20.5,21.5
3037.0,21.112650617754603,21.532540924718177,5.943563005370602,21.0,0,-0.5325409247181767,20.8891106881792,20.5,21.5
3038.0,21.109616800232125,21.540074806108557,5.94202376243882,21.0,0,-0.5400748061085565,21.615413620012355,20.5,21.5
3039.0,21.106583281624566,21.43315154551155,5.940483802114965,21.0,1,-0.43315154551154933,20.363918939541477,20.5,21.5
3040.0,21.123550061728665,21.35419123562614,5.9389431255717815,21.0,1,-0.3541912356261392,20.564588136772038,20.5,21.5
3041.0,21.140513140341433,21.400895031800523,5.937401733982563,21.0,0,-0.4008950318005233,21.867932993544365,20.5,21.5
3042.0,21.13747251806016,21.396863730895934,5.935859628521148,21.0,0,-0.39686373089593374,21.356550721850038,20.5,21.5
3043.0,21.134432195482255,21.36830856904556,5.934316810361912,21.0,0,-0.36830856904555986,21.08275695054182,20.5,21.5
3044.0,21.13139217240523,21.385491179711476,5.932773280679783,21.0,0,-0.38549117971147595,21.557317286370637,20.5,21.5
3045.0,21.128352448626885,21.438214106270088,5.931229040650223,21.0,0,-0.43821410627008817,21.96544337185621,20.5,21.5
3046.0,21.12531302394529,21.338462800240666,5.929684091449239,21.0,1,-0.33846280024066644,20.34094973994645,20.5,21.5
3047.0,21.14227389815879,21.297674227683455,5.928138434253378,21.0,1,-0.297674227683455,20.88978850211134,20.5,21.5
3048.0,21.15923107106601,21.36882937109085,5.926592070239725,21.0,0,-0.36882937109085034,22.080380805164804,20.5,21.5
3049.0,21.156184543265844,21.38224358283508,5.9250450005859,21.0,0,-0.38224358283508053,21.516385700277382,20.5,21.5
3050.0,21.153138315357307,21.40845205076104,5.923497226470068,21.0,0,-0.4084520507610385,21.67053673002062,20.5,21.5
3051.0,21.15009238713953,21.484327382197005,5.921948749070925,21.0,0,-0.4843273821970051,22.24308069655667,20.5,21.5
3052.0,21.147046758411918,21.605596857002702,5.920399569567704,21.0,0,-0.6055968570027019,22.81829160505967,20.5,21.5
3053.0,21.14400142897415,21.591799273225075,5.918849689140171,21.0,0,-0.5917992732250745,21.4538234354488,20.5,21.5
3054.0,21.140956398626184,21.514907437648016,5.91729910896863,21.0,0,-0.5149074376480165,20.745989081877436,20.5,21.5
3055.0,21.137911667168254,21.50355484716491,5.915747830233914,21.0,0,-0.5035548471649101,21.390028942333846,20.5,21.5
3056.0,21.13486723440087,21.508718695967453,5.914195854117388,21.0,0,-0.5087186959674526,21.560357183992878,20.5,21.5
3057.0,21.131823100124812,21.42893267864353,5.912643181800951,21.0,0,-0.42893267864353035,20.63107250540431,20.5,21.5
3058.0,21.128779264141148,21.375839656638778,5.911089814467031,21.0,0,-0.37583965663877805,20.844909436591255,20.5,21.5
3059.0,21.125735726251214,21.38330353385738,5.909535753298584,21.0,0,-0.38330353385737936,21.457942306043392,20.5,21.5
3060.0,21.122692486256625,21.336401807285508,5.9079809994790935,21.0,0,-0.33640180728550817,20.867384541566796,20.5,21.5
3061.0,21.11964954395927,21.316546392859795,5.906425554192575,21.0,0,-0.31654639285979513,21.117992248602665,20.5,21.5
3062.0,21.116606899161315,21.33586634619403,5.904869418623566,21.0,0,-0.335866346194031,21.52906587953639,20.5,21.5
3063.0,21.113564551665206,21.36618905838602,5.903312593957131,21.0,0,-0.3661890583860199,21.66941618030591,20.5,21.5
3064.0,21.110522501273664,21.444293719097143,5.901755081378862,21.0,0,-0.44429371909714277,22.22534032620837,20.5,21.5
3065.0,21.107480747789683,21.476584228155808,5.900196882074871,21.0,0,-0.4765842281558079,21.79948931874246,20.5,21.5
3066.0,21.10443929101654,21.466312881997517,5.898637997231793,21.0,0,-0.4663128819975171,21.36359942041461,20.5,21.5
3067.0,21.101398130757783,21.40249032774093,5.89707842803679,21.0,0,-0.4024903277409315,20.764264785175076,20.5,21.5
3068.0,21.09835726681724,21.43563076528493,5.895518175677539,21.0,0,-0.4356307652849303,21.767035140724918,20.5,21.5
3069.0,21.09531669899901,21.373795595769664,5.893957241342242,21.0,0,-0.37379559576966415,20.755443900617003,20.5,21.5
3070.0,21.09227642710748,21.40399644767382,5.892395626219618,21.0,0,-0.40399644767381915,21.70600496671537,20.5,21.5
3071.0,21.0892364509473,21.394112791006144,5.890833331498904,21.0,0,-0.39411279100614394,21.295276224329392,20.5,21.5
3072.0,21.08619677032341,21.4052979624307,5.889270358369855,21.0,0,-0.4052979624307014,21.517149676676276,20.5,21.5
3073.0,21.08315738504102,21.414124739827855,5.887706708022744,21.0,0,-0.41412473982785514,21.502392513799393,20.5,21.5
3074.0,21.080118294905617,21.347176631944766,5.88614238164836,21.0,0,-0.347176631944766,20.677695553113875,20.5,21.5
3075.0,21.077079499722966,21.391249661742677,5.884577380438003,21.0,0,-0.39124966174267684,21.831979959721785,20.5,21.5
3076.0,21.07404099929911,21.399639571872882,5.88301170558349,21.0,0,-0.399639571872882,21.483538673174934,20.5,21.5
3077.0,21.071002793440368,21.407703001864135,5.881445358277153,21.0,0,-0.4077030018641352,21.488337301776667,20.5,21.5
3078.0,21.067964881953333,21.367554335230924,5.879878339711831,21.0,0,-0.36755433523092407,20.966067668898813,20.5,21.5
3079.0,21.064927264644886,21.438509710431894,5.878310651080876,21.0,0,-0.43850971043189446,22.1480634624416,20.5,21.5
3080.0,21.061889941322175,21.320527371795333,5.876742293578155,21.0,1,-0.3205273717953325,20.140703985429713,20.5,21.5
3081.0,21.078852911792627,21.325769424606406,5.875173268398038,21.0,1,-0.32576942460640623,21.378189952717143,20.5,21.5
3082.0,21.095812175863948,21.372911580395073,5.873603576735405,21.0,0,-0.37291158039507266,21.844333138281737,20.5,21.5
3083.0,21.09276773414412,21.35245377913832,5.872033219785646,21.0,0,-0.3524537791383189,21.14787576657078,20.5,21.5
3084.0,21.08972358724125,21.4309132163218,5.870462198744655,21.0,0,-0.4309132163218017,22.21550758815663,20.5,21.5
3085.0,21.08667973496355,21.42485383891954,5.868890514808834,21.0,0,-0.4248538389195389,21.36426006489691,20.5,21.5
3086.0,21.08363617711952,21.345779758919054,5.867318169175089,21.0,0,-0.3457797589190541,20.555038958914206,20.5,21.5
3087.0,21.08059291351793,21.268387506393378,5.865745163040828,21.0,1,-0.2683875063933776,20.494464981136613,20.5,21.5
3088.0,21.097549943967834,21.311809275801195,5.864171497603965,21.0,0,-0.31180927580119544,21.746026969879374,20.5,21.5
3089.0,21.09450326827856,21.220714836236546,5.8625971740629135,21.0,1,-0.22071483623654586,20.30977044059005,20.5,21.5
3090.0,21.111456887059717,21.262617495132083,5.8610221936165905,21.0,0,-0.26261749513208343,21.68164408408746,20.5,21.5
3091.0,21.108406800121028,21.346502010659652,5.859446557464411,21.0,0,-0.3465020106596519,22.185347165935337,20.5,21.5
3092.0,21.105357008072495,21.416119468928084,5.857870266806293,21.0,0,-0.41611946892808405,22.112294051612405,20.5,21.5
3093.0,21.10230751072424,21.376326241988984,5.856293322842646,21.0,0,-0.3763262419889841,20.978393972597985,20.5,21.5
3094.0,21.099258307886664,21.408111346012493,5.854715726774385,21.0,0,-0.4081113460124932,21.725962386247584,20.5,21.5
3095.0,21.09620939937044,21.421785870829886,5.853137479802917,21.0,0,-0.4217858708298863,21.558531119003817,20.5,21.5
3096.0,21.093160784986527,21.413955671020247,5.851558583130145,21.0,0,-0.413955671020247,21.335653672923854,20.5,21.5
3097.0,21.090112464546156,21.37820699324257,5.8499790379584695,21.0,0,-0.37820699324257134,21.020720215465815,20.5,21.5
3098.0,21.08706443786084,21.379751017402977,5.848398845490781,21.0,0,-0.37975101740297745,21.39519125900704,20.5,21.5
3099.0,21.084016704742364,21.34467224273568,5.846818006930464,21.0,0,-0.34467224273567965,20.9938844960627,20.5,21.5
3100.0,21.080969265002803,21.405298148606704,5.8452365234813985,21.0,0,-0.405298148606704,22.011557207316947,20.5,21.5
3101.0,21.0779221184545,21.43600633127078,5.843654396347952,21.0,0,-0.4360063312707787,21.743088157911526,20.5,21.5
3102.0,21.074875264910077,21.41360888335459,5.842071626734981,21.0,0,-0.41360888335459123,21.189634404192716,20.5,21.5
3103.0,21.07182870418244,21.44831126090141,5.840488215847838,21.0,0,-0.44831126090140927,21.79533503636959,20.5,21.5
3104.0,21.068782436084774,21.467658002466415,5.838904164892355,21.0,0,-0.46765800246641476,21.66112541811647,20.5,21.5
3105.0,21.065736460430536,21.35515125814311,5.837319475074857,21.0,1,-0.35515125814310977,20.23008381491006,20.5,21.5
3106.0,21.082690777033463,21.349127258326558,5.835734147602153,21.0,1,-0.34912725832655767,21.288887260161037,20.5,21.5
3107.0,21.099641385707578,21.42167064097272,5.834148183681542,21.0,0,-0.4216706409727209,22.147104467434353,20.5,21.5
3108.0,21.096588287067174,21.38240349850603,5.832561584520803,21.0,0,-0.3824034985060294,20.989732073839114,20.5,21.5
3109.0,21.093535481726665,21.43711182181648,5.830974351328199,21.0,0,-0.43711182181647956,21.98419505492098,20.5,21.5
3110.0,21.090482969500584,21.527021082415427,5.829386485312479,21.0,0,-0.5270210824154269,22.4261136884049,20.5,21.5
3111.0,21.087430750203747,21.572153542748243,5.82779798768287,21.0,0,-0.5721535427482429,22.023478146076403,20.5,21.5
3112.0,21.084378823651242,21.492962407659462,5.826208859649083,21.0,0,-0.4929624076594621,20.701051056771654,20.5,21.5
3113.0,21.08132718965844,21.490431715033573,5.82461910242131,21.0,0,-0.49043171503357286,21.46512478877468,20.5,21.5
3114.0,21.078275848040995,21.49699270269199,5.823028717210218,21.0,0,-0.4969927026919905,21.562602579276167,20.5,21.5
3115.0,21.07522479861483,21.47242840910837,5.821437705226955,21.0,0,-0.47242840910837103,21.226785473272177,20.5,21.5
3116.0,21.072174041196153,21.368636096889226,5.819846067683145,21.0,1,-0.36863609688922594,20.330712974697775,20.5,21.5
3117.0,21.08912357560145,21.34423582021217,5.818253805790892,21.0,1,-0.3442358202121696,21.100233053441606,20.5,21.5
3118.0,21.10606940164749,21.351671739436785,5.81666092076277,21.0,1,-0.3516717394367852,21.42603093168294,20.5,21.5
3119.0,21.123011519951312,21.331201303134335,5.815067413811832,21.0,1,-0.3312013031343355,21.12649694010984,20.5,21.5
3120.0,21.139949931130083,21.37468456554948,5.813473286151601,21.0,0,-0.3746845655494795,21.80951718970092,20.5,21.5
3121.0,21.13688463580109,21.420668454600634,5.811878538996076,21.0,0,-0.4206684546006336,21.880507345112175,20.5,21.5
3122.0,21.133819634581727,21.503373061822376,5.810283173559725,21.0,0,-0.5033730618223764,22.330419134039804,20.5,21.5
3123.0,21.130754927289523,21.52737837702397,5.80868719105749,21.0,0,-0.5273783770239717,21.767431529039925,20.5,21.5
3124.0,21.127690513742277,21.467360885671575,5.80709059270478,21.0,0,-0.4673608856715745,20.867185972147603,20.5,21.5
3125.0,21.12462639375807,21.411563518943897,5.805493379717475,21.0,0,-0.41156351894389687,20.85358985166712,20.5,21.5
3126.0,21.121562567155262,21.403167316903954,5.8038955533119205,21.0,0,-0.4031673169039536,21.31920529650452,20.5,21.5
3127.0,21.118499033752492,21.453708468258025,5.802297114704932,21.0,0,-0.453708468258025,21.95911998179874,20.5,21.5
3128.0,21.115435793368682,21.466933119270685,5.80069806511379,21.0,0,-0.4669331192706849,21.599179629397284,20.5,21.5
3129.0,21.11237284582303,21.454747937586788,5.79909840575624,21.0,0,-0.454747937586788,21.33289612074782,20.5,21.5
3130.0,21.10931019093502,21.486634022299476,5.797498137850493,21.0,0,-0.4866340222994765,21.80549486942636,20.5,21.5
3131.0,21.106247828524403,21.42683772636962,5.795897262615221,21.0,0,-0.4268377263696195,20.82887476707105,20.5,21.5
3132.0,21.10318575841122,21.34582164520884,5.794295781269561,21.0,0,-0.34582164520884007,20.535660833601046,20.5,21.5
3133.0,21.100123980415795,21.26033300429352,5.792693695033112,21.0,1,-0.26033300429352124,20.405446595140333,20.5,21.5
3134.0,21.11706249435872,21.282845105171575,5.79109100512593,21.0,0,-0.2828451051715746,21.507966113952108,20.5,21.5
3135.0,21.113997300060873,21.203636423189902,5.789487712768534,21.0,1,-0.20363642318990216,20.411549603373178,20.5,21.5
3136.0,21.130932398143415,21.2273157081004,5.787883819181903,21.0,1,-0.2273157081003987,21.464108557205364,20.5,21.5
3137.0,21.14786378842762,21.301121784686536,5.7862793255874685,21.0,0,-0.3011217846865364,22.039182550547913,20.5,21.5
3138.0,21.144791471535054,21.41523158162803,5.784674233207123,21.0,0,-0.4152315816280314,22.55632955104298,20.5,21.5
3139.0,21.14171944808739,21.43970304637769,5.783068543263215,21.0,0,-0.43970304637769075,21.684417693874284,20.5,21.5
3140.0,21.138647717906426,21.504964603093466,5.781462256978547,21.0,0,-0.504964603093466,22.15758017025122,20.5,21.5
3141.0,21.13557628081424,21.49386118565056,5.7798553755763775,21.0,0,-0.4938611856505588,21.382827011221487,20.5,21.5
3142.0,21.132505136633196,21.455838501880507,5.778247900280412,21.0,0,-0.4558385018805069,21.075611664179988,20.5,21.5
3143.0,21.129434285185926,21.423685848636534,5.776639832314818,21.0,0,-0.42368584863653425,21.102159316196808,20.5,21.5
3144.0,21.126363726295352,21.44677178860518,5.775031172904207,21.0,0,-0.4467717886051794,21.67763118829163,20.5,21.5
3145.0,21.123293459784673,21.42032825582619,5.773421923273641,21.0,0,-0.42032825582618827,21.155892928036277,20.5,21.5
3146.0,21.12022348547737,21.535303241084186,5.771812084648637,21.0,0,-0.5353032410841863,22.685053093664166,20.5,21.5
3147.0,21.117153803197205,21.539903410801553,5.770201658255157,21.0,0,-0.5399034108015535,21.585905107975226,20.5,21.5
3148.0,21.114084412768218,21.572870638683238,5.768590645319607,21.0,0,-0.5728706386832378,21.90254291750008,20.5,21.5
3149.0,21.11101531401473,21.517674828705328,5.766979047068848,21.0,0,-0.5176748287053279,20.96571672892623,20.5,21.5
3150.0,21.10794650676134,21.522378007338226,5.76536686473018,21.0,0,-0.5223780073382258,21.569409793667205,20.5,21.5
3151.0,21.104877990832936,21.499899471874336,5.763754099531349,21.0,0,-0.49989947187433614,21.27511411723544,20.5,21.5
3152.0,21.101809766054675,21.51110097524984,5.762140752700549,21.0,0,-0.511100975249839,21.623116009004868,20.5,21.5
3153.0,21.098741832252003,21.48070699933629,5.76052682546641,21.0,0,-0.4807069993362916,21.176767240200817,20.5,21.5
3154.0,21.095674189250644,21.54231606108752,5.758912319058011,21.0,0,-0.5423160610875186,22.15840667859979,20.5,21.5
3155.0,21.092606836876605,21.515175977511063,5.757297234704866,21.0,0,-0.5151759775110634,21.24377514174651,20.5,21.5
3156.0,21.089539774956172,21.41771595250141,5.7556815736369344,21.0,1,-0.41771595250141047,20.44311570240488,20.5,21.5
3157.0,21.10647300331591,21.37160788839598,5.7540653370846115,21.0,1,-0.3716078883959817,20.910527247341694,20.5,21.5
3158.0,21.123402521782662,21.344761097511245,5.752448526278731,21.0,1,-0.3447610975112454,21.076293188663882,20.5,21.5
3159.0,21.14032833098356,21.31542491199142,5.750831142450567,21.0,1,-0.3154249119914212,21.02206305679318,20.5,21.5
3160.0,21.157250431545854,21.372083589331076,5.749213186831825,21.0,0,-0.3720835893310763,21.938670362727628,20.5,21.5
3161.0,21.15416882409691,21.351641707731225,5.747594660654649,21.0,0,-0.3516417077312255,21.147222891732717,20.5,21.5
3162.0,21.151087509264222,21.33715818089901,5.745975565151618,21.0,0,-0.33715818089901006,21.192322912576856,20.5,21.5
3163.0,21.1480064868754,21.369264758848615,5.744355901555744,21.0,0,-0.3692647588486153,21.690330538344668,20.5,21.5
3164.0,21.144925756758337,21.403651554328423,5.742735671100471,21.0,0,-0.40365155432842315,21.7475195091265,20.5,21.5
3165.0,21.141845318741204,21.389848317760755,5.741114875019672,21.0,0,-0.38984831776075524,21.251815952084076,20.5,21.5
3166.0,21.13876517265246,21.46430054680596,5.739493514547659,21.0,0,-0.46430054680595845,22.20882283725799,20.5,21.5
3167.0,21.13568531832084,21.416790096640412,5.737871590919164,21.0,0,-0.4167900966404119,20.941685594984946,20.5,21.5
3168.0,21.13260575557536,21.415399750471472,5.736249105369356,21.0,0,-0.4153997504714724,21.401496288782077,20.5,21.5
3169.0,21.129526484245318,21.379028554281582,5.734626059133826,21.0,0,-0.37902855428158233,21.015316592382682,20.5,21.5
3170.0,21.126447504160296,21.31250883873009,5.733002453448595,21.0,0,-0.31250883873008917,20.647311683215158,20.5,21.5
3171.0,21.123368815150155,21.315573875029315,5.731378289550109,21.0,0,-0.31557387502931533,21.346224238021577,20.5,21.5
3172.0,21.120290417045034,21.358352687936122,5.729753568675239,21.0,0,-0.3583526879361223,21.786140817004192,20.5,21.5
3173.0,21.11721230967536,21.44699174075368,5.728128292061283,21.0,0,-0.4469917407536812,22.33338226892927,20.5,21.5
3174.0,21.114134492871838,21.461675230382824,5.726502460945958,21.0,0,-0.46167523038282354,21.608510126674247,20.5,21.5
3175.0,21.11105696646545,21.450619514571564,5.724876076567403,21.0,0,-0.4506195145715637,21.340062356458965,20.5,21.5
3176.0,21.10797973028747,21.441862609275034,5.723249140164185,21.0,0,-0.4418626092750344,21.35429355630974,20.5,21.5
3177.0,21.104902784169447,21.547074767864608,5.721621652975284,21.0,0,-0.5470747678646077,22.59919635376034,20.5,21.5
3178.0,21.10182612794321,21.48418534664499,5.719993616240102,21.0,0,-0.48418534664498836,20.855291134448795,20.5,21.5
3179.0,21.098749761440867,21.533832688252193,5.718365031198462,21.0,0,-0.5338326882521933,22.030306104324243,20.5,21.5
3180.0,21.09567368449482,21.62403391244829,5.716735899090601,21.0,0,-0.6240339124482901,22.526046154409258,20.5,21.5
3181.0,21.09259789693774,21.626764006026562,5.715106221157173,21.0,0,-0.626764006026562,21.65406494180928,20.5,21.5
3182.0,21.089522398602583,21.561426720020812,5.71347599863925,21.0,0,-0.5614267200208118,20.90805385996331,20.5,21.5
3183.0,21.08644718932259,21.559106862593097,5.711845232778318,21.0,0,-0.5591068625930973,21.53590828831595,20.5,21.5
3184.0,21.08337226893128,21.52041482762697,5.710213924816274,21.0,0,-0.5204148276269684,21.13349447796568,20.5,21.5
3185.0,21.080297637262458,21.447457644508347,5.708582075995432,21.0,0,-0.44745764450834713,20.717885813322134,20.5,21.5
3186.0,21.077223294150205,21.41356343889872,5.706949687558515,21.0,0,-0.41356343889871994,21.074621382802448,20.5,21.5
3187.0,21.074149239428888,21.386377159014284,5.705316760748657,21.0,0,-0.38637715901428393,21.114514360169924,20.5,21.5
3188.0,21.071075472933153,21.370445176529735,5.703683296809404,21.0,0,-0.37044517652973497,21.211125351684245,20.5,21.5
3189.0,21.068001994497926,21.373819432751095,5.702049296984709,21.0,0,-0.37381943275109464,21.40756199496469,20.5,21.5
3190.0,21.064928803958423,21.366387004085286,5.700414762518935,21.0,0,-0.36638700408528635,21.292062717427203,20.5,21.5
3191.0,21.061855901150135,21.361717411838153,5.69877969465685,21.0,0,-0.3617174118381534,21.315021489366824,20.5,21.5
3192.0,21.058783285908838,21.318734006304723,5.6971440946436305,21.0,0,-0.31873400630472304,20.88889995097042,20.5,21.5
3193.0,21.055710958070584,21.323316880940034,5.6955079637248565,21.0,0,-0.32331688094003397,21.369145627293143,20.5,21.5
3194.0,21.052638917471715,21.25071114596014,5.693871303146511,21.0,0,-0.250711145960139,20.52465379616119,20.5,21.5
3195.0,21.04956716394885,21.258344923626094,5.692234114154986,21.0,0,-0.25834492362609396,21.334682700285644,20.5,21.5
3196.0,21.04649569733889,21.25839701620835,5.69059639799707,21.0,0,-0.2583970162083489,21.258917942030898,20.5,21.5
3197.0,21.04342451747902,21.275584082074317,5.688958155919955,21.0,0,-0.2755840820743174,21.447454740734003,20.5,21.5
3198.0,21.04035362420671,21.276995413945013,5.687319389171233,21.0,0,-0.2769954139450128,21.291108732651967,20.5,21.5
3199.0,21.0372830173597,21.308996029358422,5.685680098998897,21.0,0,-0.30899602935842196,21.629002183492513,20.5,21.5
3200.0,21.03421269677603,21.420860673584006,5.684040286651338,21.0,0,-0.4208606735840057,22.539507115839843,20.5,21.5
3201.0,21.031142662294005,21.4274621698465,5.6823999533773435,21.0,0,-0.42746216984649976,21.49347713247144,20.5,21.5
3202.0,21.028072913752222,21.46625891570985,5.6807591004261,21.0,0,-0.4662589157098509,21.854226374343362,20.5,21.5
3203.0,21.02500345098956,21.409528288497867,5.679117729047189,21.0,0,-0.40952828849786727,20.84222201637803,20.5,21.5
3204.0,21.02193427384517,21.38277678672937,5.677475840490582,21.0,0,-0.38277678672936943,21.11526176904439,20.5,21.5
3205.0,21.0188653821585,21.245829215003223,5.675833436006654,21.0,1,-0.24582921500322286,19.876353497741757,20.5,21.5
3206.0,21.035796775769267,21.191441267647384,5.674190516846164,21.0,1,-0.19144126764738445,20.647561794089,20.5,21.5
3207.0,21.05272445451748,21.118241893612,5.672547084260269,21.0,1,-0.11824189361200155,20.386248153258173,20.5,21.5
3208.0,21.06964841904343,21.075682452790755,5.67090313950051,21.0,1,-0.0756824527907547,20.650088044578286,20.5,21.5
3209.0,21.08656866998752,21.124143720480692,5.669258683818827,21.0,0,-0.12414372048069211,21.608756397380066,20.5,21.5
3210.0,21.083485207990286,21.157472969566165,5.667613718467543,21.0,0,-0.15747296956616452,21.49076546042089,20.5,21.5
3211.0,21.08040203369238,21.25518494503789,5.665968244699369,21.0,0,-0.2551849450378896,22.23230469975514,20.5,21.5
3212.0,21.07731914693458,21.391403763970462,5.664322263767406,21.0,0,-0.3914037639704624,22.75359195329619,20.5,21.5
3213.0,21.07423654755795,21.39969898203672,5.662675776925143,21.0,0,-0.39969898203672116,21.48265116269931,20.5,21.5
3214.0,21.07115423540382,21.335508666332764,5.6610287854264465,21.0,0,-0.335508666332764,20.693605509293192,20.5,21.5
3215.0,21.068072210313826,21.418741509788255,5.659381290525575,21.0,0,-0.418741509788255,22.251069944343165,20.5,21.5
3216.0,21.064990472129868,21.35496750252566,5.6577332934771665,21.0,0,-0.35496750252566045,20.717227429899715,20.5,21.5
3217.0,21.061909020694138,21.24663602642198,5.656084795536243,21.0,1,-0.24663602642198157,20.163321265385193,20.5,21.5
3218.0,21.078827855849106,21.320442541326123,5.654435797958208,21.0,0,-0.3204425413261234,22.05850769036754,20.5,21.5
3219.0,21.07574297743753,21.282819942507437,5.6527863019988445,21.0,0,-0.28281994250743736,20.906593954320577,20.5,21.5
3220.0,21.07265838610244,21.19960527592226,5.651136308914314,21.0,1,-0.1996052759222593,20.36745861007048,20.5,21.5
3221.0,21.089574081687,21.25039013888088,5.649485819961159,21.0,0,-0.25039013888088135,21.758238768467102,20.5,21.5
3222.0,21.086486064034656,21.304386091225854,5.647834836396299,21.0,0,-0.30438609122585447,21.844345614675586,20.5,21.5
3223.0,21.083398333789127,21.297943042459302,5.64618335947703,21.0,0,-0.2979430424593019,21.233512554793776,20.5,21.5
3224.0,21.080310890794266,21.335956049518433,5.644531390461022,21.0,0,-0.3359560495184333,21.716086120109747,20.5,21.5
3225.0,21.0772237348942,21.396623511010315,5.642878930606323,21.0,0,-0.3966235110103149,22.00329812592913,20.5,21.5
3226.0,21.074136865933344,21.40150369887467,5.6412259811713525,21.0,0,-0.4015036988746701,21.450305577518222,20.5,21.5
3227.0,21.071050283756392,21.29416511709532,5.639572543414903,21.0,1,-0.29416511709532145,20.220779299301835,20.5,21.5
3228.0,21.087963988208323,21.291931121632285,5.63791861859614,21.0,1,-0.29193112163228463,21.269591167001916,20.5,21.5
3229.0,21.1048739791344,21.340057868312392,5.636264207974599,21.0,0,-0.3400578683123925,21.82132533511347,20.5,21.5
3230.0,21.101780257180167,21.31044484084214,5.634609312810185,21.0,0,-0.3104448408421412,21.01431456613963,20.5,21.5
3231.0,21.098686822991294,21.260685203841472,5.632953934363172,21.0,0,-0.2606852038414722,20.763088833834782,20.5,21.5
3232.0,21.095593676413568,21.299962622276094,5.631298073894206,21.0,0,-0.2999626222760945,21.692736806622317,20.5,21.5
3233.0,21.092500817293065,21.32468532788611,5.629641732664292,21.0,0,-0.3246853278861117,21.571912383986284,20.5,21.5
3234.0,21.08940824547614,21.315833743231636,5.627984911934809,21.0,0,-0.3158337432316358,21.227317896686877,20.5,21.5
3235.0,21.086315960809433,21.25200515208109,5.6263276129675,21.0,0,-0.25200515208108953,20.613719240575627,20.5,21.5
3236.0,21.083223963139865,21.28057297695152,5.624669837024466,21.0,0,-0.2805729769515217,21.566251225655844,20.5,21.5
3237.0,21.08013225231464,21.35663698825248,5.623011585368176,21.0,0,-0.3566369882524789,22.11727710126205,20.5,21.5
3238.0,21.07704082818125,21.372106281736347,5.621352859261464,21.0,0,-0.37210628173634674,21.526799216575025,20.5,21.5
3239.0,21.073949690587465,21.43013945719311,5.619693659967519,21.0,0,-0.43013945719311053,22.01047121176075,20.5,21.5
3240.0,21.07085883938134,21.450224003972995,5.618033988749896,21.0,0,-0.4502240039729948,21.651069471771837,20.5,21.5
3241.0,21.067768274411215,21.463158208476553,5.616373846872504,21.0,0,-0.4631582084765533,21.59250025351214,20.5,21.5
3242.0,21.064677995525706,21.392331751986184,5.6147132355996145,21.0,0,-0.392331751986184,20.68406718708249,20.5,21.5
3243.0,21.06158800257372,21.31041222692938,5.613052156195856,21.0,1,-0.31041222692937964,20.491216976361336,20.5,21.5
3244.0,21.078498295404447,21.259430991183795,5.611390609926211,21.0,1,-0.25943099118379465,20.749618633727945,20.5,21.5
3245.0,21.095404873867352,21.29344179458962,5.609728598056021,21.0,0,-0.2934417945896186,21.63354982864786,20.5,21.5
3246.0,21.092307738612188,21.319771598227014,5.608066121850982,21.0,0,-0.31977159822701395,21.583069634600967,20.5,21.5
3247.0,21.089210890288836,21.419657544283233,5.606403182577136,21.0,0,-0.41965754428323265,22.41851700484542,20.5,21.5
3248.0,21.086114328747293,21.460138018495094,5.604739781500889,21.0,0,-0.46013801849509406,21.864942760613708,20.5,21.5
3249.0,21.083018053837844,21.49407555510899,5.603075919888992,21.0,0,-0.4940755551089886,21.833450921247934,20.5,21.5
3250.0,21.079922065411054,21.447143739668746,5.601411599008546,21.0,0,-0.4471437396687463,20.977825585266324,20.5,21.5
3251.0,21.076826363317775,21.401583522425113,5.599746820127007,21.0,0,-0.4015835224251134,20.945981349988784,20.5,21.5
3252.0,21.073730947409135,21.364414169476184,5.598081584512174,21.0,0,-0.3644141694761842,20.992720639986892,20.5,21.5
3253.0,21.070635817536555,21.317732743873822,5.596415893432197,21.0,0,-0.31773274387382244,20.850918487850205,20.5,21.5
3254.0,21.067540973551733,21.264589991139516,5.5947497481555715,21.0,0,-0.2645899911395162,20.733162463796454,20.5,21.5
3255.0,21.064446415306655,21.28056360346559,5.593083149951142,21.0,0,-0.28056360346559117,21.44029972672634,20.5,21.5
3256.0,21.061352142653583,21.271742164415535,5.591416100088093,21.0,0,-0.2717421644155351,21.183527773914975,20.5,21.5
3257.0,21.05825815544507,21.30957860316815,5.589748599835958,21.0,0,-0.30957860316814845,21.68794299069428,20.5,21.5
3258.0,21.055164453533948,21.30408338799682,5.588080650464608,21.0,0,-0.304083387996819,21.249131236283525,20.5,21.5
3259.0,21.052071036773334,21.283132815783734,5.586412253244261,21.0,0,-0.28313281578373406,21.073627093652885,20.5,21.5
3260.0,21.048977905016628,21.328619892909657,5.5847434094454735,21.0,0,-0.3286198929096571,21.783490664168887,20.5,21.5
3261.0,21.045885058117513,21.29763211994707,5.583074120339143,21.0,0,-0.29763211994707106,20.98775439032121,20.5,21.5
3262.0,21.04279249592996,21.22846532709392,5.581404387196506,21.0,0,-0.22846532709392164,20.536797398562427,20.5,21.5
3263.0,21.039700218308212,21.2595582559264,5.579734211289136,21.0,0,-0.25955825592640025,21.570487544251186,20.5,21.5
3264.0,21.036608225106807,21.306457308418565,5.578063593888944,21.0,0,-0.30645730841856533,21.775447833340216,20.5,21.5
3265.0,21.033516516180562,21.263013739089804,5.5763925362681785,21.0,0,-0.2630137390898035,20.828578045802185,20.5,21.5
3266.0,21.03042509138458,21.362768260308826,5.5747210396994245,21.0,0,-0.36276826030882603,22.36031347249905,20.5,21.5
3267.0,21.027333950574242,21.340885318035944,5.573049105455596,21.0,0,-0.34088531803594435,21.122055895307128,20.5,21.5
3268.0,21.024243093605218,21.301206485614802,5.571376734809948,21.0,0,-0.30120648561480223,20.90441816140338,20.5,21.5
3269.0,21.02115252033346,21.283223184582035,5.569703929036059,21.0,0,-0.28322318458203455,21.103390174254358,20.5,21.5
3270.0,21.0180622306152,21.32339121250603,5.568030689407845,21.0,0,-0.3233912125060314,21.725071491746,20.5,21.5
3271.0,21.01497222430696,21.2576229525579,5.566357017199552,21.0,0,-0.2576229525578988,20.599940353076573,20.5,21.5
3272.0,21.01188250126554,21.26960324853156,5.564682913685753,21.0,0,-0.2696032485315598,21.38940620826817,20.5,21.5
3273.0,21.008793061348022,21.282707907192034,5.563008380141352,21.0,0,-0.28270790719203376,21.413754493796773,20.5,21.5
3274.0,21.00570390441178,21.28216181597622,5.561333417841576,21.0,0,-0.28216181597622025,21.276700903818085,20.5,21.5
3275.0,21.002615030314466,21.28920295130775,5.5596580280619845,21.0,0,-0.2892029513077503,21.35961430462305,20.5,21.5
3276.0,20.999526438914014,21.268692128454145,5.557982212078459,21.0,0,-0.2686921284541448,21.06358389991809,20.5,21.5
3277.0,20.996438130068647,21.287038855949387,5.556305971167205,21.0,0,-0.28703885594938683,21.470506130901807,20.5,21.5
3278.0,20.993350103636867,21.356234760322224,5.554629306604755,21.0,0,-0.35623476032222356,22.04819380405059,20.5,21.5
3279.0,20.990262359477462,21.410841602526652,5.552952219667962,21.0,0,-0.41084160252665214,21.956910024570938,20.5,21.5
3280.0,20.9871748974495,21.415876886775454,5.551274711633998,21.0,0,-0.41587688677545387,21.46622972926347,20.5,21.5
3281.0,20.984087717412336,21.41906891840785,5.549596783780362,21.0,0,-0.41906891840784866,21.450989234731797,20.5,21.5
3282.0,20.98100081922561,21.381883782228503,5.547918437384865,21.0,0,-0.3818837822285026,21.010032420435042,20.5,21.5
3283.0,20.977914202749243,21.366103012999595,5.546239673725643,21.0,0,-0.366103012999595,21.20829532071052,20.5,21.5
3284.0,20.974827867843437,21.31820567282008,5.544560494081149,21.0,0,-0.3182056728200813,20.839232271024944,20.5,21.5
3285.0,20.971741814368684,21.299670586581033,5.542880899730149,21.0,0,-0.2996705865810334,21.114319724190555,20.5,21.5
3286.0,20.968656042185756,21.254488045484116,5.541200891951728,21.0,0,-0.2544880454841163,20.802662634514945,20.5,21.5
3287.0,20.96557055115571,21.241757659512558,5.539520472025284,21.0,0,-0.24175765951255812,21.114453799796976,20.5,21.5
3288.0,20.962485341139885,21.21893008842967,5.537839641230532,21.0,0,-0.2189300884296692,20.99065437760078,20.5,21.5
3289.0,20.959400411999905,21.16188202108107,5.536158400847496,21.0,0,-0.16188202108106964,20.591401347595074,20.5,21.5
3290.0,20.956315763597676,21.136277070664995,5.534476752156514,21.0,0,-0.1362770706649954,20.880227566504253,20.5,21.5
3291.0,20.953231395795388,21.234711676321297,5.532794696438235,21.0,0,-0.23471167632129664,22.21905773288431,20.5,21.5
3292.0,20.950147308455517,21.28679806438143,5.531112234973618,21.0,0,-0.2867980643814292,21.807661944982755,20.5,21.5
3293.0,20.94706350144082,21.217177150589606,5.529429369043929,21.0,0,-0.21717715058960607,20.520968012671375,20.5,21.5
3294.0,20.94397997461434,21.23239529774842,5.527746099930746,21.0,0,-0.23239529774841827,21.38457676933654,20.5,21.5
3295.0,20.9408967278394,21.216212596010827,5.52606242891595,21.0,0,-0.21621259601082699,21.054385578634914,20.5,21.5
3296.0,20.937813760979616,21.19722746187549,5.52437835728173,21.0,0,-0.19722746187548879,21.007376120522107,20.5,21.5
3297.0,20.934731073898877,21.157233501438938,5.522693886310579,21.0,0,-0.1572335014389381,20.75729389707343,20.5,21.5
3298.0,20.93164866646136,21.19292790562467,5.521009017285297,21.0,0,-0.19292790562467133,21.549871947482004,20.5,21.5
3299.0,20.928566538531523,21.151699662955803,5.519323751488983,21.0,0,-0.15169966295580295,20.73941723626712,20.5,21.5
3300.0,20.925484689974116,21.162699703623495,5.5176380902050415,21.0,0,-0.1626997036234954,21.27270011030042,20.5,21.5
3301.0,20.922403120654163,21.187585001669753,5.515952034717177,21.0,0,-0.18758500166975267,21.436437982132325,20.5,21.5
3302.0,20.919321830436974,21.200006438173283,5.514265586309393,21.0,0,-0.20000643817328267,21.324220803208583,20.5,21.5
3303.0,20.91624081918815,21.204704681932384,5.512578746265993,21.0,0,-0.2047046819323839,21.251687119523396,20.5,21.5
3304.0,20.913160086773566,21.265856601731464,5.510891515871581,21.0,0,-0.2658566017314641,21.877375799722266,20.5,21.5
3305.0,20.910079633059386,21.275317204903285,5.509203896411055,21.0,0,-0.2753172049032848,21.369923236621492,20.5,21.5
3306.0,20.906999457912057,21.20618865352096,5.507515889169611,21.0,0,-0.20618865352096094,20.514903139697722,20.5,21.5
3307.0,20.903919561198308,21.16844394737127,5.50582749543274,21.0,0,-0.16844394737126933,20.790996885874353,20.5,21.5
3308.0,20.900839942785154,21.189440811887373,5.504138716486228,21.0,0,-0.18944081188737272,21.399409457048407,20.5,21.5
3309.0,20.897760602539893,21.21007936836082,5.5024495536161515,21.0,0,-0.21007936836081953,21.416464933095288,20.5,21.5
3310.0,20.894681540330108,21.188775554787014,5.500760008108883,21.0,0,-0.18877555478701424,20.97573741904896,20.5,21.5
3311.0,20.891602756023662,21.18614321412321,5.499070081251085,21.0,0,-0.18614321412320933,21.15981980748516,20.5,21.5
3312.0,20.888524249488707,21.1864597653639,5.49737977432971,21.0,0,-0.18645976536389952,21.1896252777708,20.5,21.5
3313.0,20.885446020593676,21.073883102868436,5.495689088632,21.0,1,-0.07388310286843591,19.9481164779138,20.5,21.5
3314.0,20.902368069207284,21.06301337430306,5.493998025445486,21.0,1,-0.0630133743030612,20.954316088649314,20.5,21.5
3315.0,20.919286395198533,21.114709338652872,5.492306586057986,21.0,0,-0.11470933865287236,21.631668982150984,20.5,21.5
3316.0,20.916200999236704,21.16256184301431,5.490614771757604,21.0,0,-0.1625618430143092,21.641086886628678,20.5,21.5
3317.0,20.913115881991207,21.195386223969827,5.488922583832734,21.0,0,-0.19538622396982674,21.523630033525002,20.5,21.5
3318.0,20.910031043331575,21.291817623301853,5.487230023572046,21.0,0,-0.2918176233018528,22.256131616622113,20.5,21.5
3319.0,20.906946483127623,21.258063166370437,5.485537092264499,21.0,0,-0.25806316637043736,20.920518597056283,20.5,21.5
3320.0,20.90386220124945,21.19128729791928,5.483843791199336,21.0,0,-0.19128729791928123,20.52352861340772,20.5,21.5
3321.0,20.90077819756744,21.142271798638824,5.482150121666077,21.0,0,-0.14227179863882355,20.652116805834247,20.5,21.5
3322.0,20.89769447195226,21.17981498459043,5.480456084954528,21.0,0,-0.1798149845904291,21.555246844106485,20.5,21.5
3323.0,20.89461102427486,21.181804098235954,5.478761682354769,21.0,0,-0.18180409823595411,21.201695234691204,20.5,21.5
3324.0,20.891527854406476,21.21734711599655,5.477066915157162,21.0,0,-0.21734711599654943,21.572777293602503,20.5,21.5
3325.0,20.888444962218625,21.187612539480813,5.475371784652347,21.0,0,-0.18761253948081347,20.890266774323454,20.5,21.5
3326.0,20.88536234758311,21.26539920167594,5.473676292131238,21.0,0,-0.26539920167594033,22.04326582362721,20.5,21.5
3327.0,20.88228001037202,21.29654243808862,5.471980438885026,21.0,0,-0.29654243808861835,21.6079748022154,20.5,21.5
3328.0,20.879197950457723,21.24147038713217,5.47028422620518,21.0,0,-0.24147038713217128,20.6907498775677,20.5,21.5
3329.0,20.876116167712873,21.225261431883105,5.468587655383438,21.0,0,-0.225261431883105,21.063171879392442,20.5,21.5
3330.0,20.873034662010408,21.282144787638764,5.466890727711811,21.0,0,-0.2821447876387637,21.85097834519535,20.5,21.5
3331.0,20.869953433223547,21.222935893133425,5.465193444482585,21.0,0,-0.22293589313342466,20.630846948080034,20.5,21.5
3332.0,20.866872481225798,21.076103805940157,5.463495806988314,21.0,1,-0.07610380594015709,19.60778293400748,20.5,21.5
3333.0,20.88379180589095,21.144149352514095,5.461797816521824,21.0,0,-0.1441493525140949,21.824604818253473,20.5,21.5
3334.0,20.880707407093077,21.112966581232683,5.460099474376209,21.0,0,-0.11296658123268344,20.80113886841857,20.5,21.5
3335.0,20.877623285506534,21.033682107050424,5.458400781844829,21.0,1,-0.03368210705042429,20.240837365227833,20.5,21.5
3336.0,20.8945394410058,20.980444170426367,5.456701740221312,21.0,1,0.019555829573633332,20.44806480418579,20.5,21.5
3337.0,20.911451873465644,21.056398095868907,5.455002350799552,21.0,0,-0.056398095868907205,21.815937350294313,20.5,21.5
3338.0,20.908360583561112,21.008788385721292,5.45330261487371,21.0,0,-0.008788385721292258,20.532691284245143,20.5,21.5
3339.0,20.905269571967374,21.032528151073983,5.451602533738207,21.0,0,-0.03252815107398277,21.269925804600888,20.5,21.5
3340.0,20.902178838559728,21.038581734455224,5.449902108687731,21.0,0,-0.03858173445522439,21.09911756826764,20.5,21.5
3341.0,20.899088383213755,21.096025142172245,5.448201341017226,21.0,0,-0.09602514217224467,21.670459219342447,20.5,21.5
3342.0,20.895998205805316,21.032251583899743,5.4465002320219025,21.0,1,-0.03225158389974325,20.39451600117473,20.5,21.5
3343.0,20.91290830621056,21.0426680902111,5.44479878299723,21.0,1,-0.04266809021110163,21.146833153324685,20.5,21.5
3344.0,20.929814684305917,21.062175475874348,5.4430969952389345,21.0,1,-0.062175475874347796,21.25724933250681,20.5,21.5
3345.0,20.946717340768103,21.090573735922383,5.441394870043003,21.0,1,-0.09057373592238349,21.37455633640274,20.5,21.5
3346.0,20.963616276273957,21.11023950269409,5.4396924087056755,21.0,1,-0.110239502694089,21.306897170411144,20.5,21.5
3347.0,20.980511491500444,21.193294645953095,5.4379896125234515,21.0,0,-0.1932946459530953,22.02384607854316,20.5,21.5
3348.0,20.97740298712465,21.21362111939082,5.4362864827930855,21.0,0,-0.21362111939081885,21.416885853768054,20.5,21.5
3349.0,20.97429476382378,21.222361832097405,5.434583020811583,21.0,0,-0.22236183209740545,21.30976895916327,20.5,21.5
3350.0,20.97118682147518,21.251438615347126,5.432879227876206,21.0,0,-0.2514386153471264,21.542206447844336,20.5,21.5
3351.0,20.96807915995646,21.252749785229703,5.431175105284466,21.0,0,-0.25274978522970315,21.26586148405547,20.5,21.5
3352.0,20.964971779145525,21.26931024046762,5.429470654334127,21.0,0,-0.26931024046762175,21.434914792846808,20.5,21.5
3353.0,20.961864678920563,21.24340109356737,5.4277658763232015,21.0,0,-0.24340109356737116,20.984309624564865,20.5,21.5
3354.0,20.958757859160045,21.194361977542293,5.4260607725499534,21.0,0,-0.19436197754229312,20.703970817291513,20.5,21.5
3355.0,20.955651319742724,21.18644221825442,5.424355344312892,21.0,0,-0.1864422182544203,21.107244625375692,20.5,21.5
3356.0,20.95254506054764,21.182711387033315,5.422649592910778,21.0,0,-0.18271138703331502,21.145403074822262,20.5,21.5
3357.0,20.949439081454113,21.141539562378654,5.420943519642612,21.0,0,-0.14153956237865373,20.72982131583204,20.5,21.5
3358.0,20.946333382341752,21.06004547076385,5.419237125807644,21.0,1,-0.060045470763849806,20.24510455461581,20.5,21.5
3359.0,20.963227963090446,21.078270615173626,5.417530412705367,21.0,1,-0.07827061517362566,21.260522059271384,20.5,21.5
3360.0,20.98011882358037,21.116054679374727,5.415823381635518,21.0,1,-0.11605467937472724,21.493895321385743,20.5,21.5
3361.0,20.99700596449198,21.086243714762976,5.414116033898076,21.0,1,-0.08624371476297554,20.78813406864546,20.5,21.5
3362.0,21.01388938650586,21.156912140789398,5.412408370793259,21.0,0,-0.15691214078939808,21.863596401053623,20.5,21.5
3363.0,21.010769090302716,21.31230095725784,5.410700393621528,21.0,0,-0.3123009572578397,22.866189121942256,20.5,21.5
3364.0,21.00764907656338,21.313689709069465,5.408992103683581,21.0,0,-0.3136897090694646,21.327577227185714,20.5,21.5
3365.0,21.0045293451688,21.244794256863084,5.407283502280355,21.0,0,-0.24479425686308431,20.55583973479928,20.5,21.5
3366.0,21.001409896000226,21.338060464868192,5.405574590713025,21.0,0,-0.3380604648681924,22.270722544919273,20.5,21.5
3367.0,20.998290728939168,21.331031400143935,5.403865370283002,21.0,0,-0.3310314001439352,21.260740752901363,20.5,21.5
3368.0,20.995171843867436,21.287144303653907,5.40215584229193,21.0,0,-0.287144303653907,20.848273338753625,20.5,21.5
3369.0,20.992053240667122,21.334609433630455,5.40044600804169,21.0,0,-0.3346094336304546,21.80926073339593,20.5,21.5
3370.0,20.988934919220597,21.313967482815706,5.398735868834395,21.0,0,-0.3139674828157055,21.107547974668215,20.5,21.5
3371.0,20.98581687941052,21.250611901573066,5.39702542597239,21.0,0,-0.2506119015730661,20.617056089146672,20.5,21.5
3372.0,20.982699121119833,21.2126761680046,5.3953146807582515,21.0,0,-0.21267616800459876,20.833318832319925,20.5,21.5
3373.0,20.97958164423176,21.20966994485819,5.393603634494789,21.0,0,-0.20966994485819157,21.17960771339412,20.5,21.5
3374.0,20.976464448629812,21.258295849931002,5.391892288485036,21.0,0,-0.2582958499310024,21.74455490065911,20.5,21.5
3375.0,20.973347534197785,21.339951480215433,5.390180644032256,21.0,0,-0.33995148021543287,22.156507783059737,20.5,21.5
3376.0,20.97023090081975,21.361669477699085,5.388468702439944,21.0,0,-0.36166947769908475,21.578849452535604,20.5,21.5
3377.0,20.967114548380074,21.337000799626036,5.386756465011816,21.0,0,-0.33700079962603624,21.09031401889555,20.5,21.5
3378.0,20.9639984767634,21.315645831120623,5.385043933051816,21.0,0,-0.31564583112062294,21.10209614606649,20.5,21.5
3379.0,20.960882685854656,21.262723305721664,5.38333110786411,21.0,0,-0.26272330572166425,20.733498051732077,20.5,21.5
3380.0,20.957767175539058,21.270015740116925,5.38161799075309,21.0,0,-0.270015740116925,21.342940084069532,20.5,21.5
3381.0,20.9546519457021,21.141524655753706,5.37990458302337,21.0,1,-0.14152465575370599,19.856613812121516,20.5,21.5
3382.0,20.971536996229563,21.174308998458326,5.378190885979782,21.0,0,-0.1743089984583257,21.502152425504523,20.5,21.5
3383.0,20.968418327007512,21.267177161179283,5.3764769009273845,21.0,0,-0.2671771611792835,22.19585878838886,20.5,21.5
3384.0,20.965299938722296,21.23895044313829,5.37476262917145,21.0,0,-0.23895044313828961,20.95668326272835,20.5,21.5
3385.0,20.962181831260388,21.15770878310322,5.373048072017469,21.0,1,-0.1577087831032209,20.345292182752534,20.5,21.5
3386.0,20.97906400450854,21.26151432373073,5.371333230771154,21.0,0,-0.26151432373072936,22.299569730005814,20.5,21.5
3387.0,20.975942458353792,21.280161941780577,5.369618106738431,21.0,0,-0.28016194178057674,21.46663812227905,20.5,21.5
3388.0,20.97282119348347,21.249632998084074,5.367902701225439,21.0,0,-0.24963299808407413,20.944343561119048,20.5,21.5
3389.0,20.969700209785017,21.260588030306728,5.366187015538539,21.0,0,-0.26058803030672806,21.370138352533267,20.5,21.5
3390.0,20.966579507146168,21.341359493136725,5.364471050984296,21.0,0,-0.341359493136725,22.149074121436694,20.5,21.5
3391.0,20.963459085454936,21.264315307197503,5.362754808869492,21.0,1,-0.26431530719750285,20.49387344780528,20.5,21.5
3392.0,20.98033894459962,21.22796498400293,5.36103829050112,21.0,1,-0.22796498400293075,20.86446175205721,20.5,21.5
3393.0,20.9972150844688,21.271303370138703,5.359321497186385,21.0,0,-0.2713033701387033,21.70468723149643,20.5,21.5
3394.0,20.99408750575134,21.287457923010535,5.3576044302326995,21.0,0,-0.2874579230105354,21.449003451728856,20.5,21.5
3395.0,20.990960209136237,21.24316944349759,5.355887090947684,21.0,0,-0.24316944349758884,20.800284648368123,20.5,21.5
3396.0,20.9878331945126,21.37652405307445,5.354169480639166,21.0,0,-0.37652405307445136,22.710070148843077,20.5,21.5
3397.0,20.984706461769825,21.36509874481974,5.352451600615184,21.0,0,-0.3650987448197398,21.250845662272624,20.5,21.5
3398.0,20.981580010797593,21.332286557076547,5.350733452183974,21.0,0,-0.33228655707654653,21.004164679644614,20.5,21.5
3399.0,20.97845384148587,21.37195412254349,5.3490150366539835,21.0,0,-0.3719541225434888,21.76862977721291,20.5,21.5
3400.0,20.975327953724904,21.512350647163114,5.347296355333861,21.0,0,-0.5123506471631138,22.916315893359364,20.5,21.5
3401.0,20.972202347405226,21.413560225720026,5.3455774095324555,21.0,1,-0.41356022572002615,20.42565601128915,20.5,21.5
3402.0,20.98907702241765,21.401587884753802,5.343858200558819,21.0,1,-0.4015878847538019,21.28186447509156,20.5,21.5
3403.0,21.00594797865328,21.435696812615554,5.342138729722206,21.0,0,-0.4356968126155536,21.77678609123307,20.5,21.5
3404.0,21.00281521680349,21.286280219015673,5.340418998332066,21.0,1,-0.2862802190156728,19.792114283016865,20.5,21.5
3405.0,21.019682737559798,21.22362550426181,5.3386990076980485,21.0,1,-0.22362550426181116,20.597078356723195,20.5,21.5
3406.0,21.036546540813827,21.24769046056599,5.336978759130005,21.0,1,-0.2476904605659911,21.48834002360779,20.5,21.5
3407.0,21.05340662725749,21.255621209807835,5.335258253937978,21.0,1,-0.25562120980783476,21.33492870222627,20.5,21.5
3408.0,21.070262997582827,21.186433432475162,5.333537493432204,21.0,1,-0.18643343247516242,20.49455565914844,20.5,21.5
3409.0,21.087115652481998,21.3813889612359,5.3318164789231215,21.0,0,-0.38138896123589916,23.330944248843267,20.5,21.5
3410.0,21.083964592647288,21.413375058022954,5.330095211721355,21.0,0,-0.4133750580229538,21.7332360258935,20.5,21.5
3411.0,21.0808138187711,21.489930684718875,5.328373693137727,21.0,0,-0.4899306847188747,22.255486951678083,20.5,21.5
3412.0,21.077663330745974,21.534513175455857,5.326651924483245,21.0,0,-0.5345131754558565,21.980338082825675,20.5,21.5
3413.0,21.074513128464723,21.548262394305432,5.324929907069113,21.0,0,-0.5482623943054321,21.685754582801188,20.5,21.5
3414.0,21.071363211820444,21.44233773418714,5.3232076422067225,21.0,1,-0.4423377341871415,20.383091133004235,20.5,21.5
3415.0,21.088213580706523,21.44085831736874,5.321485131207652,21.0,1,-0.4408583173687397,21.42606414918472,20.5,21.5
3416.0,21.105060235016623,21.490165234367794,5.31976237538367,21.0,0,-0.4901652343677938,21.983234404358335,20.5,21.5
3417.0,21.101903175444697,21.486471568766095,5.3180393760467295,21.0,0,-0.48647156876609543,21.44953491274911,20.5,21.5
3418.0,21.098746402684817,21.460215316537916,5.316316134508967,21.0,0,-0.4602153165379157,21.19765279425612,20.5,21.5
3419.0,21.095589916631184,21.49760762498136,5.314592652082709,21.0,0,-0.49760762498135946,21.871530709415797,20.5,21.5
3420.0,21.092433717178274,21.405996354417667,5.312868930080462,21.0,1,-0.4059963544176668,20.48988364878074,20.5,21.5
3421.0,21.109277804220856,21.34673664315251,5.311144969814913,21.0,1,-0.34673664315251074,20.75413953050095,20.5,21.5
3422.0,21.126118177653975,21.367865134786538,5.309420772598937,21.0,0,-0.3678651347865376,21.579150051126806,20.5,21.5
3423.0,21.122954838172966,21.388987982029978,5.307696339745581,21.0,0,-0.38898798202997753,21.600216454464377,20.5,21.5
3424.0,21.11979178647328,21.345741157051968,5.305971672568077,21.0,0,-0.3457411570519682,20.913272907271875,20.5,21.5
3425.0,21.116629022450496,21.435399299284065,5.304246772379833,21.0,0,-0.4353992992840645,22.331980721605028,20.5,21.5
3426.0,21.11346654600048,21.400679826197038,5.302521640494438,21.0,0,-0.4006798261970381,21.053485095326774,20.5,21.5
3427.0,21.11030435701938,21.43286308783895,5.300796278225654,21.0,0,-0.43286308783894967,21.754695704258065,20.5,21.5
3428.0,21.107142455403622,21.44968802020618,5.299070686887419,21.0,0,-0.4496880202061817,21.617937343878502,20.5,21.5
3429.0,21.103980841049918,21.50957044063794,5.297344867793846,21.0,0,-0.5095704406379404,22.108394644955528,20.5,21.5
3430.0,21.100819513855267,21.496742106389043,5.295618822259222,21.0,0,-0.4967421063890427,21.368458763900065,20.5,21.5
3431.0,21.097658473716947,21.503510409420716,5.293892551598003,21.0,0,-0.5035104094207163,21.571193439737453,20.5,21.5
3432.0,21.094497720532523,21.404058087296946,5.292166057124823,21.0,1,-0.4040580872969457,20.40953486605924,20.5,21.5
3433.0,21.111337254199842,21.40180971329517,5.290439340154482,21.0,1,-0.4018097132951688,21.3793259732774,20.5,21.5
3434.0,21.128173074617035,21.352215105366756,5.288712402001948,21.0,1,-0.3522151053667564,20.856269026082632,20.5,21.5
3435.0,21.14500518248251,21.35158311454351,5.286985243982358,21.0,1,-0.35158311454350866,21.34526320631103,20.5,21.5
3436.0,21.16183357849481,21.407165523694886,5.2852578674110235,21.0,0,-0.4071655236948857,21.962989615208656,20.5,21.5
3437.0,21.158658263352596,21.535476346385927,5.2835302736034135,21.0,0,-0.5354763463859271,22.81858457329634,20.5,21.5
3438.0,21.155483237754645,21.519468478931792,5.281802463875165,21.0,0,-0.5194684789317918,21.35938980439044,20.5,21.5
3439.0,21.15230850159987,21.51402093507692,5.2800744395420836,21.0,0,-0.5140209350769211,21.459545496528214,20.5,21.5
3440.0,21.149134054787456,21.51384053372554,5.278346201920131,21.0,0,-0.5138405337255385,21.512036520211712,20.5,21.5
3441.0,21.145959897216883,21.468566125685918,5.276617752325437,21.0,0,-0.4685661256859177,21.01582204528971,20.5,21.5
3442.0,21.142786028787906,21.436856257021635,5.274889092074293,21.0,0,-0.4368562570216348,21.119757570378805,20.5,21.5
3443.0,21.139612449400563,21.44935925835738,5.273160222483147,21.0,0,-0.44935925835737933,21.574389271714825,20.5,21.5
3444.0,21.13643915895518,21.51704354254406,5.27143114486861,21.0,0,-0.5170435425440587,22.193886384410852,20.5,21.5
3445.0,21.133266157352363,21.50972852122525,5.269701860547446,21.0,0,-0.5097285212252487,21.43657830803715,20.5,21.5
3446.0,21.130093444493003,21.483604588797615,5.267972370836585,21.0,0,-0.4836045887976148,21.222365264521276,20.5,21.5
3447.0,21.12692102027827,21.49318852512235,5.266242677053105,21.0,0,-0.4931885251223491,21.589027888369692,20.5,21.5
3448.0,21.123748884609626,21.454730845620425,5.264512780514244,21.0,0,-0.4547308456204249,21.070154050601182,20.5,21.5
3449.0,21.120577037388806,21.386542263875636,5.262782682537396,21.0,0,-0.3865422638756364,20.70465644642775,20.5,21.5
3450.0,21.117405478517835,21.33785193583443,5.261052384440104,21.0,0,-0.3378519358344292,20.850948655422357,20.5,21.5
3451.0,21.11423420789902,21.313358461756742,5.259321887540064,21.0,0,-0.3133584617567422,21.068423720979872,20.5,21.5
3452.0,21.111063225434947,21.30257349149041,5.257591193155125,21.0,0,-0.3025734914904099,21.194723788827087,20.5,21.5
3453.0,21.10789253102849,21.29091658125731,5.255860302603288,21.0,0,-0.29091658125731,21.17434747892631,20.5,21.5
3454.0,21.104722124582803,21.32519239597429,5.2541292172027,21.0,0,-0.32519239597429106,21.6679505431441,20.5,21.5
3455.0,21.101552006001327,21.366602388089635,5.25239793827166,21.0,0,-0.3666023880896354,21.78070230924308,20.5,21.5
3456.0,21.09838217518778,21.423519870619298,5.250666467128609,21.0,0,-0.4235198706192982,21.992694695915926,20.5,21.5
3457.0,21.095212632046167,21.41064508078222,5.248934805092139,21.0,0,-0.4106450807822206,21.281897182411445,20.5,21.5
3458.0,21.092043376480778,21.492815326646205,5.247202953480985,21.0,0,-0.4928153266462054,22.314517785286053,20.5,21.5
3459.0,21.088874408396176,21.42638210835616,5.24547091361403,21.0,0,-0.42638210835616164,20.762049925455724,20.5,21.5
3460.0,21.08570572769722,21.4175883500997,5.243738686810295,21.0,0,-0.41758835009969886,21.32965076753507,20.5,21.5
3461.0,21.082537334289043,21.375852737995974,5.242006274388948,21.0,0,-0.37585273799597374,20.958496616958723,20.5,21.5
3462.0,21.079369228077063,21.328490438850046,5.240273677669294,21.0,0,-0.3284904388500465,20.854867447390774,20.5,21.5
3463.0,21.07620140896698,21.243617951118246,5.2385408979707835,21.0,1,-0.2436179511182459,20.39489307380024,20.5,21.5
3464.0,21.09303387686478,21.334535322723212,5.236807936613001,21.0,0,-0.3345353227232124,22.243709038772877,20.5,21.5
3465.0,21.08986263167673,21.356669000758163,5.2350747949156755,21.0,0,-0.35666900075816343,21.578005781107674,20.5,21.5
3466.0,21.086691674109378,21.38188410465287,5.233341474198667,21.0,0,-0.3818841046528689,21.634035143599924,20.5,21.5
3467.0,21.083521004069397,21.39891584071993,5.231607975781975,21.0,0,-0.3989158407199298,21.56923320139054,20.5,21.5
3468.0,21.08035062146374,21.437502449734602,5.229874300985733,21.0,0,-0.43750244973460184,21.823368539881322,20.5,21.5
3469.0,21.077180526199644,21.428609885681038,5.228140451130212,21.0,0,-0.42860988568103764,21.339684245145396,20.5,21.5
3470.0,21.07401071818463,21.33422483038467,5.226406427535814,21.0,1,-0.3342248303846702,20.390374277420996,20.5,21.5
3471.0,21.0908411973265,21.282274363409094,5.224672231523071,21.0,1,-0.28227436340909406,20.762769693653333,20.5,21.5
3472.0,21.10766796353334,21.319971744092886,5.222937864412652,21.0,0,-0.31997174409288576,21.696945550930803,20.5,21.5
3473.0,21.104491017513517,21.36868367004194,5.22120332752535,21.0,0,-0.36868367004193914,21.855802929532473,20.5,21.5
3474.0,21.101314359975518,21.313457745918896,5.219468622182091,21.0,0,-0.3134577459188961,20.761198504688466,20.5,21.5
3475.0,21.098137990827958,21.430731254340834,5.217733749703929,21.0,0,-0.43073125434083437,22.603466338560217,20.5,21.5
3476.0,21.094961909979734,21.49747772064963,5.215998711412046,21.0,0,-0.4974777206496306,22.164942383737593,20.5,21.5
3477.0,21.09178611734002,21.508296124470156,5.214263508627749,21.0,0,-0.5082961244701565,21.616480162675415,20.5,21.5
3478.0,21.08861061281828,21.464361507235616,5.212528142672467,21.0,0,-0.46436150723561553,21.025015334890206,20.5,21.5
3479.0,21.08543539632425,21.495849956778862,5.21079261486776,21.0,0,-0.4958499567788621,21.810734452211328,20.5,21.5
3480.0,21.08226046776796,21.505870079536123,5.2090569265353075,21.0,0,-0.5058700795361233,21.606071307108735,20.5,21.5
3481.0,21.079085827059714,21.584280955734044,5.207321078996911,21.0,0,-0.5842809557340445,22.368389717713256,20.5,21.5
3482.0,21.0759114741101,21.552060428294634,5.205585073574493,21.0,0,-0.5520604282946344,21.229855153900534,20.5,21.5
3483.0,21.072737408829994,21.56732842046794,5.203848911590101,21.0,0,-0.5673284204679412,21.72000834220101,20.5,21.5
3484.0,21.069563631130546,21.56368426187575,5.202112594365893,21.0,0,-0.5636842618757498,21.527242675953836,20.5,21.5
3485.0,21.066390140923193,21.511608374811008,5.200376123224153,21.0,0,-0.5116083748110078,20.990849504163588,20.5,21.5
3486.0,21.063216938119652,21.39121421530174,5.198639499487278,21.0,1,-0.3912142153017406,20.187272620209068,20.5,21.5
3487.0,21.080044022631924,21.374853721020557,5.196902724477783,21.0,1,-0.3748537210205569,21.21124877820872,20.5,21.5
3488.0,21.096867394372293,21.35872289289366,5.1951657995183,21.0,1,-0.35872289289365966,21.197414611624687,20.5,21.5
3489.0,21.113687054053322,21.339242533839972,5.193428725931569,21.0,1,-0.3392425338399718,21.144438943303093,20.5,21.5
3490.0,21.130503002387698,21.313964656439165,5.191691505040449,21.0,1,-0.3139646564391647,21.061185882431094,20.5,21.5
3491.0,21.14731524008823,21.330655545445108,5.189954138167908,21.0,1,-0.3306555454451079,21.49756443550454,20.5,21.5
3492.0,21.164123767867846,21.373110920179922,5.188216626637029,21.0,0,-0.3731109201799221,21.797664667528064,20.5,21.5
3493.0,21.1609285864396,21.3951435281572,5.186478971771001,21.0,0,-0.3951435281571989,21.615469607929967,20.5,21.5
3494.0,21.157733696516665,21.40605562447133,5.184741174893124,21.0,0,-0.40605562447132826,21.515176587612622,20.5,21.5
3495.0,21.15453909801234,21.426458130566708,5.183003237326806,21.0,0,-0.4264581305667079,21.630483191520504,20.5,21.5
3496.0,21.151344790840202,21.45497221093658,5.181265160395561,21.0,0,-0.4549722109365817,21.74011301463532,20.5,21.5
3497.0,21.148150774914114,21.452287010188307,5.179526945423011,21.0,0,-0.4522870101883072,21.425435002705562,20.5,21.5
3498.0,21.144957050148218,21.45643578382416,5.177788593732883,21.0,0,-0.4564357838241584,21.49792352018267,20.5,21.5
3499.0,21.141763616456934,21.509886880072145,5.176050106649008,21.0,0,-0.5098868800721448,22.04439784255201,20.5,21.5
3500.0,21.138570473754974,21.58607570620017,5.174311485495317,21.0,0,-0.5860757062001696,22.347963967480418,20.5,21.5
3501.0,21.13537762195732,21.568509181240962,5.172572731595847,21.0,0,-0.5685091812409624,21.39284393164889,20.5,21.5
3502.0,21.13218506097925,21.502511621843624,5.170833846274736,21.0,0,-0.5025116218436239,20.84253602787024,20.5,21.5
3503.0,21.12899279073631,21.460618627370735,5.169094830856218,21.0,0,-0.4606186273707351,21.041688682641848,20.5,21.5
3504.0,21.125800811144334,21.387442351732783,5.167355686664631,21.0,0,-0.3874423517327834,20.655679595353266,20.5,21.5
3505.0,21.12260912211944,21.292776422616477,5.1656164150244095,21.0,1,-0.29277642261647685,20.34611713145341,20.5,21.5
3506.0,21.13941772357802,21.262380684745985,5.1638770172600825,21.0,1,-0.26238068474598464,20.958423306041063,20.5,21.5
3507.0,21.156222615436757,21.274702407093386,5.162137494696277,21.0,1,-0.2747024070933861,21.3979196305674,20.5,21.5
3508.0,21.173023798412608,21.321434391110884,5.160397848657718,21.0,0,-0.3214343911108841,21.788754231285864,20.5,21.5
3509.0,21.169821273222656,21.390853864225548,5.158658080469219,21.0,0,-0.3908538642255479,22.085048595372186,20.5,21.5
3510.0,21.166619040584106,21.40985052686611,5.156918191455691,21.0,0,-0.40985052686610857,21.599817153271715,20.5,21.5
3511.0,21.16341710041428,21.397150223450133,5.155178182942132,21.0,0,-0.39715022345013296,21.270147189290377,20.5,21.5
3512.0,21.160215452630784,21.509497142684488,5.153438056253638,21.0,0,-0.5094971426844879,22.632966335028037,20.5,21.5
3513.0,21.157014097151507,21.515046244570435,5.151697812715389,21.0,0,-0.5150462445704349,21.570537263429905,20.5,21.5
3514.0,21.153813033894618,21.518017781146995,5.149957453652656,21.0,0,-0.5180177811469946,21.54773314691259,20.5,21.5
3515.0,21.15061226277857,21.6414444979698,5.1482169803907984,21.0,0,-0.6414444979698004,22.87571166619786,20.5,21.5
3516.0,21.14741178372209,21.701178958335216,5.146476394255265,21.0,0,-0.7011789583352162,22.298523561989374,20.5,21.5
3517.0,21.144211596644197,21.59727259203285,5.1447356965715825,21.0,0,-0.5972725920328514,20.558208929009204,20.5,21.5
3518.0,21.141011701464183,21.627682637869242,5.142994888665372,21.0,0,-0.6276826378692419,21.931783096233147,20.5,21.5
3519.0,21.137812098101623,21.636951253050242,5.141253971862334,21.0,0,-0.6369512530502419,21.72963740486024,20.5,21.5
3520.0,21.134612786476374,21.602185140284412,5.13951294748825,21.0,0,-0.6021851402844121,21.254524012626113,20.5,21.5
3521.0,21.131413766508576,21.620671749375433,5.13777181686899,21.0,0,-0.6206717493754326,21.805537840285638,20.5,21.5
3522.0,21.128215038118647,21.671971885330112,5.136030581330497,21.0,0,-0.6719718853301124,22.18497324487691,20.5,21.5
3523.0,21.12501660122729,21.62286432386982,5.134289242198799,21.0,0,-0.6228643238698197,21.131788709266893,20.5,21.5
3524.0,21.121818455755484,21.61053060639186,5.1325478008,21.0,0,-0.6105306063918583,21.487193431612244,20.5,21.5
3525.0,21.118620601624492,21.499507820817882,5.130806258460286,21.0,1,-0.4995078208178825,20.389279965078124,20.5,21.5
3526.0,21.13542303875586,21.496432573208047,5.129064616505916,21.0,1,-0.4964325732080468,21.46568009710969,20.5,21.5
3527.0,21.15222176707141,21.4045721056299,5.127322876263226,21.0,1,-0.4045721056298994,20.485967429848426,20.5,21.5
3528.0,21.16901678729325,21.397613735181302,5.125581039058627,21.0,1,-0.3976137351813023,21.32803003069533,20.5,21.5
3529.0,21.1858081001436,21.325267106291513,5.123839106218604,21.0,1,-0.3252671062915127,20.601800817393617,20.5,21.5
3530.0,21.202595706344816,21.35958226959743,5.122097079069714,21.0,0,-0.35958226959742845,21.702733902656586,20.5,21.5
3531.0,21.19937960661936,21.331180144882378,5.120354958938587,21.0,0,-0.3311801448823779,21.047158897731872,20.5,21.5
3532.0,21.196163801689824,21.435648823287682,5.118612747151924,21.0,0,-0.43564882328768206,22.480335607340724,20.5,21.5
3533.0,21.192948291478917,21.508513769770676,5.116870445036493,21.0,0,-0.5085137697706763,22.23716323460062,20.5,21.5
3534.0,21.18973307590963,21.55348081592902,5.115128053919134,21.0,0,-0.5534808159290208,22.003151277512465,20.5,21.5
3535.0,21.18651815490523,21.604811995780192,5.113385575126755,21.0,0,-0.6048119957801923,22.118123794291908,20.5,21.5
3536.0,21.183303528389274,21.588573824175633,5.111643009986328,21.0,0,-0.5885738241756329,21.42619210813004,20.5,21.5
3537.0,21.180089196285593,21.539406876410926,5.109900359824891,21.0,0,-0.5394068764109257,21.047737398763854,20.5,21.5
3538.0,21.1768751585183,21.441055205003128,5.108157625969551,21.0,1,-0.4410552050031278,20.45753849092515,20.5,21.5
3539.0,21.19366141501179,21.441640969862377,5.1064148097474735,21.0,1,-0.44164096986237666,21.447498618454865,20.5,21.5
3540.0,21.210443965690736,21.48356030934871,5.1046719124858875,21.0,0,-0.48356030934871086,21.902753704212053,20.5,21.5
3541.0,21.207222811280094,21.44001184047076,5.102928935512089,21.0,0,-0.4400118404707598,21.00452715169125,20.5,21.5
3542.0,21.20400195250494,21.466462630297784,5.101185880153427,21.0,0,-0.4664626302977837,21.730970528568022,20.5,21.5
3543.0,21.20078138929047,21.49060269013853,5.099442747737316,21.0,0,-0.4906026901385303,21.732003288545997,20.5,21.5
3544.0,21.19756112156216,21.527269143049686,5.097699539591227,21.0,0,-0.5272691430496863,21.893933672161246,20.5,21.5
3545.0,21.194341149245766,21.405264945219887,5.095956257042689,21.0,1,-0.4052649452198871,20.185222966921895,20.5,21.5
3546.0,21.211121472267326,21.512958362722355,5.094212901419285,21.0,0,-0.5129583627223546,22.58989253774703,20.5,21.5
3547.0,21.207898090553158,21.545171554358546,5.092469474048659,21.0,0,-0.5451715543585465,21.867303470720465,20.5,21.5
3548.0,21.204675004829856,21.54167345301326,5.090725976258508,21.0,0,-0.5416734530132601,21.506692439560396,20.5,21.5
3549.0,21.20145221502414,21.53240538900418,5.0889824093765785,21.0,0,-0.5324053890041789,21.439724748913367,20.5,21.5
3550.0,21.19822972106301,21.516873370491886,5.087238774730672,21.0,0,-0.5168733704918864,21.36155318536896,20.5,21.5
3551.0,21.195007522873745,21.410615223246538,5.085495073648644,21.0,1,-0.41061522324653765,20.34803375079305,20.5,21.5
3552.0,21.2117856203839,21.414347316995748,5.0837513074583995,21.0,1,-0.4143473169957481,21.451668254487853,20.5,21.5
3553.0,21.228560013521314,21.385568822699604,5.08200747748789,21.0,1,-0.3855688226996037,21.09778387973816,20.5,21.5
3554.0,21.24533070301411,21.364099825303956,5.08026358506512,21.0,1,-0.36409982530395624,21.14940985134748,20.5,21.5
3555.0,21.26209768959052,21.486645512593878,5.078519631518138,21.0,0,-0.4866455125938778,22.712102385493093,20.5,21.5
3556.0,21.258860973978905,21.57024664716155,5.07677561817504,21.0,0,-0.5702466471615502,22.406257992838274,20.5,21.5
3557.0,21.255624556907744,21.521420354691905,5.075031546363969,21.0,0,-0.5214203546919052,21.033157429995455,20.5,21.5
3558.0,21.252388438305637,21.564733140901076,5.073287417413113,21.0,0,-0.5647331409010761,21.997861002992785,20.5,21.5
3559.0,21.24915261810146,21.598166290129836,5.071543232650699,21.0,0,-0.5981662901298357,21.932497782417432,20.5,21.5
3560.0,21.245917096224368,21.519663275173233,5.069798993405002,21.0,0,-0.5196632751732331,20.734633125607207,20.5,21.5
3561.0,21.242681872603804,21.59502458815379,5.0680547010043355,21.0,0,-0.595024588153791,22.34863771795937,20.5,21.5
3562.0,21.239446947169483,21.56486773651062,5.066310356777053,21.0,0,-0.5648677365106209,21.26329922007892,20.5,21.5
3563.0,21.236212319851404,21.524386537121075,5.064565962051549,21.0,0,-0.5243865371210745,21.11957454322561,20.5,21.5
3564.0,21.232977990579844,21.545074975357142,5.062821518156256,21.0,0,-0.5450749753571422,21.75195935771782,20.5,21.5
3565.0,21.229743959285358,21.627470878208907,5.061077026419646,21.0,0,-0.6274708782089071,22.451429906726556,20.5,21.5
3566.0,21.226510225898785,21.51514932621421,5.059332488170222,21.0,1,-0.5151493262142104,20.391933806267243,20.5,21.5
3567.0,21.24327679035124,21.534393447131993,5.057587904736527,21.0,0,-0.5343934471319933,21.726834656309823,20.5,21.5
3568.0,21.240039652574115,21.590998502057992,5.0558432774471385,21.0,0,-0.5909985020579924,22.157049051317983,20.5,21.5
3569.0,21.23680281329909,21.53531128482979,5.054098607630663,21.0,0,-0.5353112848297883,20.978439112547747,20.5,21.5
3570.0,21.233566272457956,21.48761385984258,5.052353896615746,21.0,0,-0.487613859842579,21.010639609970486,20.5,21.5
3571.0,21.230330029982788,21.52758377700878,5.05060914573106,21.0,0,-0.527583777008779,21.92728294867078,20.5,21.5
3572.0,21.227094085805938,21.56295275538123,5.048864356305307,21.0,0,-0.5629527553812288,21.916642539105727,20.5,21.5
3573.0,21.223858439860038,21.589497486730814,5.047119529667221,21.0,0,-0.5894974867308136,21.85494480022666,20.5,21.5
3574.0,21.220623092078,21.59022328966382,5.045374667145563,21.0,0,-0.5902232896638218,21.597481318993903,20.5,21.5
3575.0,21.217388042393015,21.592126526323053,5.043629770069122,21.0,0,-0.5921265263230531,21.611158892915366,20.5,21.5
3576.0,21.21415329073855,21.583472727369273,5.041884839766714,21.0,0,-0.5834727273692728,21.49693473783147,20.5,21.5
3577.0,21.210918837048357,21.56286976674902,5.040139877567179,21.0,0,-0.5628697667490208,21.3568401605465,20.5,21.5
3578.0,21.20768468125646,21.545140823697828,5.03839488479938,21.0,0,-0.5451408236978281,21.3678513931859,20.5,21.5
3579.0,21.20445082329717,21.602169148015225,5.036649862792205,21.0,0,-0.6021691480152249,22.172452391189193,20.5,21.5
3580.0,21.201217263105068,21.575455773717938,5.034904812874567,21.0,0,-0.5754557737179375,21.308322030745064,20.5,21.5
3581.0,21.197984000615023,21.551950148229924,5.033159736375395,21.0,0,-0.551950148229924,21.31689389334979,20.5,21.5
3582.0,21.194751035762174,21.554995583669054,5.031414634623642,21.0,0,-0.5549955836690543,21.585449938060357,20.5,21.5
3583.0,21.191518368481947,21.563238966080046,5.029669508948277,21.0,0,-0.5632389660800463,21.645672790189966,20.5,21.5
3584.0,21.18828599871004,21.500448419704203,5.02792436067829,21.0,0,-0.5004484197042025,20.872542955945764,20.5,21.5
3585.0,21.185053926382434,21.527707768206437,5.026179191142689,21.0,0,-0.5277077682064366,21.800301253228778,20.5,21.5
3586.0,21.181822151435387,21.54903549756317,5.024434001670494,21.0,0,-0.549035497563171,21.762312791130515,20.5,21.5
3587.0,21.178590673805434,21.51360328047017,5.022688793590746,21.0,0,-0.5136032804701713,21.159281109540174,20.5,21.5
3588.0,21.17535949342939,21.484442080611007,5.020943568232492,21.0,0,-0.48444208061100724,21.192830082019366,20.5,21.5
3589.0,21.17212861024435,21.592237325533738,5.0191983269248,21.0,0,-0.5922373255337376,22.67018977476104,20.5,21.5
3590.0,21.168898024187687,21.595185208823736,5.017453070996748,21.0,0,-0.5951852088237359,21.62466404172372,20.5,21.5
3591.0,21.165667735197047,21.541582106691617,5.015707801777423,21.0,0,-0.5415821066916173,21.00555108537043,20.5,21.5
3592.0,21.162437743210365,21.539993874822336,5.013962520595922,21.0,0,-0.5399938748223363,21.524111556129526,20.5,21.5
3593.0,21.15920804816584,21.48929852676286,5.012217228781357,21.0,0,-0.4892985267628589,20.982345046168085,20.5,21.5
3594.0,21.155978650001963,21.375846574361475,5.01047192766284,21.0,1,-0.37584657436147495,20.241327050347635,20.5,21.5
3595.0,21.172749548657496,21.365421096272534,5.008726618569494,21.0,1,-0.3654210962725344,21.26116631538313,20.5,21.5
3596.0,21.18951674407148,21.38359464027851,5.0069813028304475,21.0,0,-0.38359464027850976,21.565330080338263,20.5,21.5
3597.0,21.18628023698323,21.372836825940723,5.0052359817748355,21.0,0,-0.3728368259407233,21.26525868256286,20.5,21.5
3598.0,21.183044028132187,21.403451464918295,5.003490656731797,21.0,0,-0.40345146491829453,21.709597854694007,20.5,21.5
3599.0,21.179808117457906,21.429729818994865,5.00174532903047,21.0,0,-0.42972981899486484,21.692513359760568,20.5,21.5
